[2026-04-09 01:09:32] local.ERROR: SQLSTATE[42S01]: Base table or view already exists: 1050 Table 'users' already exists (Connection: mysql, SQL: create table `users` (`id` bigint unsigned not null auto_increment primary key, `name` varchar(255) not null, `email` varchar(255) not null, `email_verified_at` timestamp null, `password` varchar(255) not null, `remember_token` varchar(100) null, `created_at` timestamp null, `updated_at` timestamp null) default character set utf8mb4 collate 'utf8mb4_unicode_ci') {"exception":"[object] (Illuminate\\Database\\QueryException(code: 42S01): SQLSTATE[42S01]: Base table or view already exists: 1050 Table 'users' already exists (Connection: mysql, SQL: create table `users` (`id` bigint unsigned not null auto_increment primary key, `name` varchar(255) not null, `email` varchar(255) not null, `email_verified_at` timestamp null, `password` varchar(255) not null, `remember_token` varchar(100) null, `created_at` timestamp null, `updated_at` timestamp null) default character set utf8mb4 collate 'utf8mb4_unicode_ci') at C:/Users/PC/Documents/GitHub/Fawaz_ALharbi_test/backend-laravel/vendor/laravel/framework/src/Illuminate/Database/Connection.php:829)
[stacktrace]
#0 C:/Users/PC/Documents/GitHub/Fawaz_ALharbi_test/backend-laravel/vendor/laravel/framework/src/Illuminate/Database/Connection.php(783): Illuminate/Database/Connection->runQueryCallback('create table `u...', Array, Object(Closure))
#1 C:/Users/PC/Documents/GitHub/Fawaz_ALharbi_test/backend-laravel/vendor/laravel/framework/src/Illuminate/Database/Connection.php(588): Illuminate/Database/Connection->run('create table `u...', Array, Object(Closure))
#2 C:/Users/PC/Documents/GitHub/Fawaz_ALharbi_test/backend-laravel/vendor/laravel/framework/src/Illuminate/Database/Schema/Blueprint.php(110): Illuminate/Database/Connection->statement('create table `u...')
#3 C:/Users/PC/Documents/GitHub/Fawaz_ALharbi_test/backend-laravel/vendor/laravel/framework/src/Illuminate/Database/Schema/Builder.php(602): Illuminate/Database/Schema/Blueprint->build(Object(Illuminate/Database/MySqlConnection), Object(Illuminate/Database/Schema/Grammars/MySqlGrammar))
#4 C:/Users/PC/Documents/GitHub/Fawaz_ALharbi_test/backend-laravel/vendor/laravel/framework/src/Illuminate/Database/Schema/Builder.php(460): Illuminate/Database/Schema/Builder->build(Object(Illuminate/Database/Schema/Blueprint))
#5 C:/Users/PC/Documents/GitHub/Fawaz_ALharbi_test/backend-laravel/vendor/laravel/framework/src/Illuminate/Support/Facades/Facade.php(355): Illuminate/Database/Schema/Builder->create('users', Object(Closure))
#6 C:/Users/PC/Documents/GitHub/Fawaz_ALharbi_test/backend-laravel/database/migrations/2014_10_12_000000_create_users_table.php(22): Illuminate/Support/Facades/Facade::__callStatic('create', Array)
#7 C:/Users/PC/Documents/GitHub/Fawaz_ALharbi_test/backend-laravel/vendor/laravel/framework/src/Illuminate/Database/Migrations/Migrator.php(501): Illuminate/Database/Migrations/Migration@anonymous->up()
#8 C:/Users/PC/Documents/GitHub/Fawaz_ALharbi_test/backend-laravel/vendor/laravel/framework/src/Illuminate/Database/Migrations/Migrator.php(418): Illuminate/Database/Migrations/Migrator->runMethod(Object(Illuminate/Database/MySqlConnection), Object(Illuminate/Database/Migrations/Migration@anonymous), 'up')
#9 C:/Users/PC/Documents/GitHub/Fawaz_ALharbi_test/backend-laravel/vendor/laravel/framework/src/Illuminate/Database/Migrations/Migrator.php(427): Illuminate/Database/Migrations/Migrator->Illuminate/Database/Migrations/{closure}()
#10 C:/Users/PC/Documents/GitHub/Fawaz_ALharbi_test/backend-laravel/vendor/laravel/framework/src/Illuminate/Database/Migrations/Migrator.php(224): Illuminate/Database/Migrations/Migrator->runMigration(Object(Illuminate/Database/Migrations/Migration@anonymous), 'up')
#11 C:/Users/PC/Documents/GitHub/Fawaz_ALharbi_test/backend-laravel/vendor/laravel/framework/src/Illuminate/Console/View/Components/Task.php(37): Illuminate/Database/Migrations/Migrator->Illuminate/Database/Migrations/{closure}()
#12 C:/Users/PC/Documents/GitHub/Fawaz_ALharbi_test/backend-laravel/vendor/laravel/framework/src/Illuminate/Database/Migrations/Migrator.php(783): Illuminate/Console/View/Components/Task->render('2014_10_12_0000...', Object(Closure))
#13 C:/Users/PC/Documents/GitHub/Fawaz_ALharbi_test/backend-laravel/vendor/laravel/framework/src/Illuminate/Database/Migrations/Migrator.php(224): Illuminate/Database/Migrations/Migrator->write('Illuminate//Cons...', '2014_10_12_0000...', Object(Closure))
#14 C:/Users/PC/Documents/GitHub/Fawaz_ALharbi_test/backend-laravel/vendor/laravel/framework/src/Illuminate/Database/Migrations/Migrator.php(189): Illuminate/Database/Migrations/Migrator->runUp('C://Users//PC//Doc...', 1, false)
#15 C:/Users/PC/Documents/GitHub/Fawaz_ALharbi_test/backend-laravel/vendor/laravel/framework/src/Illuminate/Database/Migrations/Migrator.php(132): Illuminate/Database/Migrations/Migrator->runPending(Array, Array)
#16 C:/Users/PC/Documents/GitHub/Fawaz_ALharbi_test/backend-laravel/vendor/laravel/framework/src/Illuminate/Database/Console/Migrations/MigrateCommand.php(92): Illuminate/Database/Migrations/Migrator->run(Array, Array)
#17 C:/Users/PC/Documents/GitHub/Fawaz_ALharbi_test/backend-laravel/vendor/laravel/framework/src/Illuminate/Database/Migrations/Migrator.php(641): Illuminate/Database/Console/Migrations/MigrateCommand->Illuminate/Database/Console/Migrations/{closure}()
#18 C:/Users/PC/Documents/GitHub/Fawaz_ALharbi_test/backend-laravel/vendor/laravel/framework/src/Illuminate/Database/Console/Migrations/MigrateCommand.php(104): Illuminate/Database/Migrations/Migrator->usingConnection(NULL, Object(Closure))
#19 C:/Users/PC/Documents/GitHub/Fawaz_ALharbi_test/backend-laravel/vendor/laravel/framework/src/Illuminate/Container/BoundMethod.php(36): Illuminate/Database/Console/Migrations/MigrateCommand->handle()
#20 C:/Users/PC/Documents/GitHub/Fawaz_ALharbi_test/backend-laravel/vendor/laravel/framework/src/Illuminate/Container/Util.php(41): Illuminate/Container/BoundMethod::Illuminate/Container/{closure}()
#21 C:/Users/PC/Documents/GitHub/Fawaz_ALharbi_test/backend-laravel/vendor/laravel/framework/src/Illuminate/Container/BoundMethod.php(93): Illuminate/Container/Util::unwrapIfClosure(Object(Closure))
#22 C:/Users/PC/Documents/GitHub/Fawaz_ALharbi_test/backend-laravel/vendor/laravel/framework/src/Illuminate/Container/BoundMethod.php(37): Illuminate/Container/BoundMethod::callBoundMethod(Object(Illuminate/Foundation/Application), Array, Object(Closure))
#23 C:/Users/PC/Documents/GitHub/Fawaz_ALharbi_test/backend-laravel/vendor/laravel/framework/src/Illuminate/Container/Container.php(662): Illuminate/Container/BoundMethod::call(Object(Illuminate/Foundation/Application), Array, Array, NULL)
#24 C:/Users/PC/Documents/GitHub/Fawaz_ALharbi_test/backend-laravel/vendor/laravel/framework/src/Illuminate/Console/Command.php(211): Illuminate/Container/Container->call(Array)
#25 C:/Users/PC/Documents/GitHub/Fawaz_ALharbi_test/backend-laravel/vendor/symfony/console/Command/Command.php(326): Illuminate/Console/Command->execute(Object(Symfony/Component/Console/Input/ArgvInput), Object(Illuminate/Console/OutputStyle))
#26 C:/Users/PC/Documents/GitHub/Fawaz_ALharbi_test/backend-laravel/vendor/laravel/framework/src/Illuminate/Console/Command.php(181): Symfony/Component/Console/Command/Command->run(Object(Symfony/Component/Console/Input/ArgvInput), Object(Illuminate/Console/OutputStyle))
#27 C:/Users/PC/Documents/GitHub/Fawaz_ALharbi_test/backend-laravel/vendor/symfony/console/Application.php(1121): Illuminate/Console/Command->run(Object(Symfony/Component/Console/Input/ArgvInput), Object(Symfony/Component/Console/Output/ConsoleOutput))
#28 C:/Users/PC/Documents/GitHub/Fawaz_ALharbi_test/backend-laravel/vendor/symfony/console/Application.php(324): Symfony/Component/Console/Application->doRunCommand(Object(Illuminate/Database/Console/Migrations/MigrateCommand), Object(Symfony/Component/Console/Input/ArgvInput), Object(Symfony/Component/Console/Output/ConsoleOutput))
#29 C:/Users/PC/Documents/GitHub/Fawaz_ALharbi_test/backend-laravel/vendor/symfony/console/Application.php(175): Symfony/Component/Console/Application->doRun(Object(Symfony/Component/Console/Input/ArgvInput), Object(Symfony/Component/Console/Output/ConsoleOutput))
#30 C:/Users/PC/Documents/GitHub/Fawaz_ALharbi_test/backend-laravel/vendor/laravel/framework/src/Illuminate/Foundation/Console/Kernel.php(201): Symfony/Component/Console/Application->run(Object(Symfony/Component/Console/Input/ArgvInput), Object(Symfony/Component/Console/Output/ConsoleOutput))
#31 C:/Users/PC/Documents/GitHub/Fawaz_ALharbi_test/backend-laravel/artisan(37): Illuminate/Foundation/Console/Kernel->handle(Object(Symfony/Component/Console/Input/ArgvInput), Object(Symfony/Component/Console/Output/ConsoleOutput))
#32 {main}

[previous exception] [object] (PDOException(code: 42S01): SQLSTATE[42S01]: Base table or view already exists: 1050 Table 'users' already exists at C:/Users/PC/Documents/GitHub/Fawaz_ALharbi_test/backend-laravel/vendor/laravel/framework/src/Illuminate/Database/Connection.php:587)
[stacktrace]
#0 C:/Users/PC/Documents/GitHub/Fawaz_ALharbi_test/backend-laravel/vendor/laravel/framework/src/Illuminate/Database/Connection.php(587): PDOStatement->execute()
#1 C:/Users/PC/Documents/GitHub/Fawaz_ALharbi_test/backend-laravel/vendor/laravel/framework/src/Illuminate/Database/Connection.php(816): Illuminate/Database/Connection->Illuminate/Database/{closure}('create table `u...', Array)
#2 C:/Users/PC/Documents/GitHub/Fawaz_ALharbi_test/backend-laravel/vendor/laravel/framework/src/Illuminate/Database/Connection.php(783): Illuminate/Database/Connection->runQueryCallback('create table `u...', Array, Object(Closure))
#3 C:/Users/PC/Documents/GitHub/Fawaz_ALharbi_test/backend-laravel/vendor/laravel/framework/src/Illuminate/Database/Connection.php(588): Illuminate/Database/Connection->run('create table `u...', Array, Object(Closure))
#4 C:/Users/PC/Documents/GitHub/Fawaz_ALharbi_test/backend-laravel/vendor/laravel/framework/src/Illuminate/Database/Schema/Blueprint.php(110): Illuminate/Database/Connection->statement('create table `u...')
#5 C:/Users/PC/Documents/GitHub/Fawaz_ALharbi_test/backend-laravel/vendor/laravel/framework/src/Illuminate/Database/Schema/Builder.php(602): Illuminate/Database/Schema/Blueprint->build(Object(Illuminate/Database/MySqlConnection), Object(Illuminate/Database/Schema/Grammars/MySqlGrammar))
#6 C:/Users/PC/Documents/GitHub/Fawaz_ALharbi_test/backend-laravel/vendor/laravel/framework/src/Illuminate/Database/Schema/Builder.php(460): Illuminate/Database/Schema/Builder->build(Object(Illuminate/Database/Schema/Blueprint))
#7 C:/Users/PC/Documents/GitHub/Fawaz_ALharbi_test/backend-laravel/vendor/laravel/framework/src/Illuminate/Support/Facades/Facade.php(355): Illuminate/Database/Schema/Builder->create('users', Object(Closure))
#8 C:/Users/PC/Documents/GitHub/Fawaz_ALharbi_test/backend-laravel/database/migrations/2014_10_12_000000_create_users_table.php(22): Illuminate/Support/Facades/Facade::__callStatic('create', Array)
#9 C:/Users/PC/Documents/GitHub/Fawaz_ALharbi_test/backend-laravel/vendor/laravel/framework/src/Illuminate/Database/Migrations/Migrator.php(501): Illuminate/Database/Migrations/Migration@anonymous->up()
#10 C:/Users/PC/Documents/GitHub/Fawaz_ALharbi_test/backend-laravel/vendor/laravel/framework/src/Illuminate/Database/Migrations/Migrator.php(418): Illuminate/Database/Migrations/Migrator->runMethod(Object(Illuminate/Database/MySqlConnection), Object(Illuminate/Database/Migrations/Migration@anonymous), 'up')
#11 C:/Users/PC/Documents/GitHub/Fawaz_ALharbi_test/backend-laravel/vendor/laravel/framework/src/Illuminate/Database/Migrations/Migrator.php(427): Illuminate/Database/Migrations/Migrator->Illuminate/Database/Migrations/{closure}()
#12 C:/Users/PC/Documents/GitHub/Fawaz_ALharbi_test/backend-laravel/vendor/laravel/framework/src/Illuminate/Database/Migrations/Migrator.php(224): Illuminate/Database/Migrations/Migrator->runMigration(Object(Illuminate/Database/Migrations/Migration@anonymous), 'up')
#13 C:/Users/PC/Documents/GitHub/Fawaz_ALharbi_test/backend-laravel/vendor/laravel/framework/src/Illuminate/Console/View/Components/Task.php(37): Illuminate/Database/Migrations/Migrator->Illuminate/Database/Migrations/{closure}()
#14 C:/Users/PC/Documents/GitHub/Fawaz_ALharbi_test/backend-laravel/vendor/laravel/framework/src/Illuminate/Database/Migrations/Migrator.php(783): Illuminate/Console/View/Components/Task->render('2014_10_12_0000...', Object(Closure))
#15 C:/Users/PC/Documents/GitHub/Fawaz_ALharbi_test/backend-laravel/vendor/laravel/framework/src/Illuminate/Database/Migrations/Migrator.php(224): Illuminate/Database/Migrations/Migrator->write('Illuminate//Cons...', '2014_10_12_0000...', Object(Closure))
#16 C:/Users/PC/Documents/GitHub/Fawaz_ALharbi_test/backend-laravel/vendor/laravel/framework/src/Illuminate/Database/Migrations/Migrator.php(189): Illuminate/Database/Migrations/Migrator->runUp('C://Users//PC//Doc...', 1, false)
#17 C:/Users/PC/Documents/GitHub/Fawaz_ALharbi_test/backend-laravel/vendor/laravel/framework/src/Illuminate/Database/Migrations/Migrator.php(132): Illuminate/Database/Migrations/Migrator->runPending(Array, Array)
#18 C:/Users/PC/Documents/GitHub/Fawaz_ALharbi_test/backend-laravel/vendor/laravel/framework/src/Illuminate/Database/Console/Migrations/MigrateCommand.php(92): Illuminate/Database/Migrations/Migrator->run(Array, Array)
#19 C:/Users/PC/Documents/GitHub/Fawaz_ALharbi_test/backend-laravel/vendor/laravel/framework/src/Illuminate/Database/Migrations/Migrator.php(641): Illuminate/Database/Console/Migrations/MigrateCommand->Illuminate/Database/Console/Migrations/{closure}()
#20 C:/Users/PC/Documents/GitHub/Fawaz_ALharbi_test/backend-laravel/vendor/laravel/framework/src/Illuminate/Database/Console/Migrations/MigrateCommand.php(104): Illuminate/Database/Migrations/Migrator->usingConnection(NULL, Object(Closure))
#21 C:/Users/PC/Documents/GitHub/Fawaz_ALharbi_test/backend-laravel/vendor/laravel/framework/src/Illuminate/Container/BoundMethod.php(36): Illuminate/Database/Console/Migrations/MigrateCommand->handle()
#22 C:/Users/PC/Documents/GitHub/Fawaz_ALharbi_test/backend-laravel/vendor/laravel/framework/src/Illuminate/Container/Util.php(41): Illuminate/Container/BoundMethod::Illuminate/Container/{closure}()
#23 C:/Users/PC/Documents/GitHub/Fawaz_ALharbi_test/backend-laravel/vendor/laravel/framework/src/Illuminate/Container/BoundMethod.php(93): Illuminate/Container/Util::unwrapIfClosure(Object(Closure))
#24 C:/Users/PC/Documents/GitHub/Fawaz_ALharbi_test/backend-laravel/vendor/laravel/framework/src/Illuminate/Container/BoundMethod.php(37): Illuminate/Container/BoundMethod::callBoundMethod(Object(Illuminate/Foundation/Application), Array, Object(Closure))
#25 C:/Users/PC/Documents/GitHub/Fawaz_ALharbi_test/backend-laravel/vendor/laravel/framework/src/Illuminate/Container/Container.php(662): Illuminate/Container/BoundMethod::call(Object(Illuminate/Foundation/Application), Array, Array, NULL)
#26 C:/Users/PC/Documents/GitHub/Fawaz_ALharbi_test/backend-laravel/vendor/laravel/framework/src/Illuminate/Console/Command.php(211): Illuminate/Container/Container->call(Array)
#27 C:/Users/PC/Documents/GitHub/Fawaz_ALharbi_test/backend-laravel/vendor/symfony/console/Command/Command.php(326): Illuminate/Console/Command->execute(Object(Symfony/Component/Console/Input/ArgvInput), Object(Illuminate/Console/OutputStyle))
#28 C:/Users/PC/Documents/GitHub/Fawaz_ALharbi_test/backend-laravel/vendor/laravel/framework/src/Illuminate/Console/Command.php(181): Symfony/Component/Console/Command/Command->run(Object(Symfony/Component/Console/Input/ArgvInput), Object(Illuminate/Console/OutputStyle))
#29 C:/Users/PC/Documents/GitHub/Fawaz_ALharbi_test/backend-laravel/vendor/symfony/console/Application.php(1121): Illuminate/Console/Command->run(Object(Symfony/Component/Console/Input/ArgvInput), Object(Symfony/Component/Console/Output/ConsoleOutput))
#30 C:/Users/PC/Documents/GitHub/Fawaz_ALharbi_test/backend-laravel/vendor/symfony/console/Application.php(324): Symfony/Component/Console/Application->doRunCommand(Object(Illuminate/Database/Console/Migrations/MigrateCommand), Object(Symfony/Component/Console/Input/ArgvInput), Object(Symfony/Component/Console/Output/ConsoleOutput))
#31 C:/Users/PC/Documents/GitHub/Fawaz_ALharbi_test/backend-laravel/vendor/symfony/console/Application.php(175): Symfony/Component/Console/Application->doRun(Object(Symfony/Component/Console/Input/ArgvInput), Object(Symfony/Component/Console/Output/ConsoleOutput))
#32 C:/Users/PC/Documents/GitHub/Fawaz_ALharbi_test/backend-laravel/vendor/laravel/framework/src/Illuminate/Foundation/Console/Kernel.php(201): Symfony/Component/Console/Application->run(Object(Symfony/Component/Console/Input/ArgvInput), Object(Symfony/Component/Console/Output/ConsoleOutput))
#33 C:/Users/PC/Documents/GitHub/Fawaz_ALharbi_test/backend-laravel/artisan(37): Illuminate/Foundation/Console/Kernel->handle(Object(Symfony/Component/Console/Input/ArgvInput), Object(Symfony/Component/Console/Output/ConsoleOutput))
#34 {main}
"} 
[2026-04-09 01:09:37] local.ERROR: The "--skip-if-exists" option does not exist. {"exception":"[object] (Symfony\\Component\\Console\\Exception\\RuntimeException(code: 0): The \"--skip-if-exists\" option does not exist. at C:/Users/PC/Documents/GitHub/Fawaz_ALharbi_test/backend-laravel/vendor/symfony/console/Input/ArgvInput.php:223)
[stacktrace]
#0 C:/Users/PC/Documents/GitHub/Fawaz_ALharbi_test/backend-laravel/vendor/symfony/console/Input/ArgvInput.php(152): Symfony/Component/Console/Input/ArgvInput->addLongOption('skip-if-exists', NULL)
#1 C:/Users/PC/Documents/GitHub/Fawaz_ALharbi_test/backend-laravel/vendor/symfony/console/Input/ArgvInput.php(85): Symfony/Component/Console/Input/ArgvInput->parseLongOption('--skip-if-exist...')
#2 C:/Users/PC/Documents/GitHub/Fawaz_ALharbi_test/backend-laravel/vendor/symfony/console/Input/ArgvInput.php(74): Symfony/Component/Console/Input/ArgvInput->parseToken('--skip-if-exist...', true)
#3 C:/Users/PC/Documents/GitHub/Fawaz_ALharbi_test/backend-laravel/vendor/symfony/console/Input/Input.php(56): Symfony/Component/Console/Input/ArgvInput->parse()
#4 C:/Users/PC/Documents/GitHub/Fawaz_ALharbi_test/backend-laravel/vendor/symfony/console/Command/Command.php(285): Symfony/Component/Console/Input/Input->bind(Object(Symfony/Component/Console/Input/InputDefinition))
#5 C:/Users/PC/Documents/GitHub/Fawaz_ALharbi_test/backend-laravel/vendor/laravel/framework/src/Illuminate/Console/Command.php(181): Symfony/Component/Console/Command/Command->run(Object(Symfony/Component/Console/Input/ArgvInput), Object(Illuminate/Console/OutputStyle))
#6 C:/Users/PC/Documents/GitHub/Fawaz_ALharbi_test/backend-laravel/vendor/symfony/console/Application.php(1121): Illuminate/Console/Command->run(Object(Symfony/Component/Console/Input/ArgvInput), Object(Symfony/Component/Console/Output/ConsoleOutput))
#7 C:/Users/PC/Documents/GitHub/Fawaz_ALharbi_test/backend-laravel/vendor/symfony/console/Application.php(324): Symfony/Component/Console/Application->doRunCommand(Object(Illuminate/Database/Console/Migrations/MigrateCommand), Object(Symfony/Component/Console/Input/ArgvInput), Object(Symfony/Component/Console/Output/ConsoleOutput))
#8 C:/Users/PC/Documents/GitHub/Fawaz_ALharbi_test/backend-laravel/vendor/symfony/console/Application.php(175): Symfony/Component/Console/Application->doRun(Object(Symfony/Component/Console/Input/ArgvInput), Object(Symfony/Component/Console/Output/ConsoleOutput))
#9 C:/Users/PC/Documents/GitHub/Fawaz_ALharbi_test/backend-laravel/vendor/laravel/framework/src/Illuminate/Foundation/Console/Kernel.php(201): Symfony/Component/Console/Application->run(Object(Symfony/Component/Console/Input/ArgvInput), Object(Symfony/Component/Console/Output/ConsoleOutput))
#10 C:/Users/PC/Documents/GitHub/Fawaz_ALharbi_test/backend-laravel/artisan(37): Illuminate/Foundation/Console/Kernel->handle(Object(Symfony/Component/Console/Input/ArgvInput), Object(Symfony/Component/Console/Output/ConsoleOutput))
#11 {main}
"} 
[2026-04-09 01:18:21] local.ERROR: Unexpected end of input {"exception":"[object] (InvalidArgumentException(code: 0): Unexpected end of input at C:/Users/PC/Documents/GitHub/Fawaz_ALharbi_test/backend-laravel/vendor/psy/psysh/src/Shell.php:1475)
[stacktrace]
#0 C:/Users/PC/Documents/GitHub/Fawaz_ALharbi_test/backend-laravel/vendor/psy/psysh/src/Shell.php(2173): Psy/Shell->setCode('echo json_encod...', true)
#1 C:/Users/PC/Documents/GitHub/Fawaz_ALharbi_test/backend-laravel/vendor/laravel/tinker/src/Console/TinkerCommand.php(77): Psy/Shell->execute('echo json_encod...')
#2 C:/Users/PC/Documents/GitHub/Fawaz_ALharbi_test/backend-laravel/vendor/laravel/framework/src/Illuminate/Container/BoundMethod.php(36): Laravel/Tinker/Console/TinkerCommand->handle()
#3 C:/Users/PC/Documents/GitHub/Fawaz_ALharbi_test/backend-laravel/vendor/laravel/framework/src/Illuminate/Container/Util.php(41): Illuminate/Container/BoundMethod::Illuminate/Container/{closure}()
#4 C:/Users/PC/Documents/GitHub/Fawaz_ALharbi_test/backend-laravel/vendor/laravel/framework/src/Illuminate/Container/BoundMethod.php(93): Illuminate/Container/Util::unwrapIfClosure(Object(Closure))
#5 C:/Users/PC/Documents/GitHub/Fawaz_ALharbi_test/backend-laravel/vendor/laravel/framework/src/Illuminate/Container/BoundMethod.php(37): Illuminate/Container/BoundMethod::callBoundMethod(Object(Illuminate/Foundation/Application), Array, Object(Closure))
#6 C:/Users/PC/Documents/GitHub/Fawaz_ALharbi_test/backend-laravel/vendor/laravel/framework/src/Illuminate/Container/Container.php(662): Illuminate/Container/BoundMethod::call(Object(Illuminate/Foundation/Application), Array, Array, NULL)
#7 C:/Users/PC/Documents/GitHub/Fawaz_ALharbi_test/backend-laravel/vendor/laravel/framework/src/Illuminate/Console/Command.php(211): Illuminate/Container/Container->call(Array)
#8 C:/Users/PC/Documents/GitHub/Fawaz_ALharbi_test/backend-laravel/vendor/symfony/console/Command/Command.php(326): Illuminate/Console/Command->execute(Object(Symfony/Component/Console/Input/ArgvInput), Object(Illuminate/Console/OutputStyle))
#9 C:/Users/PC/Documents/GitHub/Fawaz_ALharbi_test/backend-laravel/vendor/laravel/framework/src/Illuminate/Console/Command.php(181): Symfony/Component/Console/Command/Command->run(Object(Symfony/Component/Console/Input/ArgvInput), Object(Illuminate/Console/OutputStyle))
#10 C:/Users/PC/Documents/GitHub/Fawaz_ALharbi_test/backend-laravel/vendor/symfony/console/Application.php(1121): Illuminate/Console/Command->run(Object(Symfony/Component/Console/Input/ArgvInput), Object(Symfony/Component/Console/Output/ConsoleOutput))
#11 C:/Users/PC/Documents/GitHub/Fawaz_ALharbi_test/backend-laravel/vendor/symfony/console/Application.php(324): Symfony/Component/Console/Application->doRunCommand(Object(Laravel/Tinker/Console/TinkerCommand), Object(Symfony/Component/Console/Input/ArgvInput), Object(Symfony/Component/Console/Output/ConsoleOutput))
#12 C:/Users/PC/Documents/GitHub/Fawaz_ALharbi_test/backend-laravel/vendor/symfony/console/Application.php(175): Symfony/Component/Console/Application->doRun(Object(Symfony/Component/Console/Input/ArgvInput), Object(Symfony/Component/Console/Output/ConsoleOutput))
#13 C:/Users/PC/Documents/GitHub/Fawaz_ALharbi_test/backend-laravel/vendor/laravel/framework/src/Illuminate/Foundation/Console/Kernel.php(201): Symfony/Component/Console/Application->run(Object(Symfony/Component/Console/Input/ArgvInput), Object(Symfony/Component/Console/Output/ConsoleOutput))
#14 C:/Users/PC/Documents/GitHub/Fawaz_ALharbi_test/backend-laravel/artisan(37): Illuminate/Foundation/Console/Kernel->handle(Object(Symfony/Component/Console/Input/ArgvInput), Object(Symfony/Component/Console/Output/ConsoleOutput))
#15 {main}
"} 
[2026-04-09 01:18:35] local.ERROR: Class "App\Models\AuditLog" not found {"exception":"[object] (Error(code: 0): Class \"App\\Models\\AuditLog\" not found at C:/Users/PC/Documents/GitHub/Fawaz_ALharbi_test/backend-laravel/app/Http/Controllers/Api/AuthController.php:40)
[stacktrace]
#0 C:/Users/PC/Documents/GitHub/Fawaz_ALharbi_test/backend-laravel/vendor/laravel/framework/src/Illuminate/Routing/Controller.php(54): App/Http/Controllers/Api/AuthController->login(Object(Illuminate/Http/Request))
#1 C:/Users/PC/Documents/GitHub/Fawaz_ALharbi_test/backend-laravel/vendor/laravel/framework/src/Illuminate/Routing/ControllerDispatcher.php(43): Illuminate/Routing/Controller->callAction('login', Array)
#2 C:/Users/PC/Documents/GitHub/Fawaz_ALharbi_test/backend-laravel/vendor/laravel/framework/src/Illuminate/Routing/Route.php(260): Illuminate/Routing/ControllerDispatcher->dispatch(Object(Illuminate/Routing/Route), Object(App/Http/Controllers/Api/AuthController), 'login')
#3 C:/Users/PC/Documents/GitHub/Fawaz_ALharbi_test/backend-laravel/vendor/laravel/framework/src/Illuminate/Routing/Route.php(205): Illuminate/Routing/Route->runController()
#4 C:/Users/PC/Documents/GitHub/Fawaz_ALharbi_test/backend-laravel/vendor/laravel/framework/src/Illuminate/Routing/Router.php(806): Illuminate/Routing/Route->run()
#5 C:/Users/PC/Documents/GitHub/Fawaz_ALharbi_test/backend-laravel/vendor/laravel/framework/src/Illuminate/Pipeline/Pipeline.php(144): Illuminate/Routing/Router->Illuminate/Routing/{closure}(Object(Illuminate/Http/Request))
#6 C:/Users/PC/Documents/GitHub/Fawaz_ALharbi_test/backend-laravel/vendor/laravel/framework/src/Illuminate/Routing/Middleware/SubstituteBindings.php(50): Illuminate/Pipeline/Pipeline->Illuminate/Pipeline/{closure}(Object(Illuminate/Http/Request))
#7 C:/Users/PC/Documents/GitHub/Fawaz_ALharbi_test/backend-laravel/vendor/laravel/framework/src/Illuminate/Pipeline/Pipeline.php(183): Illuminate/Routing/Middleware/SubstituteBindings->handle(Object(Illuminate/Http/Request), Object(Closure))
#8 C:/Users/PC/Documents/GitHub/Fawaz_ALharbi_test/backend-laravel/vendor/laravel/framework/src/Illuminate/Routing/Middleware/ThrottleRequests.php(159): Illuminate/Pipeline/Pipeline->Illuminate/Pipeline/{closure}(Object(Illuminate/Http/Request))
#9 C:/Users/PC/Documents/GitHub/Fawaz_ALharbi_test/backend-laravel/vendor/laravel/framework/src/Illuminate/Routing/Middleware/ThrottleRequests.php(135): Illuminate/Routing/Middleware/ThrottleRequests->handleRequest(Object(Illuminate/Http/Request), Object(Closure), Array)
#10 C:/Users/PC/Documents/GitHub/Fawaz_ALharbi_test/backend-laravel/vendor/laravel/framework/src/Illuminate/Routing/Middleware/ThrottleRequests.php(87): Illuminate/Routing/Middleware/ThrottleRequests->handleRequestUsingNamedLimiter(Object(Illuminate/Http/Request), Object(Closure), 'api', Object(Closure))
#11 C:/Users/PC/Documents/GitHub/Fawaz_ALharbi_test/backend-laravel/vendor/laravel/framework/src/Illuminate/Pipeline/Pipeline.php(183): Illuminate/Routing/Middleware/ThrottleRequests->handle(Object(Illuminate/Http/Request), Object(Closure), 'api')
#12 C:/Users/PC/Documents/GitHub/Fawaz_ALharbi_test/backend-laravel/vendor/laravel/framework/src/Illuminate/Pipeline/Pipeline.php(119): Illuminate/Pipeline/Pipeline->Illuminate/Pipeline/{closure}(Object(Illuminate/Http/Request))
#13 C:/Users/PC/Documents/GitHub/Fawaz_ALharbi_test/backend-laravel/vendor/laravel/framework/src/Illuminate/Routing/Router.php(807): Illuminate/Pipeline/Pipeline->then(Object(Closure))
#14 C:/Users/PC/Documents/GitHub/Fawaz_ALharbi_test/backend-laravel/vendor/laravel/framework/src/Illuminate/Routing/Router.php(784): Illuminate/Routing/Router->runRouteWithinStack(Object(Illuminate/Routing/Route), Object(Illuminate/Http/Request))
#15 C:/Users/PC/Documents/GitHub/Fawaz_ALharbi_test/backend-laravel/vendor/laravel/framework/src/Illuminate/Routing/Router.php(748): Illuminate/Routing/Router->runRoute(Object(Illuminate/Http/Request), Object(Illuminate/Routing/Route))
#16 C:/Users/PC/Documents/GitHub/Fawaz_ALharbi_test/backend-laravel/vendor/laravel/framework/src/Illuminate/Routing/Router.php(737): Illuminate/Routing/Router->dispatchToRoute(Object(Illuminate/Http/Request))
#17 C:/Users/PC/Documents/GitHub/Fawaz_ALharbi_test/backend-laravel/vendor/laravel/framework/src/Illuminate/Foundation/Http/Kernel.php(200): Illuminate/Routing/Router->dispatch(Object(Illuminate/Http/Request))
#18 C:/Users/PC/Documents/GitHub/Fawaz_ALharbi_test/backend-laravel/vendor/laravel/framework/src/Illuminate/Pipeline/Pipeline.php(144): Illuminate/Foundation/Http/Kernel->Illuminate/Foundation/Http/{closure}(Object(Illuminate/Http/Request))
#19 C:/Users/PC/Documents/GitHub/Fawaz_ALharbi_test/backend-laravel/vendor/laravel/framework/src/Illuminate/Foundation/Http/Middleware/TransformsRequest.php(21): Illuminate/Pipeline/Pipeline->Illuminate/Pipeline/{closure}(Object(Illuminate/Http/Request))
#20 C:/Users/PC/Documents/GitHub/Fawaz_ALharbi_test/backend-laravel/vendor/laravel/framework/src/Illuminate/Foundation/Http/Middleware/ConvertEmptyStringsToNull.php(31): Illuminate/Foundation/Http/Middleware/TransformsRequest->handle(Object(Illuminate/Http/Request), Object(Closure))
#21 C:/Users/PC/Documents/GitHub/Fawaz_ALharbi_test/backend-laravel/vendor/laravel/framework/src/Illuminate/Pipeline/Pipeline.php(183): Illuminate/Foundation/Http/Middleware/ConvertEmptyStringsToNull->handle(Object(Illuminate/Http/Request), Object(Closure))
#22 C:/Users/PC/Documents/GitHub/Fawaz_ALharbi_test/backend-laravel/vendor/laravel/framework/src/Illuminate/Foundation/Http/Middleware/TransformsRequest.php(21): Illuminate/Pipeline/Pipeline->Illuminate/Pipeline/{closure}(Object(Illuminate/Http/Request))
#23 C:/Users/PC/Documents/GitHub/Fawaz_ALharbi_test/backend-laravel/vendor/laravel/framework/src/Illuminate/Foundation/Http/Middleware/TrimStrings.php(40): Illuminate/Foundation/Http/Middleware/TransformsRequest->handle(Object(Illuminate/Http/Request), Object(Closure))
#24 C:/Users/PC/Documents/GitHub/Fawaz_ALharbi_test/backend-laravel/vendor/laravel/framework/src/Illuminate/Pipeline/Pipeline.php(183): Illuminate/Foundation/Http/Middleware/TrimStrings->handle(Object(Illuminate/Http/Request), Object(Closure))
#25 C:/Users/PC/Documents/GitHub/Fawaz_ALharbi_test/backend-laravel/vendor/laravel/framework/src/Illuminate/Foundation/Http/Middleware/ValidatePostSize.php(27): Illuminate/Pipeline/Pipeline->Illuminate/Pipeline/{closure}(Object(Illuminate/Http/Request))
#26 C:/Users/PC/Documents/GitHub/Fawaz_ALharbi_test/backend-laravel/vendor/laravel/framework/src/Illuminate/Pipeline/Pipeline.php(183): Illuminate/Foundation/Http/Middleware/ValidatePostSize->handle(Object(Illuminate/Http/Request), Object(Closure))
#27 C:/Users/PC/Documents/GitHub/Fawaz_ALharbi_test/backend-laravel/vendor/laravel/framework/src/Illuminate/Foundation/Http/Middleware/PreventRequestsDuringMaintenance.php(99): Illuminate/Pipeline/Pipeline->Illuminate/Pipeline/{closure}(Object(Illuminate/Http/Request))
#28 C:/Users/PC/Documents/GitHub/Fawaz_ALharbi_test/backend-laravel/vendor/laravel/framework/src/Illuminate/Pipeline/Pipeline.php(183): Illuminate/Foundation/Http/Middleware/PreventRequestsDuringMaintenance->handle(Object(Illuminate/Http/Request), Object(Closure))
#29 C:/Users/PC/Documents/GitHub/Fawaz_ALharbi_test/backend-laravel/vendor/laravel/framework/src/Illuminate/Http/Middleware/HandleCors.php(62): Illuminate/Pipeline/Pipeline->Illuminate/Pipeline/{closure}(Object(Illuminate/Http/Request))
#30 C:/Users/PC/Documents/GitHub/Fawaz_ALharbi_test/backend-laravel/vendor/laravel/framework/src/Illuminate/Pipeline/Pipeline.php(183): Illuminate/Http/Middleware/HandleCors->handle(Object(Illuminate/Http/Request), Object(Closure))
#31 C:/Users/PC/Documents/GitHub/Fawaz_ALharbi_test/backend-laravel/vendor/laravel/framework/src/Illuminate/Http/Middleware/TrustProxies.php(39): Illuminate/Pipeline/Pipeline->Illuminate/Pipeline/{closure}(Object(Illuminate/Http/Request))
#32 C:/Users/PC/Documents/GitHub/Fawaz_ALharbi_test/backend-laravel/vendor/laravel/framework/src/Illuminate/Pipeline/Pipeline.php(183): Illuminate/Http/Middleware/TrustProxies->handle(Object(Illuminate/Http/Request), Object(Closure))
#33 C:/Users/PC/Documents/GitHub/Fawaz_ALharbi_test/backend-laravel/vendor/laravel/framework/src/Illuminate/Pipeline/Pipeline.php(119): Illuminate/Pipeline/Pipeline->Illuminate/Pipeline/{closure}(Object(Illuminate/Http/Request))
#34 C:/Users/PC/Documents/GitHub/Fawaz_ALharbi_test/backend-laravel/vendor/laravel/framework/src/Illuminate/Foundation/Http/Kernel.php(175): Illuminate/Pipeline/Pipeline->then(Object(Closure))
#35 C:/Users/PC/Documents/GitHub/Fawaz_ALharbi_test/backend-laravel/vendor/laravel/framework/src/Illuminate/Foundation/Http/Kernel.php(144): Illuminate/Foundation/Http/Kernel->sendRequestThroughRouter(Object(Illuminate/Http/Request))
#36 C:/Users/PC/Documents/GitHub/Fawaz_ALharbi_test/backend-laravel/public/index.php(52): Illuminate/Foundation/Http/Kernel->handle(Object(Illuminate/Http/Request))
#37 C:/Users/PC/Documents/GitHub/Fawaz_ALharbi_test/backend-laravel/vendor/laravel/framework/src/Illuminate/Foundation/resources/server.php(16): require_once('C://Users//PC//Doc...')
#38 {main}
"} 
[2026-04-09 01:19:36] local.ERROR: SQLSTATE[42S22]: Column not found: 1054 Unknown column 'updated_at' in 'field list' (Connection: mysql, SQL: insert into `audit_logs` (`user_id`, `tenant_id`, `action`, `ip_address`, `user_agent`, `updated_at`, `created_at`) values (1, 1, login, 127.0.0.1, Mozilla/5.0 (Windows NT; Windows NT 10.0; en-US) WindowsPowerShell/5.1.26100.7920, 2026-04-09 01:19:36, 2026-04-09 01:19:36)) {"exception":"[object] (Illuminate\\Database\\QueryException(code: 42S22): SQLSTATE[42S22]: Column not found: 1054 Unknown column 'updated_at' in 'field list' (Connection: mysql, SQL: insert into `audit_logs` (`user_id`, `tenant_id`, `action`, `ip_address`, `user_agent`, `updated_at`, `created_at`) values (1, 1, login, 127.0.0.1, Mozilla/5.0 (Windows NT; Windows NT 10.0; en-US) WindowsPowerShell/5.1.26100.7920, 2026-04-09 01:19:36, 2026-04-09 01:19:36)) at C:/Users/PC/Documents/GitHub/Fawaz_ALharbi_test/backend-laravel/vendor/laravel/framework/src/Illuminate/Database/Connection.php:829)
[stacktrace]
#0 C:/Users/PC/Documents/GitHub/Fawaz_ALharbi_test/backend-laravel/vendor/laravel/framework/src/Illuminate/Database/Connection.php(783): Illuminate/Database/Connection->runQueryCallback('insert into `au...', Array, Object(Closure))
#1 C:/Users/PC/Documents/GitHub/Fawaz_ALharbi_test/backend-laravel/vendor/laravel/framework/src/Illuminate/Database/MySqlConnection.php(50): Illuminate/Database/Connection->run('insert into `au...', Array, Object(Closure))
#2 C:/Users/PC/Documents/GitHub/Fawaz_ALharbi_test/backend-laravel/vendor/laravel/framework/src/Illuminate/Database/Query/Processors/MySqlProcessor.php(35): Illuminate/Database/MySqlConnection->insert('insert into `au...', Array, 'id')
#3 C:/Users/PC/Documents/GitHub/Fawaz_ALharbi_test/backend-laravel/vendor/laravel/framework/src/Illuminate/Database/Query/Builder.php(3549): Illuminate/Database/Query/Processors/MySqlProcessor->processInsertGetId(Object(Illuminate/Database/Query/Builder), 'insert into `au...', Array, 'id')
#4 C:/Users/PC/Documents/GitHub/Fawaz_ALharbi_test/backend-laravel/vendor/laravel/framework/src/Illuminate/Database/Eloquent/Builder.php(1982): Illuminate/Database/Query/Builder->insertGetId(Array, 'id')
#5 C:/Users/PC/Documents/GitHub/Fawaz_ALharbi_test/backend-laravel/vendor/laravel/framework/src/Illuminate/Database/Eloquent/Model.php(1334): Illuminate/Database/Eloquent/Builder->__call('insertGetId', Array)
#6 C:/Users/PC/Documents/GitHub/Fawaz_ALharbi_test/backend-laravel/vendor/laravel/framework/src/Illuminate/Database/Eloquent/Model.php(1299): Illuminate/Database/Eloquent/Model->insertAndSetId(Object(Illuminate/Database/Eloquent/Builder), Array)
#7 C:/Users/PC/Documents/GitHub/Fawaz_ALharbi_test/backend-laravel/vendor/laravel/framework/src/Illuminate/Database/Eloquent/Model.php(1138): Illuminate/Database/Eloquent/Model->performInsert(Object(Illuminate/Database/Eloquent/Builder))
#8 C:/Users/PC/Documents/GitHub/Fawaz_ALharbi_test/backend-laravel/vendor/laravel/framework/src/Illuminate/Database/Eloquent/Builder.php(1025): Illuminate/Database/Eloquent/Model->save()
#9 C:/Users/PC/Documents/GitHub/Fawaz_ALharbi_test/backend-laravel/vendor/laravel/framework/src/Illuminate/Support/helpers.php(320): Illuminate/Database/Eloquent/Builder->Illuminate/Database/Eloquent/{closure}(Object(App/Models/AuditLog))
#10 C:/Users/PC/Documents/GitHub/Fawaz_ALharbi_test/backend-laravel/vendor/laravel/framework/src/Illuminate/Database/Eloquent/Builder.php(1026): tap(Object(App/Models/AuditLog), Object(Closure))
#11 C:/Users/PC/Documents/GitHub/Fawaz_ALharbi_test/backend-laravel/vendor/laravel/framework/src/Illuminate/Support/Traits/ForwardsCalls.php(23): Illuminate/Database/Eloquent/Builder->create(Array)
#12 C:/Users/PC/Documents/GitHub/Fawaz_ALharbi_test/backend-laravel/vendor/laravel/framework/src/Illuminate/Database/Eloquent/Model.php(2335): Illuminate/Database/Eloquent/Model->forwardCallTo(Object(Illuminate/Database/Eloquent/Builder), 'create', Array)
#13 C:/Users/PC/Documents/GitHub/Fawaz_ALharbi_test/backend-laravel/vendor/laravel/framework/src/Illuminate/Database/Eloquent/Model.php(2347): Illuminate/Database/Eloquent/Model->__call('create', Array)
#14 C:/Users/PC/Documents/GitHub/Fawaz_ALharbi_test/backend-laravel/app/Http/Controllers/Api/AuthController.php(45): Illuminate/Database/Eloquent/Model::__callStatic('create', Array)
#15 C:/Users/PC/Documents/GitHub/Fawaz_ALharbi_test/backend-laravel/vendor/laravel/framework/src/Illuminate/Routing/Controller.php(54): App/Http/Controllers/Api/AuthController->login(Object(Illuminate/Http/Request))
#16 C:/Users/PC/Documents/GitHub/Fawaz_ALharbi_test/backend-laravel/vendor/laravel/framework/src/Illuminate/Routing/ControllerDispatcher.php(43): Illuminate/Routing/Controller->callAction('login', Array)
#17 C:/Users/PC/Documents/GitHub/Fawaz_ALharbi_test/backend-laravel/vendor/laravel/framework/src/Illuminate/Routing/Route.php(260): Illuminate/Routing/ControllerDispatcher->dispatch(Object(Illuminate/Routing/Route), Object(App/Http/Controllers/Api/AuthController), 'login')
#18 C:/Users/PC/Documents/GitHub/Fawaz_ALharbi_test/backend-laravel/vendor/laravel/framework/src/Illuminate/Routing/Route.php(205): Illuminate/Routing/Route->runController()
#19 C:/Users/PC/Documents/GitHub/Fawaz_ALharbi_test/backend-laravel/vendor/laravel/framework/src/Illuminate/Routing/Router.php(806): Illuminate/Routing/Route->run()
#20 C:/Users/PC/Documents/GitHub/Fawaz_ALharbi_test/backend-laravel/vendor/laravel/framework/src/Illuminate/Pipeline/Pipeline.php(144): Illuminate/Routing/Router->Illuminate/Routing/{closure}(Object(Illuminate/Http/Request))
#21 C:/Users/PC/Documents/GitHub/Fawaz_ALharbi_test/backend-laravel/vendor/laravel/framework/src/Illuminate/Routing/Middleware/SubstituteBindings.php(50): Illuminate/Pipeline/Pipeline->Illuminate/Pipeline/{closure}(Object(Illuminate/Http/Request))
#22 C:/Users/PC/Documents/GitHub/Fawaz_ALharbi_test/backend-laravel/vendor/laravel/framework/src/Illuminate/Pipeline/Pipeline.php(183): Illuminate/Routing/Middleware/SubstituteBindings->handle(Object(Illuminate/Http/Request), Object(Closure))
#23 C:/Users/PC/Documents/GitHub/Fawaz_ALharbi_test/backend-laravel/vendor/laravel/framework/src/Illuminate/Routing/Middleware/ThrottleRequests.php(159): Illuminate/Pipeline/Pipeline->Illuminate/Pipeline/{closure}(Object(Illuminate/Http/Request))
#24 C:/Users/PC/Documents/GitHub/Fawaz_ALharbi_test/backend-laravel/vendor/laravel/framework/src/Illuminate/Routing/Middleware/ThrottleRequests.php(135): Illuminate/Routing/Middleware/ThrottleRequests->handleRequest(Object(Illuminate/Http/Request), Object(Closure), Array)
#25 C:/Users/PC/Documents/GitHub/Fawaz_ALharbi_test/backend-laravel/vendor/laravel/framework/src/Illuminate/Routing/Middleware/ThrottleRequests.php(87): Illuminate/Routing/Middleware/ThrottleRequests->handleRequestUsingNamedLimiter(Object(Illuminate/Http/Request), Object(Closure), 'api', Object(Closure))
#26 C:/Users/PC/Documents/GitHub/Fawaz_ALharbi_test/backend-laravel/vendor/laravel/framework/src/Illuminate/Pipeline/Pipeline.php(183): Illuminate/Routing/Middleware/ThrottleRequests->handle(Object(Illuminate/Http/Request), Object(Closure), 'api')
#27 C:/Users/PC/Documents/GitHub/Fawaz_ALharbi_test/backend-laravel/vendor/laravel/framework/src/Illuminate/Pipeline/Pipeline.php(119): Illuminate/Pipeline/Pipeline->Illuminate/Pipeline/{closure}(Object(Illuminate/Http/Request))
#28 C:/Users/PC/Documents/GitHub/Fawaz_ALharbi_test/backend-laravel/vendor/laravel/framework/src/Illuminate/Routing/Router.php(807): Illuminate/Pipeline/Pipeline->then(Object(Closure))
#29 C:/Users/PC/Documents/GitHub/Fawaz_ALharbi_test/backend-laravel/vendor/laravel/framework/src/Illuminate/Routing/Router.php(784): Illuminate/Routing/Router->runRouteWithinStack(Object(Illuminate/Routing/Route), Object(Illuminate/Http/Request))
#30 C:/Users/PC/Documents/GitHub/Fawaz_ALharbi_test/backend-laravel/vendor/laravel/framework/src/Illuminate/Routing/Router.php(748): Illuminate/Routing/Router->runRoute(Object(Illuminate/Http/Request), Object(Illuminate/Routing/Route))
#31 C:/Users/PC/Documents/GitHub/Fawaz_ALharbi_test/backend-laravel/vendor/laravel/framework/src/Illuminate/Routing/Router.php(737): Illuminate/Routing/Router->dispatchToRoute(Object(Illuminate/Http/Request))
#32 C:/Users/PC/Documents/GitHub/Fawaz_ALharbi_test/backend-laravel/vendor/laravel/framework/src/Illuminate/Foundation/Http/Kernel.php(200): Illuminate/Routing/Router->dispatch(Object(Illuminate/Http/Request))
#33 C:/Users/PC/Documents/GitHub/Fawaz_ALharbi_test/backend-laravel/vendor/laravel/framework/src/Illuminate/Pipeline/Pipeline.php(144): Illuminate/Foundation/Http/Kernel->Illuminate/Foundation/Http/{closure}(Object(Illuminate/Http/Request))
#34 C:/Users/PC/Documents/GitHub/Fawaz_ALharbi_test/backend-laravel/vendor/laravel/framework/src/Illuminate/Foundation/Http/Middleware/TransformsRequest.php(21): Illuminate/Pipeline/Pipeline->Illuminate/Pipeline/{closure}(Object(Illuminate/Http/Request))
#35 C:/Users/PC/Documents/GitHub/Fawaz_ALharbi_test/backend-laravel/vendor/laravel/framework/src/Illuminate/Foundation/Http/Middleware/ConvertEmptyStringsToNull.php(31): Illuminate/Foundation/Http/Middleware/TransformsRequest->handle(Object(Illuminate/Http/Request), Object(Closure))
#36 C:/Users/PC/Documents/GitHub/Fawaz_ALharbi_test/backend-laravel/vendor/laravel/framework/src/Illuminate/Pipeline/Pipeline.php(183): Illuminate/Foundation/Http/Middleware/ConvertEmptyStringsToNull->handle(Object(Illuminate/Http/Request), Object(Closure))
#37 C:/Users/PC/Documents/GitHub/Fawaz_ALharbi_test/backend-laravel/vendor/laravel/framework/src/Illuminate/Foundation/Http/Middleware/TransformsRequest.php(21): Illuminate/Pipeline/Pipeline->Illuminate/Pipeline/{closure}(Object(Illuminate/Http/Request))
#38 C:/Users/PC/Documents/GitHub/Fawaz_ALharbi_test/backend-laravel/vendor/laravel/framework/src/Illuminate/Foundation/Http/Middleware/TrimStrings.php(40): Illuminate/Foundation/Http/Middleware/TransformsRequest->handle(Object(Illuminate/Http/Request), Object(Closure))
#39 C:/Users/PC/Documents/GitHub/Fawaz_ALharbi_test/backend-laravel/vendor/laravel/framework/src/Illuminate/Pipeline/Pipeline.php(183): Illuminate/Foundation/Http/Middleware/TrimStrings->handle(Object(Illuminate/Http/Request), Object(Closure))
#40 C:/Users/PC/Documents/GitHub/Fawaz_ALharbi_test/backend-laravel/vendor/laravel/framework/src/Illuminate/Foundation/Http/Middleware/ValidatePostSize.php(27): Illuminate/Pipeline/Pipeline->Illuminate/Pipeline/{closure}(Object(Illuminate/Http/Request))
#41 C:/Users/PC/Documents/GitHub/Fawaz_ALharbi_test/backend-laravel/vendor/laravel/framework/src/Illuminate/Pipeline/Pipeline.php(183): Illuminate/Foundation/Http/Middleware/ValidatePostSize->handle(Object(Illuminate/Http/Request), Object(Closure))
#42 C:/Users/PC/Documents/GitHub/Fawaz_ALharbi_test/backend-laravel/vendor/laravel/framework/src/Illuminate/Foundation/Http/Middleware/PreventRequestsDuringMaintenance.php(99): Illuminate/Pipeline/Pipeline->Illuminate/Pipeline/{closure}(Object(Illuminate/Http/Request))
#43 C:/Users/PC/Documents/GitHub/Fawaz_ALharbi_test/backend-laravel/vendor/laravel/framework/src/Illuminate/Pipeline/Pipeline.php(183): Illuminate/Foundation/Http/Middleware/PreventRequestsDuringMaintenance->handle(Object(Illuminate/Http/Request), Object(Closure))
#44 C:/Users/PC/Documents/GitHub/Fawaz_ALharbi_test/backend-laravel/vendor/laravel/framework/src/Illuminate/Http/Middleware/HandleCors.php(62): Illuminate/Pipeline/Pipeline->Illuminate/Pipeline/{closure}(Object(Illuminate/Http/Request))
#45 C:/Users/PC/Documents/GitHub/Fawaz_ALharbi_test/backend-laravel/vendor/laravel/framework/src/Illuminate/Pipeline/Pipeline.php(183): Illuminate/Http/Middleware/HandleCors->handle(Object(Illuminate/Http/Request), Object(Closure))
#46 C:/Users/PC/Documents/GitHub/Fawaz_ALharbi_test/backend-laravel/vendor/laravel/framework/src/Illuminate/Http/Middleware/TrustProxies.php(39): Illuminate/Pipeline/Pipeline->Illuminate/Pipeline/{closure}(Object(Illuminate/Http/Request))
#47 C:/Users/PC/Documents/GitHub/Fawaz_ALharbi_test/backend-laravel/vendor/laravel/framework/src/Illuminate/Pipeline/Pipeline.php(183): Illuminate/Http/Middleware/TrustProxies->handle(Object(Illuminate/Http/Request), Object(Closure))
#48 C:/Users/PC/Documents/GitHub/Fawaz_ALharbi_test/backend-laravel/vendor/laravel/framework/src/Illuminate/Pipeline/Pipeline.php(119): Illuminate/Pipeline/Pipeline->Illuminate/Pipeline/{closure}(Object(Illuminate/Http/Request))
#49 C:/Users/PC/Documents/GitHub/Fawaz_ALharbi_test/backend-laravel/vendor/laravel/framework/src/Illuminate/Foundation/Http/Kernel.php(175): Illuminate/Pipeline/Pipeline->then(Object(Closure))
#50 C:/Users/PC/Documents/GitHub/Fawaz_ALharbi_test/backend-laravel/vendor/laravel/framework/src/Illuminate/Foundation/Http/Kernel.php(144): Illuminate/Foundation/Http/Kernel->sendRequestThroughRouter(Object(Illuminate/Http/Request))
#51 C:/Users/PC/Documents/GitHub/Fawaz_ALharbi_test/backend-laravel/public/index.php(52): Illuminate/Foundation/Http/Kernel->handle(Object(Illuminate/Http/Request))
#52 C:/Users/PC/Documents/GitHub/Fawaz_ALharbi_test/backend-laravel/vendor/laravel/framework/src/Illuminate/Foundation/resources/server.php(16): require_once('C://Users//PC//Doc...')
#53 {main}

[previous exception] [object] (PDOException(code: 42S22): SQLSTATE[42S22]: Column not found: 1054 Unknown column 'updated_at' in 'field list' at C:/Users/PC/Documents/GitHub/Fawaz_ALharbi_test/backend-laravel/vendor/laravel/framework/src/Illuminate/Database/MySqlConnection.php:39)
[stacktrace]
#0 C:/Users/PC/Documents/GitHub/Fawaz_ALharbi_test/backend-laravel/vendor/laravel/framework/src/Illuminate/Database/MySqlConnection.php(39): PDO->prepare('insert into `au...')
#1 C:/Users/PC/Documents/GitHub/Fawaz_ALharbi_test/backend-laravel/vendor/laravel/framework/src/Illuminate/Database/Connection.php(816): Illuminate/Database/MySqlConnection->Illuminate/Database/{closure}('insert into `au...', Array)
#2 C:/Users/PC/Documents/GitHub/Fawaz_ALharbi_test/backend-laravel/vendor/laravel/framework/src/Illuminate/Database/Connection.php(783): Illuminate/Database/Connection->runQueryCallback('insert into `au...', Array, Object(Closure))
#3 C:/Users/PC/Documents/GitHub/Fawaz_ALharbi_test/backend-laravel/vendor/laravel/framework/src/Illuminate/Database/MySqlConnection.php(50): Illuminate/Database/Connection->run('insert into `au...', Array, Object(Closure))
#4 C:/Users/PC/Documents/GitHub/Fawaz_ALharbi_test/backend-laravel/vendor/laravel/framework/src/Illuminate/Database/Query/Processors/MySqlProcessor.php(35): Illuminate/Database/MySqlConnection->insert('insert into `au...', Array, 'id')
#5 C:/Users/PC/Documents/GitHub/Fawaz_ALharbi_test/backend-laravel/vendor/laravel/framework/src/Illuminate/Database/Query/Builder.php(3549): Illuminate/Database/Query/Processors/MySqlProcessor->processInsertGetId(Object(Illuminate/Database/Query/Builder), 'insert into `au...', Array, 'id')
#6 C:/Users/PC/Documents/GitHub/Fawaz_ALharbi_test/backend-laravel/vendor/laravel/framework/src/Illuminate/Database/Eloquent/Builder.php(1982): Illuminate/Database/Query/Builder->insertGetId(Array, 'id')
#7 C:/Users/PC/Documents/GitHub/Fawaz_ALharbi_test/backend-laravel/vendor/laravel/framework/src/Illuminate/Database/Eloquent/Model.php(1334): Illuminate/Database/Eloquent/Builder->__call('insertGetId', Array)
#8 C:/Users/PC/Documents/GitHub/Fawaz_ALharbi_test/backend-laravel/vendor/laravel/framework/src/Illuminate/Database/Eloquent/Model.php(1299): Illuminate/Database/Eloquent/Model->insertAndSetId(Object(Illuminate/Database/Eloquent/Builder), Array)
#9 C:/Users/PC/Documents/GitHub/Fawaz_ALharbi_test/backend-laravel/vendor/laravel/framework/src/Illuminate/Database/Eloquent/Model.php(1138): Illuminate/Database/Eloquent/Model->performInsert(Object(Illuminate/Database/Eloquent/Builder))
#10 C:/Users/PC/Documents/GitHub/Fawaz_ALharbi_test/backend-laravel/vendor/laravel/framework/src/Illuminate/Database/Eloquent/Builder.php(1025): Illuminate/Database/Eloquent/Model->save()
#11 C:/Users/PC/Documents/GitHub/Fawaz_ALharbi_test/backend-laravel/vendor/laravel/framework/src/Illuminate/Support/helpers.php(320): Illuminate/Database/Eloquent/Builder->Illuminate/Database/Eloquent/{closure}(Object(App/Models/AuditLog))
#12 C:/Users/PC/Documents/GitHub/Fawaz_ALharbi_test/backend-laravel/vendor/laravel/framework/src/Illuminate/Database/Eloquent/Builder.php(1026): tap(Object(App/Models/AuditLog), Object(Closure))
#13 C:/Users/PC/Documents/GitHub/Fawaz_ALharbi_test/backend-laravel/vendor/laravel/framework/src/Illuminate/Support/Traits/ForwardsCalls.php(23): Illuminate/Database/Eloquent/Builder->create(Array)
#14 C:/Users/PC/Documents/GitHub/Fawaz_ALharbi_test/backend-laravel/vendor/laravel/framework/src/Illuminate/Database/Eloquent/Model.php(2335): Illuminate/Database/Eloquent/Model->forwardCallTo(Object(Illuminate/Database/Eloquent/Builder), 'create', Array)
#15 C:/Users/PC/Documents/GitHub/Fawaz_ALharbi_test/backend-laravel/vendor/laravel/framework/src/Illuminate/Database/Eloquent/Model.php(2347): Illuminate/Database/Eloquent/Model->__call('create', Array)
#16 C:/Users/PC/Documents/GitHub/Fawaz_ALharbi_test/backend-laravel/app/Http/Controllers/Api/AuthController.php(45): Illuminate/Database/Eloquent/Model::__callStatic('create', Array)
#17 C:/Users/PC/Documents/GitHub/Fawaz_ALharbi_test/backend-laravel/vendor/laravel/framework/src/Illuminate/Routing/Controller.php(54): App/Http/Controllers/Api/AuthController->login(Object(Illuminate/Http/Request))
#18 C:/Users/PC/Documents/GitHub/Fawaz_ALharbi_test/backend-laravel/vendor/laravel/framework/src/Illuminate/Routing/ControllerDispatcher.php(43): Illuminate/Routing/Controller->callAction('login', Array)
#19 C:/Users/PC/Documents/GitHub/Fawaz_ALharbi_test/backend-laravel/vendor/laravel/framework/src/Illuminate/Routing/Route.php(260): Illuminate/Routing/ControllerDispatcher->dispatch(Object(Illuminate/Routing/Route), Object(App/Http/Controllers/Api/AuthController), 'login')
#20 C:/Users/PC/Documents/GitHub/Fawaz_ALharbi_test/backend-laravel/vendor/laravel/framework/src/Illuminate/Routing/Route.php(205): Illuminate/Routing/Route->runController()
#21 C:/Users/PC/Documents/GitHub/Fawaz_ALharbi_test/backend-laravel/vendor/laravel/framework/src/Illuminate/Routing/Router.php(806): Illuminate/Routing/Route->run()
#22 C:/Users/PC/Documents/GitHub/Fawaz_ALharbi_test/backend-laravel/vendor/laravel/framework/src/Illuminate/Pipeline/Pipeline.php(144): Illuminate/Routing/Router->Illuminate/Routing/{closure}(Object(Illuminate/Http/Request))
#23 C:/Users/PC/Documents/GitHub/Fawaz_ALharbi_test/backend-laravel/vendor/laravel/framework/src/Illuminate/Routing/Middleware/SubstituteBindings.php(50): Illuminate/Pipeline/Pipeline->Illuminate/Pipeline/{closure}(Object(Illuminate/Http/Request))
#24 C:/Users/PC/Documents/GitHub/Fawaz_ALharbi_test/backend-laravel/vendor/laravel/framework/src/Illuminate/Pipeline/Pipeline.php(183): Illuminate/Routing/Middleware/SubstituteBindings->handle(Object(Illuminate/Http/Request), Object(Closure))
#25 C:/Users/PC/Documents/GitHub/Fawaz_ALharbi_test/backend-laravel/vendor/laravel/framework/src/Illuminate/Routing/Middleware/ThrottleRequests.php(159): Illuminate/Pipeline/Pipeline->Illuminate/Pipeline/{closure}(Object(Illuminate/Http/Request))
#26 C:/Users/PC/Documents/GitHub/Fawaz_ALharbi_test/backend-laravel/vendor/laravel/framework/src/Illuminate/Routing/Middleware/ThrottleRequests.php(135): Illuminate/Routing/Middleware/ThrottleRequests->handleRequest(Object(Illuminate/Http/Request), Object(Closure), Array)
#27 C:/Users/PC/Documents/GitHub/Fawaz_ALharbi_test/backend-laravel/vendor/laravel/framework/src/Illuminate/Routing/Middleware/ThrottleRequests.php(87): Illuminate/Routing/Middleware/ThrottleRequests->handleRequestUsingNamedLimiter(Object(Illuminate/Http/Request), Object(Closure), 'api', Object(Closure))
#28 C:/Users/PC/Documents/GitHub/Fawaz_ALharbi_test/backend-laravel/vendor/laravel/framework/src/Illuminate/Pipeline/Pipeline.php(183): Illuminate/Routing/Middleware/ThrottleRequests->handle(Object(Illuminate/Http/Request), Object(Closure), 'api')
#29 C:/Users/PC/Documents/GitHub/Fawaz_ALharbi_test/backend-laravel/vendor/laravel/framework/src/Illuminate/Pipeline/Pipeline.php(119): Illuminate/Pipeline/Pipeline->Illuminate/Pipeline/{closure}(Object(Illuminate/Http/Request))
#30 C:/Users/PC/Documents/GitHub/Fawaz_ALharbi_test/backend-laravel/vendor/laravel/framework/src/Illuminate/Routing/Router.php(807): Illuminate/Pipeline/Pipeline->then(Object(Closure))
#31 C:/Users/PC/Documents/GitHub/Fawaz_ALharbi_test/backend-laravel/vendor/laravel/framework/src/Illuminate/Routing/Router.php(784): Illuminate/Routing/Router->runRouteWithinStack(Object(Illuminate/Routing/Route), Object(Illuminate/Http/Request))
#32 C:/Users/PC/Documents/GitHub/Fawaz_ALharbi_test/backend-laravel/vendor/laravel/framework/src/Illuminate/Routing/Router.php(748): Illuminate/Routing/Router->runRoute(Object(Illuminate/Http/Request), Object(Illuminate/Routing/Route))
#33 C:/Users/PC/Documents/GitHub/Fawaz_ALharbi_test/backend-laravel/vendor/laravel/framework/src/Illuminate/Routing/Router.php(737): Illuminate/Routing/Router->dispatchToRoute(Object(Illuminate/Http/Request))
#34 C:/Users/PC/Documents/GitHub/Fawaz_ALharbi_test/backend-laravel/vendor/laravel/framework/src/Illuminate/Foundation/Http/Kernel.php(200): Illuminate/Routing/Router->dispatch(Object(Illuminate/Http/Request))
#35 C:/Users/PC/Documents/GitHub/Fawaz_ALharbi_test/backend-laravel/vendor/laravel/framework/src/Illuminate/Pipeline/Pipeline.php(144): Illuminate/Foundation/Http/Kernel->Illuminate/Foundation/Http/{closure}(Object(Illuminate/Http/Request))
#36 C:/Users/PC/Documents/GitHub/Fawaz_ALharbi_test/backend-laravel/vendor/laravel/framework/src/Illuminate/Foundation/Http/Middleware/TransformsRequest.php(21): Illuminate/Pipeline/Pipeline->Illuminate/Pipeline/{closure}(Object(Illuminate/Http/Request))
#37 C:/Users/PC/Documents/GitHub/Fawaz_ALharbi_test/backend-laravel/vendor/laravel/framework/src/Illuminate/Foundation/Http/Middleware/ConvertEmptyStringsToNull.php(31): Illuminate/Foundation/Http/Middleware/TransformsRequest->handle(Object(Illuminate/Http/Request), Object(Closure))
#38 C:/Users/PC/Documents/GitHub/Fawaz_ALharbi_test/backend-laravel/vendor/laravel/framework/src/Illuminate/Pipeline/Pipeline.php(183): Illuminate/Foundation/Http/Middleware/ConvertEmptyStringsToNull->handle(Object(Illuminate/Http/Request), Object(Closure))
#39 C:/Users/PC/Documents/GitHub/Fawaz_ALharbi_test/backend-laravel/vendor/laravel/framework/src/Illuminate/Foundation/Http/Middleware/TransformsRequest.php(21): Illuminate/Pipeline/Pipeline->Illuminate/Pipeline/{closure}(Object(Illuminate/Http/Request))
#40 C:/Users/PC/Documents/GitHub/Fawaz_ALharbi_test/backend-laravel/vendor/laravel/framework/src/Illuminate/Foundation/Http/Middleware/TrimStrings.php(40): Illuminate/Foundation/Http/Middleware/TransformsRequest->handle(Object(Illuminate/Http/Request), Object(Closure))
#41 C:/Users/PC/Documents/GitHub/Fawaz_ALharbi_test/backend-laravel/vendor/laravel/framework/src/Illuminate/Pipeline/Pipeline.php(183): Illuminate/Foundation/Http/Middleware/TrimStrings->handle(Object(Illuminate/Http/Request), Object(Closure))
#42 C:/Users/PC/Documents/GitHub/Fawaz_ALharbi_test/backend-laravel/vendor/laravel/framework/src/Illuminate/Foundation/Http/Middleware/ValidatePostSize.php(27): Illuminate/Pipeline/Pipeline->Illuminate/Pipeline/{closure}(Object(Illuminate/Http/Request))
#43 C:/Users/PC/Documents/GitHub/Fawaz_ALharbi_test/backend-laravel/vendor/laravel/framework/src/Illuminate/Pipeline/Pipeline.php(183): Illuminate/Foundation/Http/Middleware/ValidatePostSize->handle(Object(Illuminate/Http/Request), Object(Closure))
#44 C:/Users/PC/Documents/GitHub/Fawaz_ALharbi_test/backend-laravel/vendor/laravel/framework/src/Illuminate/Foundation/Http/Middleware/PreventRequestsDuringMaintenance.php(99): Illuminate/Pipeline/Pipeline->Illuminate/Pipeline/{closure}(Object(Illuminate/Http/Request))
#45 C:/Users/PC/Documents/GitHub/Fawaz_ALharbi_test/backend-laravel/vendor/laravel/framework/src/Illuminate/Pipeline/Pipeline.php(183): Illuminate/Foundation/Http/Middleware/PreventRequestsDuringMaintenance->handle(Object(Illuminate/Http/Request), Object(Closure))
#46 C:/Users/PC/Documents/GitHub/Fawaz_ALharbi_test/backend-laravel/vendor/laravel/framework/src/Illuminate/Http/Middleware/HandleCors.php(62): Illuminate/Pipeline/Pipeline->Illuminate/Pipeline/{closure}(Object(Illuminate/Http/Request))
#47 C:/Users/PC/Documents/GitHub/Fawaz_ALharbi_test/backend-laravel/vendor/laravel/framework/src/Illuminate/Pipeline/Pipeline.php(183): Illuminate/Http/Middleware/HandleCors->handle(Object(Illuminate/Http/Request), Object(Closure))
#48 C:/Users/PC/Documents/GitHub/Fawaz_ALharbi_test/backend-laravel/vendor/laravel/framework/src/Illuminate/Http/Middleware/TrustProxies.php(39): Illuminate/Pipeline/Pipeline->Illuminate/Pipeline/{closure}(Object(Illuminate/Http/Request))
#49 C:/Users/PC/Documents/GitHub/Fawaz_ALharbi_test/backend-laravel/vendor/laravel/framework/src/Illuminate/Pipeline/Pipeline.php(183): Illuminate/Http/Middleware/TrustProxies->handle(Object(Illuminate/Http/Request), Object(Closure))
#50 C:/Users/PC/Documents/GitHub/Fawaz_ALharbi_test/backend-laravel/vendor/laravel/framework/src/Illuminate/Pipeline/Pipeline.php(119): Illuminate/Pipeline/Pipeline->Illuminate/Pipeline/{closure}(Object(Illuminate/Http/Request))
#51 C:/Users/PC/Documents/GitHub/Fawaz_ALharbi_test/backend-laravel/vendor/laravel/framework/src/Illuminate/Foundation/Http/Kernel.php(175): Illuminate/Pipeline/Pipeline->then(Object(Closure))
#52 C:/Users/PC/Documents/GitHub/Fawaz_ALharbi_test/backend-laravel/vendor/laravel/framework/src/Illuminate/Foundation/Http/Kernel.php(144): Illuminate/Foundation/Http/Kernel->sendRequestThroughRouter(Object(Illuminate/Http/Request))
#53 C:/Users/PC/Documents/GitHub/Fawaz_ALharbi_test/backend-laravel/public/index.php(52): Illuminate/Foundation/Http/Kernel->handle(Object(Illuminate/Http/Request))
#54 C:/Users/PC/Documents/GitHub/Fawaz_ALharbi_test/backend-laravel/vendor/laravel/framework/src/Illuminate/Foundation/resources/server.php(16): require_once('C://Users//PC//Doc...')
#55 {main}
"} 
[2026-04-27 15:36:23] local.ERROR: syntax error, unexpected identifier "DB", expecting "]" {"exception":"[object] (ParseError(code: 0): syntax error, unexpected identifier \"DB\", expecting \"]\" at C:/Users/PC/Documents/GitHub/Fawaz_ALharbi_test/backend-laravel/database/seeders/DemoDataSeeder.php:28)
[stacktrace]
#0 C:/Users/PC/Documents/GitHub/Fawaz_ALharbi_test/backend-laravel/vendor/composer/ClassLoader.php(427): Composer/Autoload/{closure}('C://Users//PC//Doc...')
#1 [internal function]: Composer/Autoload/ClassLoader->loadClass('Database//Seeder...')
#2 C:/Users/PC/Documents/GitHub/Fawaz_ALharbi_test/backend-laravel/vendor/laravel/framework/src/Illuminate/Container/Container.php(912): ReflectionClass->__construct('Database//Seeder...')
#3 C:/Users/PC/Documents/GitHub/Fawaz_ALharbi_test/backend-laravel/vendor/laravel/framework/src/Illuminate/Container/Container.php(795): Illuminate/Container/Container->build('Database//Seeder...')
#4 C:/Users/PC/Documents/GitHub/Fawaz_ALharbi_test/backend-laravel/vendor/laravel/framework/src/Illuminate/Foundation/Application.php(986): Illuminate/Container/Container->resolve('Database//Seeder...', Array, true)
#5 C:/Users/PC/Documents/GitHub/Fawaz_ALharbi_test/backend-laravel/vendor/laravel/framework/src/Illuminate/Container/Container.php(731): Illuminate/Foundation/Application->resolve('Database//Seeder...', Array)
#6 C:/Users/PC/Documents/GitHub/Fawaz_ALharbi_test/backend-laravel/vendor/laravel/framework/src/Illuminate/Foundation/Application.php(971): Illuminate/Container/Container->make('Database//Seeder...', Array)
#7 C:/Users/PC/Documents/GitHub/Fawaz_ALharbi_test/backend-laravel/vendor/laravel/framework/src/Illuminate/Database/Seeder.php(129): Illuminate/Foundation/Application->make('Database//Seeder...')
#8 C:/Users/PC/Documents/GitHub/Fawaz_ALharbi_test/backend-laravel/vendor/laravel/framework/src/Illuminate/Database/Seeder.php(48): Illuminate/Database/Seeder->resolve('Database//Seeder...')
#9 C:/Users/PC/Documents/GitHub/Fawaz_ALharbi_test/backend-laravel/database/seeders/DatabaseSeeder.php(27): Illuminate/Database/Seeder->call('Database//Seeder...')
#10 C:/Users/PC/Documents/GitHub/Fawaz_ALharbi_test/backend-laravel/vendor/laravel/framework/src/Illuminate/Container/BoundMethod.php(36): Database/Seeders/DatabaseSeeder->run()
#11 C:/Users/PC/Documents/GitHub/Fawaz_ALharbi_test/backend-laravel/vendor/laravel/framework/src/Illuminate/Container/Util.php(41): Illuminate/Container/BoundMethod::Illuminate/Container/{closure}()
#12 C:/Users/PC/Documents/GitHub/Fawaz_ALharbi_test/backend-laravel/vendor/laravel/framework/src/Illuminate/Container/BoundMethod.php(93): Illuminate/Container/Util::unwrapIfClosure(Object(Closure))
#13 C:/Users/PC/Documents/GitHub/Fawaz_ALharbi_test/backend-laravel/vendor/laravel/framework/src/Illuminate/Container/BoundMethod.php(37): Illuminate/Container/BoundMethod::callBoundMethod(Object(Illuminate/Foundation/Application), Array, Object(Closure))
#14 C:/Users/PC/Documents/GitHub/Fawaz_ALharbi_test/backend-laravel/vendor/laravel/framework/src/Illuminate/Container/Container.php(662): Illuminate/Container/BoundMethod::call(Object(Illuminate/Foundation/Application), Array, Array, NULL)
#15 C:/Users/PC/Documents/GitHub/Fawaz_ALharbi_test/backend-laravel/vendor/laravel/framework/src/Illuminate/Database/Seeder.php(184): Illuminate/Container/Container->call(Array, Array)
#16 C:/Users/PC/Documents/GitHub/Fawaz_ALharbi_test/backend-laravel/vendor/laravel/framework/src/Illuminate/Database/Seeder.php(193): Illuminate/Database/Seeder->Illuminate/Database/{closure}()
#17 C:/Users/PC/Documents/GitHub/Fawaz_ALharbi_test/backend-laravel/vendor/laravel/framework/src/Illuminate/Database/Console/Seeds/SeedCommand.php(70): Illuminate/Database/Seeder->__invoke()
#18 C:/Users/PC/Documents/GitHub/Fawaz_ALharbi_test/backend-laravel/vendor/laravel/framework/src/Illuminate/Database/Eloquent/Concerns/GuardsAttributes.php(155): Illuminate/Database/Console/Seeds/SeedCommand->Illuminate/Database/Console/Seeds/{closure}()
#19 C:/Users/PC/Documents/GitHub/Fawaz_ALharbi_test/backend-laravel/vendor/laravel/framework/src/Illuminate/Database/Console/Seeds/SeedCommand.php(71): Illuminate/Database/Eloquent/Model::unguarded(Object(Closure))
#20 C:/Users/PC/Documents/GitHub/Fawaz_ALharbi_test/backend-laravel/vendor/laravel/framework/src/Illuminate/Container/BoundMethod.php(36): Illuminate/Database/Console/Seeds/SeedCommand->handle()
#21 C:/Users/PC/Documents/GitHub/Fawaz_ALharbi_test/backend-laravel/vendor/laravel/framework/src/Illuminate/Container/Util.php(41): Illuminate/Container/BoundMethod::Illuminate/Container/{closure}()
#22 C:/Users/PC/Documents/GitHub/Fawaz_ALharbi_test/backend-laravel/vendor/laravel/framework/src/Illuminate/Container/BoundMethod.php(93): Illuminate/Container/Util::unwrapIfClosure(Object(Closure))
#23 C:/Users/PC/Documents/GitHub/Fawaz_ALharbi_test/backend-laravel/vendor/laravel/framework/src/Illuminate/Container/BoundMethod.php(37): Illuminate/Container/BoundMethod::callBoundMethod(Object(Illuminate/Foundation/Application), Array, Object(Closure))
#24 C:/Users/PC/Documents/GitHub/Fawaz_ALharbi_test/backend-laravel/vendor/laravel/framework/src/Illuminate/Container/Container.php(662): Illuminate/Container/BoundMethod::call(Object(Illuminate/Foundation/Application), Array, Array, NULL)
#25 C:/Users/PC/Documents/GitHub/Fawaz_ALharbi_test/backend-laravel/vendor/laravel/framework/src/Illuminate/Console/Command.php(211): Illuminate/Container/Container->call(Array)
#26 C:/Users/PC/Documents/GitHub/Fawaz_ALharbi_test/backend-laravel/vendor/symfony/console/Command/Command.php(326): Illuminate/Console/Command->execute(Object(Symfony/Component/Console/Input/ArrayInput), Object(Illuminate/Console/OutputStyle))
#27 C:/Users/PC/Documents/GitHub/Fawaz_ALharbi_test/backend-laravel/vendor/laravel/framework/src/Illuminate/Console/Command.php(181): Symfony/Component/Console/Command/Command->run(Object(Symfony/Component/Console/Input/ArrayInput), Object(Illuminate/Console/OutputStyle))
#28 C:/Users/PC/Documents/GitHub/Fawaz_ALharbi_test/backend-laravel/vendor/laravel/framework/src/Illuminate/Console/Concerns/CallsCommands.php(68): Illuminate/Console/Command->run(Object(Symfony/Component/Console/Input/ArrayInput), Object(Illuminate/Console/OutputStyle))
#29 C:/Users/PC/Documents/GitHub/Fawaz_ALharbi_test/backend-laravel/vendor/laravel/framework/src/Illuminate/Console/Concerns/CallsCommands.php(28): Illuminate/Console/Command->runCommand('db:seed', Array, Object(Illuminate/Console/OutputStyle))
#30 C:/Users/PC/Documents/GitHub/Fawaz_ALharbi_test/backend-laravel/vendor/laravel/framework/src/Illuminate/Database/Console/Migrations/FreshCommand.php(94): Illuminate/Console/Command->call('db:seed', Array)
#31 C:/Users/PC/Documents/GitHub/Fawaz_ALharbi_test/backend-laravel/vendor/laravel/framework/src/Illuminate/Database/Console/Migrations/FreshCommand.php(69): Illuminate/Database/Console/Migrations/FreshCommand->runSeeder(NULL)
#32 C:/Users/PC/Documents/GitHub/Fawaz_ALharbi_test/backend-laravel/vendor/laravel/framework/src/Illuminate/Container/BoundMethod.php(36): Illuminate/Database/Console/Migrations/FreshCommand->handle()
#33 C:/Users/PC/Documents/GitHub/Fawaz_ALharbi_test/backend-laravel/vendor/laravel/framework/src/Illuminate/Container/Util.php(41): Illuminate/Container/BoundMethod::Illuminate/Container/{closure}()
#34 C:/Users/PC/Documents/GitHub/Fawaz_ALharbi_test/backend-laravel/vendor/laravel/framework/src/Illuminate/Container/BoundMethod.php(93): Illuminate/Container/Util::unwrapIfClosure(Object(Closure))
#35 C:/Users/PC/Documents/GitHub/Fawaz_ALharbi_test/backend-laravel/vendor/laravel/framework/src/Illuminate/Container/BoundMethod.php(37): Illuminate/Container/BoundMethod::callBoundMethod(Object(Illuminate/Foundation/Application), Array, Object(Closure))
#36 C:/Users/PC/Documents/GitHub/Fawaz_ALharbi_test/backend-laravel/vendor/laravel/framework/src/Illuminate/Container/Container.php(662): Illuminate/Container/BoundMethod::call(Object(Illuminate/Foundation/Application), Array, Array, NULL)
#37 C:/Users/PC/Documents/GitHub/Fawaz_ALharbi_test/backend-laravel/vendor/laravel/framework/src/Illuminate/Console/Command.php(211): Illuminate/Container/Container->call(Array)
#38 C:/Users/PC/Documents/GitHub/Fawaz_ALharbi_test/backend-laravel/vendor/symfony/console/Command/Command.php(326): Illuminate/Console/Command->execute(Object(Symfony/Component/Console/Input/ArgvInput), Object(Illuminate/Console/OutputStyle))
#39 C:/Users/PC/Documents/GitHub/Fawaz_ALharbi_test/backend-laravel/vendor/laravel/framework/src/Illuminate/Console/Command.php(181): Symfony/Component/Console/Command/Command->run(Object(Symfony/Component/Console/Input/ArgvInput), Object(Illuminate/Console/OutputStyle))
#40 C:/Users/PC/Documents/GitHub/Fawaz_ALharbi_test/backend-laravel/vendor/symfony/console/Application.php(1121): Illuminate/Console/Command->run(Object(Symfony/Component/Console/Input/ArgvInput), Object(Symfony/Component/Console/Output/ConsoleOutput))
#41 C:/Users/PC/Documents/GitHub/Fawaz_ALharbi_test/backend-laravel/vendor/symfony/console/Application.php(324): Symfony/Component/Console/Application->doRunCommand(Object(Illuminate/Database/Console/Migrations/FreshCommand), Object(Symfony/Component/Console/Input/ArgvInput), Object(Symfony/Component/Console/Output/ConsoleOutput))
#42 C:/Users/PC/Documents/GitHub/Fawaz_ALharbi_test/backend-laravel/vendor/symfony/console/Application.php(175): Symfony/Component/Console/Application->doRun(Object(Symfony/Component/Console/Input/ArgvInput), Object(Symfony/Component/Console/Output/ConsoleOutput))
#43 C:/Users/PC/Documents/GitHub/Fawaz_ALharbi_test/backend-laravel/vendor/laravel/framework/src/Illuminate/Foundation/Console/Kernel.php(201): Symfony/Component/Console/Application->run(Object(Symfony/Component/Console/Input/ArgvInput), Object(Symfony/Component/Console/Output/ConsoleOutput))
#44 C:/Users/PC/Documents/GitHub/Fawaz_ALharbi_test/backend-laravel/artisan(37): Illuminate/Foundation/Console/Kernel->handle(Object(Symfony/Component/Console/Input/ArgvInput), Object(Symfony/Component/Console/Output/ConsoleOutput))
#45 {main}
"} 
[2026-04-27 15:49:47] local.ERROR: Cannot declare class App\Http\Controllers\Api\PricingPlanController, because the name is already in use {"exception":"[object] (Symfony\\Component\\ErrorHandler\\Error\\FatalError(code: 0): Cannot declare class App\\Http\\Controllers\\Api\\PricingPlanController, because the name is already in use at C:/Users/PC/Documents/GitHub/Fawaz_ALharbi_test/backend-laravel/app/Http/Controllers/Api/PricingController.php:9)
[stacktrace]
#0 {main}
"} 
[2026-04-27 16:03:13] local.ERROR: SQLSTATE[42S22]: Column not found: 1054 Unknown column 'role' in 'field list' (Connection: mysql, SQL: insert into `users` (`email`, `name`, `password`, `tenant_id`, `role`, `updated_at`, `created_at`) values (admin@company2.com, Super Admin, $2y$12$p141Fy0zlR7mh/Iv2o3OYOtnKguvptJzRl1VJz5DmRwiwp/kDHQea, 1, super_admin, 2026-04-27 16:03:13, 2026-04-27 16:03:13)) {"exception":"[object] (Illuminate\\Database\\QueryException(code: 42S22): SQLSTATE[42S22]: Column not found: 1054 Unknown column 'role' in 'field list' (Connection: mysql, SQL: insert into `users` (`email`, `name`, `password`, `tenant_id`, `role`, `updated_at`, `created_at`) values (admin@company2.com, Super Admin, $2y$12$p141Fy0zlR7mh/Iv2o3OYOtnKguvptJzRl1VJz5DmRwiwp/kDHQea, 1, super_admin, 2026-04-27 16:03:13, 2026-04-27 16:03:13)) at C:/Users/PC/Documents/GitHub/Fawaz_ALharbi_test/backend-laravel/vendor/laravel/framework/src/Illuminate/Database/Connection.php:829)
[stacktrace]
#0 C:/Users/PC/Documents/GitHub/Fawaz_ALharbi_test/backend-laravel/vendor/laravel/framework/src/Illuminate/Database/Connection.php(783): Illuminate/Database/Connection->runQueryCallback('insert into `us...', Array, Object(Closure))
#1 C:/Users/PC/Documents/GitHub/Fawaz_ALharbi_test/backend-laravel/vendor/laravel/framework/src/Illuminate/Database/MySqlConnection.php(50): Illuminate/Database/Connection->run('insert into `us...', Array, Object(Closure))
#2 C:/Users/PC/Documents/GitHub/Fawaz_ALharbi_test/backend-laravel/vendor/laravel/framework/src/Illuminate/Database/Query/Processors/MySqlProcessor.php(35): Illuminate/Database/MySqlConnection->insert('insert into `us...', Array, 'id')
#3 C:/Users/PC/Documents/GitHub/Fawaz_ALharbi_test/backend-laravel/vendor/laravel/framework/src/Illuminate/Database/Query/Builder.php(3549): Illuminate/Database/Query/Processors/MySqlProcessor->processInsertGetId(Object(Illuminate/Database/Query/Builder), 'insert into `us...', Array, 'id')
#4 C:/Users/PC/Documents/GitHub/Fawaz_ALharbi_test/backend-laravel/vendor/laravel/framework/src/Illuminate/Database/Eloquent/Builder.php(1982): Illuminate/Database/Query/Builder->insertGetId(Array, 'id')
#5 C:/Users/PC/Documents/GitHub/Fawaz_ALharbi_test/backend-laravel/vendor/laravel/framework/src/Illuminate/Database/Eloquent/Model.php(1334): Illuminate/Database/Eloquent/Builder->__call('insertGetId', Array)
#6 C:/Users/PC/Documents/GitHub/Fawaz_ALharbi_test/backend-laravel/vendor/laravel/framework/src/Illuminate/Database/Eloquent/Model.php(1299): Illuminate/Database/Eloquent/Model->insertAndSetId(Object(Illuminate/Database/Eloquent/Builder), Array)
#7 C:/Users/PC/Documents/GitHub/Fawaz_ALharbi_test/backend-laravel/vendor/laravel/framework/src/Illuminate/Database/Eloquent/Model.php(1138): Illuminate/Database/Eloquent/Model->performInsert(Object(Illuminate/Database/Eloquent/Builder))
#8 C:/Users/PC/Documents/GitHub/Fawaz_ALharbi_test/backend-laravel/vendor/laravel/framework/src/Illuminate/Database/Eloquent/Builder.php(1025): Illuminate/Database/Eloquent/Model->save()
#9 C:/Users/PC/Documents/GitHub/Fawaz_ALharbi_test/backend-laravel/vendor/laravel/framework/src/Illuminate/Support/helpers.php(320): Illuminate/Database/Eloquent/Builder->Illuminate/Database/Eloquent/{closure}(Object(App/Models/User))
#10 C:/Users/PC/Documents/GitHub/Fawaz_ALharbi_test/backend-laravel/vendor/laravel/framework/src/Illuminate/Database/Eloquent/Builder.php(1026): tap(Object(App/Models/User), Object(Closure))
#11 C:/Users/PC/Documents/GitHub/Fawaz_ALharbi_test/backend-laravel/vendor/laravel/framework/src/Illuminate/Database/Eloquent/Builder.php(585): Illuminate/Database/Eloquent/Builder->create(Array)
#12 C:/Users/PC/Documents/GitHub/Fawaz_ALharbi_test/backend-laravel/vendor/laravel/framework/src/Illuminate/Database/Eloquent/Builder.php(1728): Illuminate/Database/Eloquent/Builder->Illuminate/Database/Eloquent/{closure}()
#13 C:/Users/PC/Documents/GitHub/Fawaz_ALharbi_test/backend-laravel/vendor/laravel/framework/src/Illuminate/Database/Eloquent/Builder.php(585): Illuminate/Database/Eloquent/Builder->withSavepointIfNeeded(Object(Closure))
#14 C:/Users/PC/Documents/GitHub/Fawaz_ALharbi_test/backend-laravel/vendor/laravel/framework/src/Illuminate/Database/Eloquent/Builder.php(572): Illuminate/Database/Eloquent/Builder->createOrFirst(Array, Array)
#15 C:/Users/PC/Documents/GitHub/Fawaz_ALharbi_test/backend-laravel/vendor/laravel/framework/src/Illuminate/Database/Eloquent/Builder.php(600): Illuminate/Database/Eloquent/Builder->firstOrCreate(Array, Array)
#16 C:/Users/PC/Documents/GitHub/Fawaz_ALharbi_test/backend-laravel/vendor/laravel/framework/src/Illuminate/Support/Traits/ForwardsCalls.php(23): Illuminate/Database/Eloquent/Builder->updateOrCreate(Array, Array)
#17 C:/Users/PC/Documents/GitHub/Fawaz_ALharbi_test/backend-laravel/vendor/laravel/framework/src/Illuminate/Database/Eloquent/Model.php(2335): Illuminate/Database/Eloquent/Model->forwardCallTo(Object(Illuminate/Database/Eloquent/Builder), 'updateOrCreate', Array)
#18 C:/Users/PC/Documents/GitHub/Fawaz_ALharbi_test/backend-laravel/vendor/laravel/framework/src/Illuminate/Database/Eloquent/Model.php(2347): Illuminate/Database/Eloquent/Model->__call('updateOrCreate', Array)
#19 C:/Users/PC/Documents/GitHub/Fawaz_ALharbi_test/backend-laravel/database/seeders/DemoDataSeeder.php(25): Illuminate/Database/Eloquent/Model::__callStatic('updateOrCreate', Array)
#20 C:/Users/PC/Documents/GitHub/Fawaz_ALharbi_test/backend-laravel/vendor/laravel/framework/src/Illuminate/Container/BoundMethod.php(36): Database/Seeders/DemoDataSeeder->run()
#21 C:/Users/PC/Documents/GitHub/Fawaz_ALharbi_test/backend-laravel/vendor/laravel/framework/src/Illuminate/Container/Util.php(41): Illuminate/Container/BoundMethod::Illuminate/Container/{closure}()
#22 C:/Users/PC/Documents/GitHub/Fawaz_ALharbi_test/backend-laravel/vendor/laravel/framework/src/Illuminate/Container/BoundMethod.php(93): Illuminate/Container/Util::unwrapIfClosure(Object(Closure))
#23 C:/Users/PC/Documents/GitHub/Fawaz_ALharbi_test/backend-laravel/vendor/laravel/framework/src/Illuminate/Container/BoundMethod.php(37): Illuminate/Container/BoundMethod::callBoundMethod(Object(Illuminate/Foundation/Application), Array, Object(Closure))
#24 C:/Users/PC/Documents/GitHub/Fawaz_ALharbi_test/backend-laravel/vendor/laravel/framework/src/Illuminate/Container/Container.php(662): Illuminate/Container/BoundMethod::call(Object(Illuminate/Foundation/Application), Array, Array, NULL)
#25 C:/Users/PC/Documents/GitHub/Fawaz_ALharbi_test/backend-laravel/vendor/laravel/framework/src/Illuminate/Database/Seeder.php(184): Illuminate/Container/Container->call(Array, Array)
#26 C:/Users/PC/Documents/GitHub/Fawaz_ALharbi_test/backend-laravel/vendor/laravel/framework/src/Illuminate/Database/Seeder.php(193): Illuminate/Database/Seeder->Illuminate/Database/{closure}()
#27 C:/Users/PC/Documents/GitHub/Fawaz_ALharbi_test/backend-laravel/vendor/laravel/framework/src/Illuminate/Database/Seeder.php(61): Illuminate/Database/Seeder->__invoke(Array)
#28 C:/Users/PC/Documents/GitHub/Fawaz_ALharbi_test/backend-laravel/database/seeders/DatabaseSeeder.php(27): Illuminate/Database/Seeder->call('Database//Seeder...')
#29 C:/Users/PC/Documents/GitHub/Fawaz_ALharbi_test/backend-laravel/vendor/laravel/framework/src/Illuminate/Container/BoundMethod.php(36): Database/Seeders/DatabaseSeeder->run()
#30 C:/Users/PC/Documents/GitHub/Fawaz_ALharbi_test/backend-laravel/vendor/laravel/framework/src/Illuminate/Container/Util.php(41): Illuminate/Container/BoundMethod::Illuminate/Container/{closure}()
#31 C:/Users/PC/Documents/GitHub/Fawaz_ALharbi_test/backend-laravel/vendor/laravel/framework/src/Illuminate/Container/BoundMethod.php(93): Illuminate/Container/Util::unwrapIfClosure(Object(Closure))
#32 C:/Users/PC/Documents/GitHub/Fawaz_ALharbi_test/backend-laravel/vendor/laravel/framework/src/Illuminate/Container/BoundMethod.php(37): Illuminate/Container/BoundMethod::callBoundMethod(Object(Illuminate/Foundation/Application), Array, Object(Closure))
#33 C:/Users/PC/Documents/GitHub/Fawaz_ALharbi_test/backend-laravel/vendor/laravel/framework/src/Illuminate/Container/Container.php(662): Illuminate/Container/BoundMethod::call(Object(Illuminate/Foundation/Application), Array, Array, NULL)
#34 C:/Users/PC/Documents/GitHub/Fawaz_ALharbi_test/backend-laravel/vendor/laravel/framework/src/Illuminate/Database/Seeder.php(184): Illuminate/Container/Container->call(Array, Array)
#35 C:/Users/PC/Documents/GitHub/Fawaz_ALharbi_test/backend-laravel/vendor/laravel/framework/src/Illuminate/Database/Seeder.php(193): Illuminate/Database/Seeder->Illuminate/Database/{closure}()
#36 C:/Users/PC/Documents/GitHub/Fawaz_ALharbi_test/backend-laravel/vendor/laravel/framework/src/Illuminate/Database/Console/Seeds/SeedCommand.php(70): Illuminate/Database/Seeder->__invoke()
#37 C:/Users/PC/Documents/GitHub/Fawaz_ALharbi_test/backend-laravel/vendor/laravel/framework/src/Illuminate/Database/Eloquent/Concerns/GuardsAttributes.php(155): Illuminate/Database/Console/Seeds/SeedCommand->Illuminate/Database/Console/Seeds/{closure}()
#38 C:/Users/PC/Documents/GitHub/Fawaz_ALharbi_test/backend-laravel/vendor/laravel/framework/src/Illuminate/Database/Console/Seeds/SeedCommand.php(71): Illuminate/Database/Eloquent/Model::unguarded(Object(Closure))
#39 C:/Users/PC/Documents/GitHub/Fawaz_ALharbi_test/backend-laravel/vendor/laravel/framework/src/Illuminate/Container/BoundMethod.php(36): Illuminate/Database/Console/Seeds/SeedCommand->handle()
#40 C:/Users/PC/Documents/GitHub/Fawaz_ALharbi_test/backend-laravel/vendor/laravel/framework/src/Illuminate/Container/Util.php(41): Illuminate/Container/BoundMethod::Illuminate/Container/{closure}()
#41 C:/Users/PC/Documents/GitHub/Fawaz_ALharbi_test/backend-laravel/vendor/laravel/framework/src/Illuminate/Container/BoundMethod.php(93): Illuminate/Container/Util::unwrapIfClosure(Object(Closure))
#42 C:/Users/PC/Documents/GitHub/Fawaz_ALharbi_test/backend-laravel/vendor/laravel/framework/src/Illuminate/Container/BoundMethod.php(37): Illuminate/Container/BoundMethod::callBoundMethod(Object(Illuminate/Foundation/Application), Array, Object(Closure))
#43 C:/Users/PC/Documents/GitHub/Fawaz_ALharbi_test/backend-laravel/vendor/laravel/framework/src/Illuminate/Container/Container.php(662): Illuminate/Container/BoundMethod::call(Object(Illuminate/Foundation/Application), Array, Array, NULL)
#44 C:/Users/PC/Documents/GitHub/Fawaz_ALharbi_test/backend-laravel/vendor/laravel/framework/src/Illuminate/Console/Command.php(211): Illuminate/Container/Container->call(Array)
#45 C:/Users/PC/Documents/GitHub/Fawaz_ALharbi_test/backend-laravel/vendor/symfony/console/Command/Command.php(326): Illuminate/Console/Command->execute(Object(Symfony/Component/Console/Input/ArrayInput), Object(Illuminate/Console/OutputStyle))
#46 C:/Users/PC/Documents/GitHub/Fawaz_ALharbi_test/backend-laravel/vendor/laravel/framework/src/Illuminate/Console/Command.php(181): Symfony/Component/Console/Command/Command->run(Object(Symfony/Component/Console/Input/ArrayInput), Object(Illuminate/Console/OutputStyle))
#47 C:/Users/PC/Documents/GitHub/Fawaz_ALharbi_test/backend-laravel/vendor/laravel/framework/src/Illuminate/Console/Concerns/CallsCommands.php(68): Illuminate/Console/Command->run(Object(Symfony/Component/Console/Input/ArrayInput), Object(Illuminate/Console/OutputStyle))
#48 C:/Users/PC/Documents/GitHub/Fawaz_ALharbi_test/backend-laravel/vendor/laravel/framework/src/Illuminate/Console/Concerns/CallsCommands.php(28): Illuminate/Console/Command->runCommand('db:seed', Array, Object(Illuminate/Console/OutputStyle))
#49 C:/Users/PC/Documents/GitHub/Fawaz_ALharbi_test/backend-laravel/vendor/laravel/framework/src/Illuminate/Database/Console/Migrations/FreshCommand.php(94): Illuminate/Console/Command->call('db:seed', Array)
#50 C:/Users/PC/Documents/GitHub/Fawaz_ALharbi_test/backend-laravel/vendor/laravel/framework/src/Illuminate/Database/Console/Migrations/FreshCommand.php(69): Illuminate/Database/Console/Migrations/FreshCommand->runSeeder(NULL)
#51 C:/Users/PC/Documents/GitHub/Fawaz_ALharbi_test/backend-laravel/vendor/laravel/framework/src/Illuminate/Container/BoundMethod.php(36): Illuminate/Database/Console/Migrations/FreshCommand->handle()
#52 C:/Users/PC/Documents/GitHub/Fawaz_ALharbi_test/backend-laravel/vendor/laravel/framework/src/Illuminate/Container/Util.php(41): Illuminate/Container/BoundMethod::Illuminate/Container/{closure}()
#53 C:/Users/PC/Documents/GitHub/Fawaz_ALharbi_test/backend-laravel/vendor/laravel/framework/src/Illuminate/Container/BoundMethod.php(93): Illuminate/Container/Util::unwrapIfClosure(Object(Closure))
#54 C:/Users/PC/Documents/GitHub/Fawaz_ALharbi_test/backend-laravel/vendor/laravel/framework/src/Illuminate/Container/BoundMethod.php(37): Illuminate/Container/BoundMethod::callBoundMethod(Object(Illuminate/Foundation/Application), Array, Object(Closure))
#55 C:/Users/PC/Documents/GitHub/Fawaz_ALharbi_test/backend-laravel/vendor/laravel/framework/src/Illuminate/Container/Container.php(662): Illuminate/Container/BoundMethod::call(Object(Illuminate/Foundation/Application), Array, Array, NULL)
#56 C:/Users/PC/Documents/GitHub/Fawaz_ALharbi_test/backend-laravel/vendor/laravel/framework/src/Illuminate/Console/Command.php(211): Illuminate/Container/Container->call(Array)
#57 C:/Users/PC/Documents/GitHub/Fawaz_ALharbi_test/backend-laravel/vendor/symfony/console/Command/Command.php(326): Illuminate/Console/Command->execute(Object(Symfony/Component/Console/Input/ArgvInput), Object(Illuminate/Console/OutputStyle))
#58 C:/Users/PC/Documents/GitHub/Fawaz_ALharbi_test/backend-laravel/vendor/laravel/framework/src/Illuminate/Console/Command.php(181): Symfony/Component/Console/Command/Command->run(Object(Symfony/Component/Console/Input/ArgvInput), Object(Illuminate/Console/OutputStyle))
#59 C:/Users/PC/Documents/GitHub/Fawaz_ALharbi_test/backend-laravel/vendor/symfony/console/Application.php(1121): Illuminate/Console/Command->run(Object(Symfony/Component/Console/Input/ArgvInput), Object(Symfony/Component/Console/Output/ConsoleOutput))
#60 C:/Users/PC/Documents/GitHub/Fawaz_ALharbi_test/backend-laravel/vendor/symfony/console/Application.php(324): Symfony/Component/Console/Application->doRunCommand(Object(Illuminate/Database/Console/Migrations/FreshCommand), Object(Symfony/Component/Console/Input/ArgvInput), Object(Symfony/Component/Console/Output/ConsoleOutput))
#61 C:/Users/PC/Documents/GitHub/Fawaz_ALharbi_test/backend-laravel/vendor/symfony/console/Application.php(175): Symfony/Component/Console/Application->doRun(Object(Symfony/Component/Console/Input/ArgvInput), Object(Symfony/Component/Console/Output/ConsoleOutput))
#62 C:/Users/PC/Documents/GitHub/Fawaz_ALharbi_test/backend-laravel/vendor/laravel/framework/src/Illuminate/Foundation/Console/Kernel.php(201): Symfony/Component/Console/Application->run(Object(Symfony/Component/Console/Input/ArgvInput), Object(Symfony/Component/Console/Output/ConsoleOutput))
#63 C:/Users/PC/Documents/GitHub/Fawaz_ALharbi_test/backend-laravel/artisan(37): Illuminate/Foundation/Console/Kernel->handle(Object(Symfony/Component/Console/Input/ArgvInput), Object(Symfony/Component/Console/Output/ConsoleOutput))
#64 {main}

[previous exception] [object] (PDOException(code: 42S22): SQLSTATE[42S22]: Column not found: 1054 Unknown column 'role' in 'field list' at C:/Users/PC/Documents/GitHub/Fawaz_ALharbi_test/backend-laravel/vendor/laravel/framework/src/Illuminate/Database/MySqlConnection.php:39)
[stacktrace]
#0 C:/Users/PC/Documents/GitHub/Fawaz_ALharbi_test/backend-laravel/vendor/laravel/framework/src/Illuminate/Database/MySqlConnection.php(39): PDO->prepare('insert into `us...')
#1 C:/Users/PC/Documents/GitHub/Fawaz_ALharbi_test/backend-laravel/vendor/laravel/framework/src/Illuminate/Database/Connection.php(816): Illuminate/Database/MySqlConnection->Illuminate/Database/{closure}('insert into `us...', Array)
#2 C:/Users/PC/Documents/GitHub/Fawaz_ALharbi_test/backend-laravel/vendor/laravel/framework/src/Illuminate/Database/Connection.php(783): Illuminate/Database/Connection->runQueryCallback('insert into `us...', Array, Object(Closure))
#3 C:/Users/PC/Documents/GitHub/Fawaz_ALharbi_test/backend-laravel/vendor/laravel/framework/src/Illuminate/Database/MySqlConnection.php(50): Illuminate/Database/Connection->run('insert into `us...', Array, Object(Closure))
#4 C:/Users/PC/Documents/GitHub/Fawaz_ALharbi_test/backend-laravel/vendor/laravel/framework/src/Illuminate/Database/Query/Processors/MySqlProcessor.php(35): Illuminate/Database/MySqlConnection->insert('insert into `us...', Array, 'id')
#5 C:/Users/PC/Documents/GitHub/Fawaz_ALharbi_test/backend-laravel/vendor/laravel/framework/src/Illuminate/Database/Query/Builder.php(3549): Illuminate/Database/Query/Processors/MySqlProcessor->processInsertGetId(Object(Illuminate/Database/Query/Builder), 'insert into `us...', Array, 'id')
#6 C:/Users/PC/Documents/GitHub/Fawaz_ALharbi_test/backend-laravel/vendor/laravel/framework/src/Illuminate/Database/Eloquent/Builder.php(1982): Illuminate/Database/Query/Builder->insertGetId(Array, 'id')
#7 C:/Users/PC/Documents/GitHub/Fawaz_ALharbi_test/backend-laravel/vendor/laravel/framework/src/Illuminate/Database/Eloquent/Model.php(1334): Illuminate/Database/Eloquent/Builder->__call('insertGetId', Array)
#8 C:/Users/PC/Documents/GitHub/Fawaz_ALharbi_test/backend-laravel/vendor/laravel/framework/src/Illuminate/Database/Eloquent/Model.php(1299): Illuminate/Database/Eloquent/Model->insertAndSetId(Object(Illuminate/Database/Eloquent/Builder), Array)
#9 C:/Users/PC/Documents/GitHub/Fawaz_ALharbi_test/backend-laravel/vendor/laravel/framework/src/Illuminate/Database/Eloquent/Model.php(1138): Illuminate/Database/Eloquent/Model->performInsert(Object(Illuminate/Database/Eloquent/Builder))
#10 C:/Users/PC/Documents/GitHub/Fawaz_ALharbi_test/backend-laravel/vendor/laravel/framework/src/Illuminate/Database/Eloquent/Builder.php(1025): Illuminate/Database/Eloquent/Model->save()
#11 C:/Users/PC/Documents/GitHub/Fawaz_ALharbi_test/backend-laravel/vendor/laravel/framework/src/Illuminate/Support/helpers.php(320): Illuminate/Database/Eloquent/Builder->Illuminate/Database/Eloquent/{closure}(Object(App/Models/User))
#12 C:/Users/PC/Documents/GitHub/Fawaz_ALharbi_test/backend-laravel/vendor/laravel/framework/src/Illuminate/Database/Eloquent/Builder.php(1026): tap(Object(App/Models/User), Object(Closure))
#13 C:/Users/PC/Documents/GitHub/Fawaz_ALharbi_test/backend-laravel/vendor/laravel/framework/src/Illuminate/Database/Eloquent/Builder.php(585): Illuminate/Database/Eloquent/Builder->create(Array)
#14 C:/Users/PC/Documents/GitHub/Fawaz_ALharbi_test/backend-laravel/vendor/laravel/framework/src/Illuminate/Database/Eloquent/Builder.php(1728): Illuminate/Database/Eloquent/Builder->Illuminate/Database/Eloquent/{closure}()
#15 C:/Users/PC/Documents/GitHub/Fawaz_ALharbi_test/backend-laravel/vendor/laravel/framework/src/Illuminate/Database/Eloquent/Builder.php(585): Illuminate/Database/Eloquent/Builder->withSavepointIfNeeded(Object(Closure))
#16 C:/Users/PC/Documents/GitHub/Fawaz_ALharbi_test/backend-laravel/vendor/laravel/framework/src/Illuminate/Database/Eloquent/Builder.php(572): Illuminate/Database/Eloquent/Builder->createOrFirst(Array, Array)
#17 C:/Users/PC/Documents/GitHub/Fawaz_ALharbi_test/backend-laravel/vendor/laravel/framework/src/Illuminate/Database/Eloquent/Builder.php(600): Illuminate/Database/Eloquent/Builder->firstOrCreate(Array, Array)
#18 C:/Users/PC/Documents/GitHub/Fawaz_ALharbi_test/backend-laravel/vendor/laravel/framework/src/Illuminate/Support/Traits/ForwardsCalls.php(23): Illuminate/Database/Eloquent/Builder->updateOrCreate(Array, Array)
#19 C:/Users/PC/Documents/GitHub/Fawaz_ALharbi_test/backend-laravel/vendor/laravel/framework/src/Illuminate/Database/Eloquent/Model.php(2335): Illuminate/Database/Eloquent/Model->forwardCallTo(Object(Illuminate/Database/Eloquent/Builder), 'updateOrCreate', Array)
#20 C:/Users/PC/Documents/GitHub/Fawaz_ALharbi_test/backend-laravel/vendor/laravel/framework/src/Illuminate/Database/Eloquent/Model.php(2347): Illuminate/Database/Eloquent/Model->__call('updateOrCreate', Array)
#21 C:/Users/PC/Documents/GitHub/Fawaz_ALharbi_test/backend-laravel/database/seeders/DemoDataSeeder.php(25): Illuminate/Database/Eloquent/Model::__callStatic('updateOrCreate', Array)
#22 C:/Users/PC/Documents/GitHub/Fawaz_ALharbi_test/backend-laravel/vendor/laravel/framework/src/Illuminate/Container/BoundMethod.php(36): Database/Seeders/DemoDataSeeder->run()
#23 C:/Users/PC/Documents/GitHub/Fawaz_ALharbi_test/backend-laravel/vendor/laravel/framework/src/Illuminate/Container/Util.php(41): Illuminate/Container/BoundMethod::Illuminate/Container/{closure}()
#24 C:/Users/PC/Documents/GitHub/Fawaz_ALharbi_test/backend-laravel/vendor/laravel/framework/src/Illuminate/Container/BoundMethod.php(93): Illuminate/Container/Util::unwrapIfClosure(Object(Closure))
#25 C:/Users/PC/Documents/GitHub/Fawaz_ALharbi_test/backend-laravel/vendor/laravel/framework/src/Illuminate/Container/BoundMethod.php(37): Illuminate/Container/BoundMethod::callBoundMethod(Object(Illuminate/Foundation/Application), Array, Object(Closure))
#26 C:/Users/PC/Documents/GitHub/Fawaz_ALharbi_test/backend-laravel/vendor/laravel/framework/src/Illuminate/Container/Container.php(662): Illuminate/Container/BoundMethod::call(Object(Illuminate/Foundation/Application), Array, Array, NULL)
#27 C:/Users/PC/Documents/GitHub/Fawaz_ALharbi_test/backend-laravel/vendor/laravel/framework/src/Illuminate/Database/Seeder.php(184): Illuminate/Container/Container->call(Array, Array)
#28 C:/Users/PC/Documents/GitHub/Fawaz_ALharbi_test/backend-laravel/vendor/laravel/framework/src/Illuminate/Database/Seeder.php(193): Illuminate/Database/Seeder->Illuminate/Database/{closure}()
#29 C:/Users/PC/Documents/GitHub/Fawaz_ALharbi_test/backend-laravel/vendor/laravel/framework/src/Illuminate/Database/Seeder.php(61): Illuminate/Database/Seeder->__invoke(Array)
#30 C:/Users/PC/Documents/GitHub/Fawaz_ALharbi_test/backend-laravel/database/seeders/DatabaseSeeder.php(27): Illuminate/Database/Seeder->call('Database//Seeder...')
#31 C:/Users/PC/Documents/GitHub/Fawaz_ALharbi_test/backend-laravel/vendor/laravel/framework/src/Illuminate/Container/BoundMethod.php(36): Database/Seeders/DatabaseSeeder->run()
#32 C:/Users/PC/Documents/GitHub/Fawaz_ALharbi_test/backend-laravel/vendor/laravel/framework/src/Illuminate/Container/Util.php(41): Illuminate/Container/BoundMethod::Illuminate/Container/{closure}()
#33 C:/Users/PC/Documents/GitHub/Fawaz_ALharbi_test/backend-laravel/vendor/laravel/framework/src/Illuminate/Container/BoundMethod.php(93): Illuminate/Container/Util::unwrapIfClosure(Object(Closure))
#34 C:/Users/PC/Documents/GitHub/Fawaz_ALharbi_test/backend-laravel/vendor/laravel/framework/src/Illuminate/Container/BoundMethod.php(37): Illuminate/Container/BoundMethod::callBoundMethod(Object(Illuminate/Foundation/Application), Array, Object(Closure))
#35 C:/Users/PC/Documents/GitHub/Fawaz_ALharbi_test/backend-laravel/vendor/laravel/framework/src/Illuminate/Container/Container.php(662): Illuminate/Container/BoundMethod::call(Object(Illuminate/Foundation/Application), Array, Array, NULL)
#36 C:/Users/PC/Documents/GitHub/Fawaz_ALharbi_test/backend-laravel/vendor/laravel/framework/src/Illuminate/Database/Seeder.php(184): Illuminate/Container/Container->call(Array, Array)
#37 C:/Users/PC/Documents/GitHub/Fawaz_ALharbi_test/backend-laravel/vendor/laravel/framework/src/Illuminate/Database/Seeder.php(193): Illuminate/Database/Seeder->Illuminate/Database/{closure}()
#38 C:/Users/PC/Documents/GitHub/Fawaz_ALharbi_test/backend-laravel/vendor/laravel/framework/src/Illuminate/Database/Console/Seeds/SeedCommand.php(70): Illuminate/Database/Seeder->__invoke()
#39 C:/Users/PC/Documents/GitHub/Fawaz_ALharbi_test/backend-laravel/vendor/laravel/framework/src/Illuminate/Database/Eloquent/Concerns/GuardsAttributes.php(155): Illuminate/Database/Console/Seeds/SeedCommand->Illuminate/Database/Console/Seeds/{closure}()
#40 C:/Users/PC/Documents/GitHub/Fawaz_ALharbi_test/backend-laravel/vendor/laravel/framework/src/Illuminate/Database/Console/Seeds/SeedCommand.php(71): Illuminate/Database/Eloquent/Model::unguarded(Object(Closure))
#41 C:/Users/PC/Documents/GitHub/Fawaz_ALharbi_test/backend-laravel/vendor/laravel/framework/src/Illuminate/Container/BoundMethod.php(36): Illuminate/Database/Console/Seeds/SeedCommand->handle()
#42 C:/Users/PC/Documents/GitHub/Fawaz_ALharbi_test/backend-laravel/vendor/laravel/framework/src/Illuminate/Container/Util.php(41): Illuminate/Container/BoundMethod::Illuminate/Container/{closure}()
#43 C:/Users/PC/Documents/GitHub/Fawaz_ALharbi_test/backend-laravel/vendor/laravel/framework/src/Illuminate/Container/BoundMethod.php(93): Illuminate/Container/Util::unwrapIfClosure(Object(Closure))
#44 C:/Users/PC/Documents/GitHub/Fawaz_ALharbi_test/backend-laravel/vendor/laravel/framework/src/Illuminate/Container/BoundMethod.php(37): Illuminate/Container/BoundMethod::callBoundMethod(Object(Illuminate/Foundation/Application), Array, Object(Closure))
#45 C:/Users/PC/Documents/GitHub/Fawaz_ALharbi_test/backend-laravel/vendor/laravel/framework/src/Illuminate/Container/Container.php(662): Illuminate/Container/BoundMethod::call(Object(Illuminate/Foundation/Application), Array, Array, NULL)
#46 C:/Users/PC/Documents/GitHub/Fawaz_ALharbi_test/backend-laravel/vendor/laravel/framework/src/Illuminate/Console/Command.php(211): Illuminate/Container/Container->call(Array)
#47 C:/Users/PC/Documents/GitHub/Fawaz_ALharbi_test/backend-laravel/vendor/symfony/console/Command/Command.php(326): Illuminate/Console/Command->execute(Object(Symfony/Component/Console/Input/ArrayInput), Object(Illuminate/Console/OutputStyle))
#48 C:/Users/PC/Documents/GitHub/Fawaz_ALharbi_test/backend-laravel/vendor/laravel/framework/src/Illuminate/Console/Command.php(181): Symfony/Component/Console/Command/Command->run(Object(Symfony/Component/Console/Input/ArrayInput), Object(Illuminate/Console/OutputStyle))
#49 C:/Users/PC/Documents/GitHub/Fawaz_ALharbi_test/backend-laravel/vendor/laravel/framework/src/Illuminate/Console/Concerns/CallsCommands.php(68): Illuminate/Console/Command->run(Object(Symfony/Component/Console/Input/ArrayInput), Object(Illuminate/Console/OutputStyle))
#50 C:/Users/PC/Documents/GitHub/Fawaz_ALharbi_test/backend-laravel/vendor/laravel/framework/src/Illuminate/Console/Concerns/CallsCommands.php(28): Illuminate/Console/Command->runCommand('db:seed', Array, Object(Illuminate/Console/OutputStyle))
#51 C:/Users/PC/Documents/GitHub/Fawaz_ALharbi_test/backend-laravel/vendor/laravel/framework/src/Illuminate/Database/Console/Migrations/FreshCommand.php(94): Illuminate/Console/Command->call('db:seed', Array)
#52 C:/Users/PC/Documents/GitHub/Fawaz_ALharbi_test/backend-laravel/vendor/laravel/framework/src/Illuminate/Database/Console/Migrations/FreshCommand.php(69): Illuminate/Database/Console/Migrations/FreshCommand->runSeeder(NULL)
#53 C:/Users/PC/Documents/GitHub/Fawaz_ALharbi_test/backend-laravel/vendor/laravel/framework/src/Illuminate/Container/BoundMethod.php(36): Illuminate/Database/Console/Migrations/FreshCommand->handle()
#54 C:/Users/PC/Documents/GitHub/Fawaz_ALharbi_test/backend-laravel/vendor/laravel/framework/src/Illuminate/Container/Util.php(41): Illuminate/Container/BoundMethod::Illuminate/Container/{closure}()
#55 C:/Users/PC/Documents/GitHub/Fawaz_ALharbi_test/backend-laravel/vendor/laravel/framework/src/Illuminate/Container/BoundMethod.php(93): Illuminate/Container/Util::unwrapIfClosure(Object(Closure))
#56 C:/Users/PC/Documents/GitHub/Fawaz_ALharbi_test/backend-laravel/vendor/laravel/framework/src/Illuminate/Container/BoundMethod.php(37): Illuminate/Container/BoundMethod::callBoundMethod(Object(Illuminate/Foundation/Application), Array, Object(Closure))
#57 C:/Users/PC/Documents/GitHub/Fawaz_ALharbi_test/backend-laravel/vendor/laravel/framework/src/Illuminate/Container/Container.php(662): Illuminate/Container/BoundMethod::call(Object(Illuminate/Foundation/Application), Array, Array, NULL)
#58 C:/Users/PC/Documents/GitHub/Fawaz_ALharbi_test/backend-laravel/vendor/laravel/framework/src/Illuminate/Console/Command.php(211): Illuminate/Container/Container->call(Array)
#59 C:/Users/PC/Documents/GitHub/Fawaz_ALharbi_test/backend-laravel/vendor/symfony/console/Command/Command.php(326): Illuminate/Console/Command->execute(Object(Symfony/Component/Console/Input/ArgvInput), Object(Illuminate/Console/OutputStyle))
#60 C:/Users/PC/Documents/GitHub/Fawaz_ALharbi_test/backend-laravel/vendor/laravel/framework/src/Illuminate/Console/Command.php(181): Symfony/Component/Console/Command/Command->run(Object(Symfony/Component/Console/Input/ArgvInput), Object(Illuminate/Console/OutputStyle))
#61 C:/Users/PC/Documents/GitHub/Fawaz_ALharbi_test/backend-laravel/vendor/symfony/console/Application.php(1121): Illuminate/Console/Command->run(Object(Symfony/Component/Console/Input/ArgvInput), Object(Symfony/Component/Console/Output/ConsoleOutput))
#62 C:/Users/PC/Documents/GitHub/Fawaz_ALharbi_test/backend-laravel/vendor/symfony/console/Application.php(324): Symfony/Component/Console/Application->doRunCommand(Object(Illuminate/Database/Console/Migrations/FreshCommand), Object(Symfony/Component/Console/Input/ArgvInput), Object(Symfony/Component/Console/Output/ConsoleOutput))
#63 C:/Users/PC/Documents/GitHub/Fawaz_ALharbi_test/backend-laravel/vendor/symfony/console/Application.php(175): Symfony/Component/Console/Application->doRun(Object(Symfony/Component/Console/Input/ArgvInput), Object(Symfony/Component/Console/Output/ConsoleOutput))
#64 C:/Users/PC/Documents/GitHub/Fawaz_ALharbi_test/backend-laravel/vendor/laravel/framework/src/Illuminate/Foundation/Console/Kernel.php(201): Symfony/Component/Console/Application->run(Object(Symfony/Component/Console/Input/ArgvInput), Object(Symfony/Component/Console/Output/ConsoleOutput))
#65 C:/Users/PC/Documents/GitHub/Fawaz_ALharbi_test/backend-laravel/artisan(37): Illuminate/Foundation/Console/Kernel->handle(Object(Symfony/Component/Console/Input/ArgvInput), Object(Symfony/Component/Console/Output/ConsoleOutput))
#66 {main}
"} 
[2026-04-27 16:03:41] local.ERROR: __clone method called on non-object {"exception":"[object] (Error(code: 0): __clone method called on non-object at C:/Users/PC/Documents/GitHub/Fawaz_ALharbi_test/backend-laravel/database/seeders/DemoDataSeeder.php:93)
[stacktrace]
#0 C:/Users/PC/Documents/GitHub/Fawaz_ALharbi_test/backend-laravel/vendor/laravel/framework/src/Illuminate/Container/BoundMethod.php(36): Database/Seeders/DemoDataSeeder->run()
#1 C:/Users/PC/Documents/GitHub/Fawaz_ALharbi_test/backend-laravel/vendor/laravel/framework/src/Illuminate/Container/Util.php(41): Illuminate/Container/BoundMethod::Illuminate/Container/{closure}()
#2 C:/Users/PC/Documents/GitHub/Fawaz_ALharbi_test/backend-laravel/vendor/laravel/framework/src/Illuminate/Container/BoundMethod.php(93): Illuminate/Container/Util::unwrapIfClosure(Object(Closure))
#3 C:/Users/PC/Documents/GitHub/Fawaz_ALharbi_test/backend-laravel/vendor/laravel/framework/src/Illuminate/Container/BoundMethod.php(37): Illuminate/Container/BoundMethod::callBoundMethod(Object(Illuminate/Foundation/Application), Array, Object(Closure))
#4 C:/Users/PC/Documents/GitHub/Fawaz_ALharbi_test/backend-laravel/vendor/laravel/framework/src/Illuminate/Container/Container.php(662): Illuminate/Container/BoundMethod::call(Object(Illuminate/Foundation/Application), Array, Array, NULL)
#5 C:/Users/PC/Documents/GitHub/Fawaz_ALharbi_test/backend-laravel/vendor/laravel/framework/src/Illuminate/Database/Seeder.php(184): Illuminate/Container/Container->call(Array, Array)
#6 C:/Users/PC/Documents/GitHub/Fawaz_ALharbi_test/backend-laravel/vendor/laravel/framework/src/Illuminate/Database/Seeder.php(193): Illuminate/Database/Seeder->Illuminate/Database/{closure}()
#7 C:/Users/PC/Documents/GitHub/Fawaz_ALharbi_test/backend-laravel/vendor/laravel/framework/src/Illuminate/Database/Seeder.php(61): Illuminate/Database/Seeder->__invoke(Array)
#8 C:/Users/PC/Documents/GitHub/Fawaz_ALharbi_test/backend-laravel/database/seeders/DatabaseSeeder.php(27): Illuminate/Database/Seeder->call('Database//Seeder...')
#9 C:/Users/PC/Documents/GitHub/Fawaz_ALharbi_test/backend-laravel/vendor/laravel/framework/src/Illuminate/Container/BoundMethod.php(36): Database/Seeders/DatabaseSeeder->run()
#10 C:/Users/PC/Documents/GitHub/Fawaz_ALharbi_test/backend-laravel/vendor/laravel/framework/src/Illuminate/Container/Util.php(41): Illuminate/Container/BoundMethod::Illuminate/Container/{closure}()
#11 C:/Users/PC/Documents/GitHub/Fawaz_ALharbi_test/backend-laravel/vendor/laravel/framework/src/Illuminate/Container/BoundMethod.php(93): Illuminate/Container/Util::unwrapIfClosure(Object(Closure))
#12 C:/Users/PC/Documents/GitHub/Fawaz_ALharbi_test/backend-laravel/vendor/laravel/framework/src/Illuminate/Container/BoundMethod.php(37): Illuminate/Container/BoundMethod::callBoundMethod(Object(Illuminate/Foundation/Application), Array, Object(Closure))
#13 C:/Users/PC/Documents/GitHub/Fawaz_ALharbi_test/backend-laravel/vendor/laravel/framework/src/Illuminate/Container/Container.php(662): Illuminate/Container/BoundMethod::call(Object(Illuminate/Foundation/Application), Array, Array, NULL)
#14 C:/Users/PC/Documents/GitHub/Fawaz_ALharbi_test/backend-laravel/vendor/laravel/framework/src/Illuminate/Database/Seeder.php(184): Illuminate/Container/Container->call(Array, Array)
#15 C:/Users/PC/Documents/GitHub/Fawaz_ALharbi_test/backend-laravel/vendor/laravel/framework/src/Illuminate/Database/Seeder.php(193): Illuminate/Database/Seeder->Illuminate/Database/{closure}()
#16 C:/Users/PC/Documents/GitHub/Fawaz_ALharbi_test/backend-laravel/vendor/laravel/framework/src/Illuminate/Database/Console/Seeds/SeedCommand.php(70): Illuminate/Database/Seeder->__invoke()
#17 C:/Users/PC/Documents/GitHub/Fawaz_ALharbi_test/backend-laravel/vendor/laravel/framework/src/Illuminate/Database/Eloquent/Concerns/GuardsAttributes.php(155): Illuminate/Database/Console/Seeds/SeedCommand->Illuminate/Database/Console/Seeds/{closure}()
#18 C:/Users/PC/Documents/GitHub/Fawaz_ALharbi_test/backend-laravel/vendor/laravel/framework/src/Illuminate/Database/Console/Seeds/SeedCommand.php(71): Illuminate/Database/Eloquent/Model::unguarded(Object(Closure))
#19 C:/Users/PC/Documents/GitHub/Fawaz_ALharbi_test/backend-laravel/vendor/laravel/framework/src/Illuminate/Container/BoundMethod.php(36): Illuminate/Database/Console/Seeds/SeedCommand->handle()
#20 C:/Users/PC/Documents/GitHub/Fawaz_ALharbi_test/backend-laravel/vendor/laravel/framework/src/Illuminate/Container/Util.php(41): Illuminate/Container/BoundMethod::Illuminate/Container/{closure}()
#21 C:/Users/PC/Documents/GitHub/Fawaz_ALharbi_test/backend-laravel/vendor/laravel/framework/src/Illuminate/Container/BoundMethod.php(93): Illuminate/Container/Util::unwrapIfClosure(Object(Closure))
#22 C:/Users/PC/Documents/GitHub/Fawaz_ALharbi_test/backend-laravel/vendor/laravel/framework/src/Illuminate/Container/BoundMethod.php(37): Illuminate/Container/BoundMethod::callBoundMethod(Object(Illuminate/Foundation/Application), Array, Object(Closure))
#23 C:/Users/PC/Documents/GitHub/Fawaz_ALharbi_test/backend-laravel/vendor/laravel/framework/src/Illuminate/Container/Container.php(662): Illuminate/Container/BoundMethod::call(Object(Illuminate/Foundation/Application), Array, Array, NULL)
#24 C:/Users/PC/Documents/GitHub/Fawaz_ALharbi_test/backend-laravel/vendor/laravel/framework/src/Illuminate/Console/Command.php(211): Illuminate/Container/Container->call(Array)
#25 C:/Users/PC/Documents/GitHub/Fawaz_ALharbi_test/backend-laravel/vendor/symfony/console/Command/Command.php(326): Illuminate/Console/Command->execute(Object(Symfony/Component/Console/Input/ArrayInput), Object(Illuminate/Console/OutputStyle))
#26 C:/Users/PC/Documents/GitHub/Fawaz_ALharbi_test/backend-laravel/vendor/laravel/framework/src/Illuminate/Console/Command.php(181): Symfony/Component/Console/Command/Command->run(Object(Symfony/Component/Console/Input/ArrayInput), Object(Illuminate/Console/OutputStyle))
#27 C:/Users/PC/Documents/GitHub/Fawaz_ALharbi_test/backend-laravel/vendor/laravel/framework/src/Illuminate/Console/Concerns/CallsCommands.php(68): Illuminate/Console/Command->run(Object(Symfony/Component/Console/Input/ArrayInput), Object(Illuminate/Console/OutputStyle))
#28 C:/Users/PC/Documents/GitHub/Fawaz_ALharbi_test/backend-laravel/vendor/laravel/framework/src/Illuminate/Console/Concerns/CallsCommands.php(28): Illuminate/Console/Command->runCommand('db:seed', Array, Object(Illuminate/Console/OutputStyle))
#29 C:/Users/PC/Documents/GitHub/Fawaz_ALharbi_test/backend-laravel/vendor/laravel/framework/src/Illuminate/Database/Console/Migrations/FreshCommand.php(94): Illuminate/Console/Command->call('db:seed', Array)
#30 C:/Users/PC/Documents/GitHub/Fawaz_ALharbi_test/backend-laravel/vendor/laravel/framework/src/Illuminate/Database/Console/Migrations/FreshCommand.php(69): Illuminate/Database/Console/Migrations/FreshCommand->runSeeder(NULL)
#31 C:/Users/PC/Documents/GitHub/Fawaz_ALharbi_test/backend-laravel/vendor/laravel/framework/src/Illuminate/Container/BoundMethod.php(36): Illuminate/Database/Console/Migrations/FreshCommand->handle()
#32 C:/Users/PC/Documents/GitHub/Fawaz_ALharbi_test/backend-laravel/vendor/laravel/framework/src/Illuminate/Container/Util.php(41): Illuminate/Container/BoundMethod::Illuminate/Container/{closure}()
#33 C:/Users/PC/Documents/GitHub/Fawaz_ALharbi_test/backend-laravel/vendor/laravel/framework/src/Illuminate/Container/BoundMethod.php(93): Illuminate/Container/Util::unwrapIfClosure(Object(Closure))
#34 C:/Users/PC/Documents/GitHub/Fawaz_ALharbi_test/backend-laravel/vendor/laravel/framework/src/Illuminate/Container/BoundMethod.php(37): Illuminate/Container/BoundMethod::callBoundMethod(Object(Illuminate/Foundation/Application), Array, Object(Closure))
#35 C:/Users/PC/Documents/GitHub/Fawaz_ALharbi_test/backend-laravel/vendor/laravel/framework/src/Illuminate/Container/Container.php(662): Illuminate/Container/BoundMethod::call(Object(Illuminate/Foundation/Application), Array, Array, NULL)
#36 C:/Users/PC/Documents/GitHub/Fawaz_ALharbi_test/backend-laravel/vendor/laravel/framework/src/Illuminate/Console/Command.php(211): Illuminate/Container/Container->call(Array)
#37 C:/Users/PC/Documents/GitHub/Fawaz_ALharbi_test/backend-laravel/vendor/symfony/console/Command/Command.php(326): Illuminate/Console/Command->execute(Object(Symfony/Component/Console/Input/ArgvInput), Object(Illuminate/Console/OutputStyle))
#38 C:/Users/PC/Documents/GitHub/Fawaz_ALharbi_test/backend-laravel/vendor/laravel/framework/src/Illuminate/Console/Command.php(181): Symfony/Component/Console/Command/Command->run(Object(Symfony/Component/Console/Input/ArgvInput), Object(Illuminate/Console/OutputStyle))
#39 C:/Users/PC/Documents/GitHub/Fawaz_ALharbi_test/backend-laravel/vendor/symfony/console/Application.php(1121): Illuminate/Console/Command->run(Object(Symfony/Component/Console/Input/ArgvInput), Object(Symfony/Component/Console/Output/ConsoleOutput))
#40 C:/Users/PC/Documents/GitHub/Fawaz_ALharbi_test/backend-laravel/vendor/symfony/console/Application.php(324): Symfony/Component/Console/Application->doRunCommand(Object(Illuminate/Database/Console/Migrations/FreshCommand), Object(Symfony/Component/Console/Input/ArgvInput), Object(Symfony/Component/Console/Output/ConsoleOutput))
#41 C:/Users/PC/Documents/GitHub/Fawaz_ALharbi_test/backend-laravel/vendor/symfony/console/Application.php(175): Symfony/Component/Console/Application->doRun(Object(Symfony/Component/Console/Input/ArgvInput), Object(Symfony/Component/Console/Output/ConsoleOutput))
#42 C:/Users/PC/Documents/GitHub/Fawaz_ALharbi_test/backend-laravel/vendor/laravel/framework/src/Illuminate/Foundation/Console/Kernel.php(201): Symfony/Component/Console/Application->run(Object(Symfony/Component/Console/Input/ArgvInput), Object(Symfony/Component/Console/Output/ConsoleOutput))
#43 C:/Users/PC/Documents/GitHub/Fawaz_ALharbi_test/backend-laravel/artisan(37): Illuminate/Foundation/Console/Kernel->handle(Object(Symfony/Component/Console/Input/ArgvInput), Object(Symfony/Component/Console/Output/ConsoleOutput))
#44 {main}
"} 
[2026-04-27 16:20:20] local.ERROR: Cannot declare class App\Http\Controllers\Api\PricingPlanController, because the name is already in use {"exception":"[object] (Symfony\\Component\\ErrorHandler\\Error\\FatalError(code: 0): Cannot declare class App\\Http\\Controllers\\Api\\PricingPlanController, because the name is already in use at C:/Users/PC/Documents/GitHub/Fawaz_ALharbi_test/backend-laravel/app/Http/Controllers/Api/PricingController.php:9)
[stacktrace]
#0 {main}
"} 
[2026-04-27 16:21:03] local.ERROR: Cannot declare class App\Http\Controllers\Api\PricingPlanController, because the name is already in use {"exception":"[object] (Symfony\\Component\\ErrorHandler\\Error\\FatalError(code: 0): Cannot declare class App\\Http\\Controllers\\Api\\PricingPlanController, because the name is already in use at C:/Users/PC/Documents/GitHub/Fawaz_ALharbi_test/backend-laravel/app/Http/Controllers/Api/PricingController.php:9)
[stacktrace]
#0 {main}
"} 
[2026-04-27 16:29:53] local.ERROR: SQLSTATE[HY000]: General error: 1291 Column 'status' has duplicated value 'approved' in ENUM (Connection: mysql, SQL: create table `reviews` (`id` bigint unsigned not null auto_increment primary key, `tenant_id` bigint unsigned not null default '1', `booking_id` bigint unsigned null, `customer_id` bigint unsigned null, `merchant_id` bigint unsigned null, `service_id` bigint unsigned null, `author` varchar(255) null, `merchant` varchar(255) null, `rating` tinyint not null default '5', `title` varchar(255) null, `comment` text null, `sentiment` enum('positive', 'neutral', 'negative') not null default 'neutral', `status` enum('pending', 'approved', 'rejected', 'flagged', 'Approved') not null default 'Approved', `moderation_notes` text null, `photo_urls` json null, `merchant_response` text null, `merchant_responded_at` datetime null, `verified_purchase` tinyint(1) not null default '1', `is_helpful_count` int not null default '0', `is_not_helpful_count` int not null default '0', `text` varchar(255) null, `date` date null, `created_at` timestamp null, `updated_at` timestamp null) default character set utf8mb4 collate 'utf8mb4_unicode_ci') {"exception":"[object] (Illuminate\\Database\\QueryException(code: HY000): SQLSTATE[HY000]: General error: 1291 Column 'status' has duplicated value 'approved' in ENUM (Connection: mysql, SQL: create table `reviews` (`id` bigint unsigned not null auto_increment primary key, `tenant_id` bigint unsigned not null default '1', `booking_id` bigint unsigned null, `customer_id` bigint unsigned null, `merchant_id` bigint unsigned null, `service_id` bigint unsigned null, `author` varchar(255) null, `merchant` varchar(255) null, `rating` tinyint not null default '5', `title` varchar(255) null, `comment` text null, `sentiment` enum('positive', 'neutral', 'negative') not null default 'neutral', `status` enum('pending', 'approved', 'rejected', 'flagged', 'Approved') not null default 'Approved', `moderation_notes` text null, `photo_urls` json null, `merchant_response` text null, `merchant_responded_at` datetime null, `verified_purchase` tinyint(1) not null default '1', `is_helpful_count` int not null default '0', `is_not_helpful_count` int not null default '0', `text` varchar(255) null, `date` date null, `created_at` timestamp null, `updated_at` timestamp null) default character set utf8mb4 collate 'utf8mb4_unicode_ci') at C:/Users/PC/Documents/GitHub/Fawaz_ALharbi_test/backend-laravel/vendor/laravel/framework/src/Illuminate/Database/Connection.php:829)
[stacktrace]
#0 C:/Users/PC/Documents/GitHub/Fawaz_ALharbi_test/backend-laravel/vendor/laravel/framework/src/Illuminate/Database/Connection.php(783): Illuminate/Database/Connection->runQueryCallback('create table `r...', Array, Object(Closure))
#1 C:/Users/PC/Documents/GitHub/Fawaz_ALharbi_test/backend-laravel/vendor/laravel/framework/src/Illuminate/Database/Connection.php(588): Illuminate/Database/Connection->run('create table `r...', Array, Object(Closure))
#2 C:/Users/PC/Documents/GitHub/Fawaz_ALharbi_test/backend-laravel/vendor/laravel/framework/src/Illuminate/Database/Schema/Blueprint.php(110): Illuminate/Database/Connection->statement('create table `r...')
#3 C:/Users/PC/Documents/GitHub/Fawaz_ALharbi_test/backend-laravel/vendor/laravel/framework/src/Illuminate/Database/Schema/Builder.php(602): Illuminate/Database/Schema/Blueprint->build(Object(Illuminate/Database/MySqlConnection), Object(Illuminate/Database/Schema/Grammars/MySqlGrammar))
#4 C:/Users/PC/Documents/GitHub/Fawaz_ALharbi_test/backend-laravel/vendor/laravel/framework/src/Illuminate/Database/Schema/Builder.php(460): Illuminate/Database/Schema/Builder->build(Object(Illuminate/Database/Schema/Blueprint))
#5 C:/Users/PC/Documents/GitHub/Fawaz_ALharbi_test/backend-laravel/vendor/laravel/framework/src/Illuminate/Support/Facades/Facade.php(355): Illuminate/Database/Schema/Builder->create('reviews', Object(Closure))
#6 C:/Users/PC/Documents/GitHub/Fawaz_ALharbi_test/backend-laravel/database/migrations/2026_04_27_162641_create_advanced_booking_tables.php(109): Illuminate/Support/Facades/Facade::__callStatic('create', Array)
#7 C:/Users/PC/Documents/GitHub/Fawaz_ALharbi_test/backend-laravel/vendor/laravel/framework/src/Illuminate/Database/Migrations/Migrator.php(501): Illuminate/Database/Migrations/Migration@anonymous->up()
#8 C:/Users/PC/Documents/GitHub/Fawaz_ALharbi_test/backend-laravel/vendor/laravel/framework/src/Illuminate/Database/Migrations/Migrator.php(418): Illuminate/Database/Migrations/Migrator->runMethod(Object(Illuminate/Database/MySqlConnection), Object(Illuminate/Database/Migrations/Migration@anonymous), 'up')
#9 C:/Users/PC/Documents/GitHub/Fawaz_ALharbi_test/backend-laravel/vendor/laravel/framework/src/Illuminate/Database/Migrations/Migrator.php(427): Illuminate/Database/Migrations/Migrator->Illuminate/Database/Migrations/{closure}()
#10 C:/Users/PC/Documents/GitHub/Fawaz_ALharbi_test/backend-laravel/vendor/laravel/framework/src/Illuminate/Database/Migrations/Migrator.php(224): Illuminate/Database/Migrations/Migrator->runMigration(Object(Illuminate/Database/Migrations/Migration@anonymous), 'up')
#11 C:/Users/PC/Documents/GitHub/Fawaz_ALharbi_test/backend-laravel/vendor/laravel/framework/src/Illuminate/Console/View/Components/Task.php(37): Illuminate/Database/Migrations/Migrator->Illuminate/Database/Migrations/{closure}()
#12 C:/Users/PC/Documents/GitHub/Fawaz_ALharbi_test/backend-laravel/vendor/laravel/framework/src/Illuminate/Database/Migrations/Migrator.php(783): Illuminate/Console/View/Components/Task->render('2026_04_27_1626...', Object(Closure))
#13 C:/Users/PC/Documents/GitHub/Fawaz_ALharbi_test/backend-laravel/vendor/laravel/framework/src/Illuminate/Database/Migrations/Migrator.php(224): Illuminate/Database/Migrations/Migrator->write('Illuminate//Cons...', '2026_04_27_1626...', Object(Closure))
#14 C:/Users/PC/Documents/GitHub/Fawaz_ALharbi_test/backend-laravel/vendor/laravel/framework/src/Illuminate/Database/Migrations/Migrator.php(189): Illuminate/Database/Migrations/Migrator->runUp('C://Users//PC//Doc...', 1, false)
#15 C:/Users/PC/Documents/GitHub/Fawaz_ALharbi_test/backend-laravel/vendor/laravel/framework/src/Illuminate/Database/Migrations/Migrator.php(132): Illuminate/Database/Migrations/Migrator->runPending(Array, Array)
#16 C:/Users/PC/Documents/GitHub/Fawaz_ALharbi_test/backend-laravel/vendor/laravel/framework/src/Illuminate/Database/Console/Migrations/MigrateCommand.php(92): Illuminate/Database/Migrations/Migrator->run(Array, Array)
#17 C:/Users/PC/Documents/GitHub/Fawaz_ALharbi_test/backend-laravel/vendor/laravel/framework/src/Illuminate/Database/Migrations/Migrator.php(641): Illuminate/Database/Console/Migrations/MigrateCommand->Illuminate/Database/Console/Migrations/{closure}()
#18 C:/Users/PC/Documents/GitHub/Fawaz_ALharbi_test/backend-laravel/vendor/laravel/framework/src/Illuminate/Database/Console/Migrations/MigrateCommand.php(104): Illuminate/Database/Migrations/Migrator->usingConnection(NULL, Object(Closure))
#19 C:/Users/PC/Documents/GitHub/Fawaz_ALharbi_test/backend-laravel/vendor/laravel/framework/src/Illuminate/Container/BoundMethod.php(36): Illuminate/Database/Console/Migrations/MigrateCommand->handle()
#20 C:/Users/PC/Documents/GitHub/Fawaz_ALharbi_test/backend-laravel/vendor/laravel/framework/src/Illuminate/Container/Util.php(41): Illuminate/Container/BoundMethod::Illuminate/Container/{closure}()
#21 C:/Users/PC/Documents/GitHub/Fawaz_ALharbi_test/backend-laravel/vendor/laravel/framework/src/Illuminate/Container/BoundMethod.php(93): Illuminate/Container/Util::unwrapIfClosure(Object(Closure))
#22 C:/Users/PC/Documents/GitHub/Fawaz_ALharbi_test/backend-laravel/vendor/laravel/framework/src/Illuminate/Container/BoundMethod.php(37): Illuminate/Container/BoundMethod::callBoundMethod(Object(Illuminate/Foundation/Application), Array, Object(Closure))
#23 C:/Users/PC/Documents/GitHub/Fawaz_ALharbi_test/backend-laravel/vendor/laravel/framework/src/Illuminate/Container/Container.php(662): Illuminate/Container/BoundMethod::call(Object(Illuminate/Foundation/Application), Array, Array, NULL)
#24 C:/Users/PC/Documents/GitHub/Fawaz_ALharbi_test/backend-laravel/vendor/laravel/framework/src/Illuminate/Console/Command.php(211): Illuminate/Container/Container->call(Array)
#25 C:/Users/PC/Documents/GitHub/Fawaz_ALharbi_test/backend-laravel/vendor/symfony/console/Command/Command.php(326): Illuminate/Console/Command->execute(Object(Symfony/Component/Console/Input/ArrayInput), Object(Illuminate/Console/OutputStyle))
#26 C:/Users/PC/Documents/GitHub/Fawaz_ALharbi_test/backend-laravel/vendor/laravel/framework/src/Illuminate/Console/Command.php(181): Symfony/Component/Console/Command/Command->run(Object(Symfony/Component/Console/Input/ArrayInput), Object(Illuminate/Console/OutputStyle))
#27 C:/Users/PC/Documents/GitHub/Fawaz_ALharbi_test/backend-laravel/vendor/laravel/framework/src/Illuminate/Console/Concerns/CallsCommands.php(68): Illuminate/Console/Command->run(Object(Symfony/Component/Console/Input/ArrayInput), Object(Illuminate/Console/OutputStyle))
#28 C:/Users/PC/Documents/GitHub/Fawaz_ALharbi_test/backend-laravel/vendor/laravel/framework/src/Illuminate/Console/Concerns/CallsCommands.php(28): Illuminate/Console/Command->runCommand('migrate', Array, Object(Illuminate/Console/OutputStyle))
#29 C:/Users/PC/Documents/GitHub/Fawaz_ALharbi_test/backend-laravel/vendor/laravel/framework/src/Illuminate/Database/Console/Migrations/FreshCommand.php(59): Illuminate/Console/Command->call('migrate', Array)
#30 C:/Users/PC/Documents/GitHub/Fawaz_ALharbi_test/backend-laravel/vendor/laravel/framework/src/Illuminate/Container/BoundMethod.php(36): Illuminate/Database/Console/Migrations/FreshCommand->handle()
#31 C:/Users/PC/Documents/GitHub/Fawaz_ALharbi_test/backend-laravel/vendor/laravel/framework/src/Illuminate/Container/Util.php(41): Illuminate/Container/BoundMethod::Illuminate/Container/{closure}()
#32 C:/Users/PC/Documents/GitHub/Fawaz_ALharbi_test/backend-laravel/vendor/laravel/framework/src/Illuminate/Container/BoundMethod.php(93): Illuminate/Container/Util::unwrapIfClosure(Object(Closure))
#33 C:/Users/PC/Documents/GitHub/Fawaz_ALharbi_test/backend-laravel/vendor/laravel/framework/src/Illuminate/Container/BoundMethod.php(37): Illuminate/Container/BoundMethod::callBoundMethod(Object(Illuminate/Foundation/Application), Array, Object(Closure))
#34 C:/Users/PC/Documents/GitHub/Fawaz_ALharbi_test/backend-laravel/vendor/laravel/framework/src/Illuminate/Container/Container.php(662): Illuminate/Container/BoundMethod::call(Object(Illuminate/Foundation/Application), Array, Array, NULL)
#35 C:/Users/PC/Documents/GitHub/Fawaz_ALharbi_test/backend-laravel/vendor/laravel/framework/src/Illuminate/Console/Command.php(211): Illuminate/Container/Container->call(Array)
#36 C:/Users/PC/Documents/GitHub/Fawaz_ALharbi_test/backend-laravel/vendor/symfony/console/Command/Command.php(326): Illuminate/Console/Command->execute(Object(Symfony/Component/Console/Input/ArgvInput), Object(Illuminate/Console/OutputStyle))
#37 C:/Users/PC/Documents/GitHub/Fawaz_ALharbi_test/backend-laravel/vendor/laravel/framework/src/Illuminate/Console/Command.php(181): Symfony/Component/Console/Command/Command->run(Object(Symfony/Component/Console/Input/ArgvInput), Object(Illuminate/Console/OutputStyle))
#38 C:/Users/PC/Documents/GitHub/Fawaz_ALharbi_test/backend-laravel/vendor/symfony/console/Application.php(1121): Illuminate/Console/Command->run(Object(Symfony/Component/Console/Input/ArgvInput), Object(Symfony/Component/Console/Output/ConsoleOutput))
#39 C:/Users/PC/Documents/GitHub/Fawaz_ALharbi_test/backend-laravel/vendor/symfony/console/Application.php(324): Symfony/Component/Console/Application->doRunCommand(Object(Illuminate/Database/Console/Migrations/FreshCommand), Object(Symfony/Component/Console/Input/ArgvInput), Object(Symfony/Component/Console/Output/ConsoleOutput))
#40 C:/Users/PC/Documents/GitHub/Fawaz_ALharbi_test/backend-laravel/vendor/symfony/console/Application.php(175): Symfony/Component/Console/Application->doRun(Object(Symfony/Component/Console/Input/ArgvInput), Object(Symfony/Component/Console/Output/ConsoleOutput))
#41 C:/Users/PC/Documents/GitHub/Fawaz_ALharbi_test/backend-laravel/vendor/laravel/framework/src/Illuminate/Foundation/Console/Kernel.php(201): Symfony/Component/Console/Application->run(Object(Symfony/Component/Console/Input/ArgvInput), Object(Symfony/Component/Console/Output/ConsoleOutput))
#42 C:/Users/PC/Documents/GitHub/Fawaz_ALharbi_test/backend-laravel/artisan(37): Illuminate/Foundation/Console/Kernel->handle(Object(Symfony/Component/Console/Input/ArgvInput), Object(Symfony/Component/Console/Output/ConsoleOutput))
#43 {main}

[previous exception] [object] (PDOException(code: HY000): SQLSTATE[HY000]: General error: 1291 Column 'status' has duplicated value 'approved' in ENUM at C:/Users/PC/Documents/GitHub/Fawaz_ALharbi_test/backend-laravel/vendor/laravel/framework/src/Illuminate/Database/Connection.php:587)
[stacktrace]
#0 C:/Users/PC/Documents/GitHub/Fawaz_ALharbi_test/backend-laravel/vendor/laravel/framework/src/Illuminate/Database/Connection.php(587): PDOStatement->execute()
#1 C:/Users/PC/Documents/GitHub/Fawaz_ALharbi_test/backend-laravel/vendor/laravel/framework/src/Illuminate/Database/Connection.php(816): Illuminate/Database/Connection->Illuminate/Database/{closure}('create table `r...', Array)
#2 C:/Users/PC/Documents/GitHub/Fawaz_ALharbi_test/backend-laravel/vendor/laravel/framework/src/Illuminate/Database/Connection.php(783): Illuminate/Database/Connection->runQueryCallback('create table `r...', Array, Object(Closure))
#3 C:/Users/PC/Documents/GitHub/Fawaz_ALharbi_test/backend-laravel/vendor/laravel/framework/src/Illuminate/Database/Connection.php(588): Illuminate/Database/Connection->run('create table `r...', Array, Object(Closure))
#4 C:/Users/PC/Documents/GitHub/Fawaz_ALharbi_test/backend-laravel/vendor/laravel/framework/src/Illuminate/Database/Schema/Blueprint.php(110): Illuminate/Database/Connection->statement('create table `r...')
#5 C:/Users/PC/Documents/GitHub/Fawaz_ALharbi_test/backend-laravel/vendor/laravel/framework/src/Illuminate/Database/Schema/Builder.php(602): Illuminate/Database/Schema/Blueprint->build(Object(Illuminate/Database/MySqlConnection), Object(Illuminate/Database/Schema/Grammars/MySqlGrammar))
#6 C:/Users/PC/Documents/GitHub/Fawaz_ALharbi_test/backend-laravel/vendor/laravel/framework/src/Illuminate/Database/Schema/Builder.php(460): Illuminate/Database/Schema/Builder->build(Object(Illuminate/Database/Schema/Blueprint))
#7 C:/Users/PC/Documents/GitHub/Fawaz_ALharbi_test/backend-laravel/vendor/laravel/framework/src/Illuminate/Support/Facades/Facade.php(355): Illuminate/Database/Schema/Builder->create('reviews', Object(Closure))
#8 C:/Users/PC/Documents/GitHub/Fawaz_ALharbi_test/backend-laravel/database/migrations/2026_04_27_162641_create_advanced_booking_tables.php(109): Illuminate/Support/Facades/Facade::__callStatic('create', Array)
#9 C:/Users/PC/Documents/GitHub/Fawaz_ALharbi_test/backend-laravel/vendor/laravel/framework/src/Illuminate/Database/Migrations/Migrator.php(501): Illuminate/Database/Migrations/Migration@anonymous->up()
#10 C:/Users/PC/Documents/GitHub/Fawaz_ALharbi_test/backend-laravel/vendor/laravel/framework/src/Illuminate/Database/Migrations/Migrator.php(418): Illuminate/Database/Migrations/Migrator->runMethod(Object(Illuminate/Database/MySqlConnection), Object(Illuminate/Database/Migrations/Migration@anonymous), 'up')
#11 C:/Users/PC/Documents/GitHub/Fawaz_ALharbi_test/backend-laravel/vendor/laravel/framework/src/Illuminate/Database/Migrations/Migrator.php(427): Illuminate/Database/Migrations/Migrator->Illuminate/Database/Migrations/{closure}()
#12 C:/Users/PC/Documents/GitHub/Fawaz_ALharbi_test/backend-laravel/vendor/laravel/framework/src/Illuminate/Database/Migrations/Migrator.php(224): Illuminate/Database/Migrations/Migrator->runMigration(Object(Illuminate/Database/Migrations/Migration@anonymous), 'up')
#13 C:/Users/PC/Documents/GitHub/Fawaz_ALharbi_test/backend-laravel/vendor/laravel/framework/src/Illuminate/Console/View/Components/Task.php(37): Illuminate/Database/Migrations/Migrator->Illuminate/Database/Migrations/{closure}()
#14 C:/Users/PC/Documents/GitHub/Fawaz_ALharbi_test/backend-laravel/vendor/laravel/framework/src/Illuminate/Database/Migrations/Migrator.php(783): Illuminate/Console/View/Components/Task->render('2026_04_27_1626...', Object(Closure))
#15 C:/Users/PC/Documents/GitHub/Fawaz_ALharbi_test/backend-laravel/vendor/laravel/framework/src/Illuminate/Database/Migrations/Migrator.php(224): Illuminate/Database/Migrations/Migrator->write('Illuminate//Cons...', '2026_04_27_1626...', Object(Closure))
#16 C:/Users/PC/Documents/GitHub/Fawaz_ALharbi_test/backend-laravel/vendor/laravel/framework/src/Illuminate/Database/Migrations/Migrator.php(189): Illuminate/Database/Migrations/Migrator->runUp('C://Users//PC//Doc...', 1, false)
#17 C:/Users/PC/Documents/GitHub/Fawaz_ALharbi_test/backend-laravel/vendor/laravel/framework/src/Illuminate/Database/Migrations/Migrator.php(132): Illuminate/Database/Migrations/Migrator->runPending(Array, Array)
#18 C:/Users/PC/Documents/GitHub/Fawaz_ALharbi_test/backend-laravel/vendor/laravel/framework/src/Illuminate/Database/Console/Migrations/MigrateCommand.php(92): Illuminate/Database/Migrations/Migrator->run(Array, Array)
#19 C:/Users/PC/Documents/GitHub/Fawaz_ALharbi_test/backend-laravel/vendor/laravel/framework/src/Illuminate/Database/Migrations/Migrator.php(641): Illuminate/Database/Console/Migrations/MigrateCommand->Illuminate/Database/Console/Migrations/{closure}()
#20 C:/Users/PC/Documents/GitHub/Fawaz_ALharbi_test/backend-laravel/vendor/laravel/framework/src/Illuminate/Database/Console/Migrations/MigrateCommand.php(104): Illuminate/Database/Migrations/Migrator->usingConnection(NULL, Object(Closure))
#21 C:/Users/PC/Documents/GitHub/Fawaz_ALharbi_test/backend-laravel/vendor/laravel/framework/src/Illuminate/Container/BoundMethod.php(36): Illuminate/Database/Console/Migrations/MigrateCommand->handle()
#22 C:/Users/PC/Documents/GitHub/Fawaz_ALharbi_test/backend-laravel/vendor/laravel/framework/src/Illuminate/Container/Util.php(41): Illuminate/Container/BoundMethod::Illuminate/Container/{closure}()
#23 C:/Users/PC/Documents/GitHub/Fawaz_ALharbi_test/backend-laravel/vendor/laravel/framework/src/Illuminate/Container/BoundMethod.php(93): Illuminate/Container/Util::unwrapIfClosure(Object(Closure))
#24 C:/Users/PC/Documents/GitHub/Fawaz_ALharbi_test/backend-laravel/vendor/laravel/framework/src/Illuminate/Container/BoundMethod.php(37): Illuminate/Container/BoundMethod::callBoundMethod(Object(Illuminate/Foundation/Application), Array, Object(Closure))
#25 C:/Users/PC/Documents/GitHub/Fawaz_ALharbi_test/backend-laravel/vendor/laravel/framework/src/Illuminate/Container/Container.php(662): Illuminate/Container/BoundMethod::call(Object(Illuminate/Foundation/Application), Array, Array, NULL)
#26 C:/Users/PC/Documents/GitHub/Fawaz_ALharbi_test/backend-laravel/vendor/laravel/framework/src/Illuminate/Console/Command.php(211): Illuminate/Container/Container->call(Array)
#27 C:/Users/PC/Documents/GitHub/Fawaz_ALharbi_test/backend-laravel/vendor/symfony/console/Command/Command.php(326): Illuminate/Console/Command->execute(Object(Symfony/Component/Console/Input/ArrayInput), Object(Illuminate/Console/OutputStyle))
#28 C:/Users/PC/Documents/GitHub/Fawaz_ALharbi_test/backend-laravel/vendor/laravel/framework/src/Illuminate/Console/Command.php(181): Symfony/Component/Console/Command/Command->run(Object(Symfony/Component/Console/Input/ArrayInput), Object(Illuminate/Console/OutputStyle))
#29 C:/Users/PC/Documents/GitHub/Fawaz_ALharbi_test/backend-laravel/vendor/laravel/framework/src/Illuminate/Console/Concerns/CallsCommands.php(68): Illuminate/Console/Command->run(Object(Symfony/Component/Console/Input/ArrayInput), Object(Illuminate/Console/OutputStyle))
#30 C:/Users/PC/Documents/GitHub/Fawaz_ALharbi_test/backend-laravel/vendor/laravel/framework/src/Illuminate/Console/Concerns/CallsCommands.php(28): Illuminate/Console/Command->runCommand('migrate', Array, Object(Illuminate/Console/OutputStyle))
#31 C:/Users/PC/Documents/GitHub/Fawaz_ALharbi_test/backend-laravel/vendor/laravel/framework/src/Illuminate/Database/Console/Migrations/FreshCommand.php(59): Illuminate/Console/Command->call('migrate', Array)
#32 C:/Users/PC/Documents/GitHub/Fawaz_ALharbi_test/backend-laravel/vendor/laravel/framework/src/Illuminate/Container/BoundMethod.php(36): Illuminate/Database/Console/Migrations/FreshCommand->handle()
#33 C:/Users/PC/Documents/GitHub/Fawaz_ALharbi_test/backend-laravel/vendor/laravel/framework/src/Illuminate/Container/Util.php(41): Illuminate/Container/BoundMethod::Illuminate/Container/{closure}()
#34 C:/Users/PC/Documents/GitHub/Fawaz_ALharbi_test/backend-laravel/vendor/laravel/framework/src/Illuminate/Container/BoundMethod.php(93): Illuminate/Container/Util::unwrapIfClosure(Object(Closure))
#35 C:/Users/PC/Documents/GitHub/Fawaz_ALharbi_test/backend-laravel/vendor/laravel/framework/src/Illuminate/Container/BoundMethod.php(37): Illuminate/Container/BoundMethod::callBoundMethod(Object(Illuminate/Foundation/Application), Array, Object(Closure))
#36 C:/Users/PC/Documents/GitHub/Fawaz_ALharbi_test/backend-laravel/vendor/laravel/framework/src/Illuminate/Container/Container.php(662): Illuminate/Container/BoundMethod::call(Object(Illuminate/Foundation/Application), Array, Array, NULL)
#37 C:/Users/PC/Documents/GitHub/Fawaz_ALharbi_test/backend-laravel/vendor/laravel/framework/src/Illuminate/Console/Command.php(211): Illuminate/Container/Container->call(Array)
#38 C:/Users/PC/Documents/GitHub/Fawaz_ALharbi_test/backend-laravel/vendor/symfony/console/Command/Command.php(326): Illuminate/Console/Command->execute(Object(Symfony/Component/Console/Input/ArgvInput), Object(Illuminate/Console/OutputStyle))
#39 C:/Users/PC/Documents/GitHub/Fawaz_ALharbi_test/backend-laravel/vendor/laravel/framework/src/Illuminate/Console/Command.php(181): Symfony/Component/Console/Command/Command->run(Object(Symfony/Component/Console/Input/ArgvInput), Object(Illuminate/Console/OutputStyle))
#40 C:/Users/PC/Documents/GitHub/Fawaz_ALharbi_test/backend-laravel/vendor/symfony/console/Application.php(1121): Illuminate/Console/Command->run(Object(Symfony/Component/Console/Input/ArgvInput), Object(Symfony/Component/Console/Output/ConsoleOutput))
#41 C:/Users/PC/Documents/GitHub/Fawaz_ALharbi_test/backend-laravel/vendor/symfony/console/Application.php(324): Symfony/Component/Console/Application->doRunCommand(Object(Illuminate/Database/Console/Migrations/FreshCommand), Object(Symfony/Component/Console/Input/ArgvInput), Object(Symfony/Component/Console/Output/ConsoleOutput))
#42 C:/Users/PC/Documents/GitHub/Fawaz_ALharbi_test/backend-laravel/vendor/symfony/console/Application.php(175): Symfony/Component/Console/Application->doRun(Object(Symfony/Component/Console/Input/ArgvInput), Object(Symfony/Component/Console/Output/ConsoleOutput))
#43 C:/Users/PC/Documents/GitHub/Fawaz_ALharbi_test/backend-laravel/vendor/laravel/framework/src/Illuminate/Foundation/Console/Kernel.php(201): Symfony/Component/Console/Application->run(Object(Symfony/Component/Console/Input/ArgvInput), Object(Symfony/Component/Console/Output/ConsoleOutput))
#44 C:/Users/PC/Documents/GitHub/Fawaz_ALharbi_test/backend-laravel/artisan(37): Illuminate/Foundation/Console/Kernel->handle(Object(Symfony/Component/Console/Input/ArgvInput), Object(Symfony/Component/Console/Output/ConsoleOutput))
#45 {main}
"} 
[2026-04-27 16:30:09] local.ERROR: SQLSTATE[42S01]: Base table or view already exists: 1050 Table 'reviews' already exists (Connection: mysql, SQL: create table `reviews` (`id` bigint unsigned not null auto_increment primary key, `tenant_id` bigint unsigned not null default '1', `author` varchar(255) not null, `merchant` varchar(255) not null, `rating` int not null, `text` text not null, `date` date not null, `status` varchar(255) not null, `created_at` timestamp null, `updated_at` timestamp null) default character set utf8mb4 collate 'utf8mb4_unicode_ci') {"exception":"[object] (Illuminate\\Database\\QueryException(code: 42S01): SQLSTATE[42S01]: Base table or view already exists: 1050 Table 'reviews' already exists (Connection: mysql, SQL: create table `reviews` (`id` bigint unsigned not null auto_increment primary key, `tenant_id` bigint unsigned not null default '1', `author` varchar(255) not null, `merchant` varchar(255) not null, `rating` int not null, `text` text not null, `date` date not null, `status` varchar(255) not null, `created_at` timestamp null, `updated_at` timestamp null) default character set utf8mb4 collate 'utf8mb4_unicode_ci') at C:/Users/PC/Documents/GitHub/Fawaz_ALharbi_test/backend-laravel/vendor/laravel/framework/src/Illuminate/Database/Connection.php:829)
[stacktrace]
#0 C:/Users/PC/Documents/GitHub/Fawaz_ALharbi_test/backend-laravel/vendor/laravel/framework/src/Illuminate/Database/Connection.php(783): Illuminate/Database/Connection->runQueryCallback('create table `r...', Array, Object(Closure))
#1 C:/Users/PC/Documents/GitHub/Fawaz_ALharbi_test/backend-laravel/vendor/laravel/framework/src/Illuminate/Database/Connection.php(588): Illuminate/Database/Connection->run('create table `r...', Array, Object(Closure))
#2 C:/Users/PC/Documents/GitHub/Fawaz_ALharbi_test/backend-laravel/vendor/laravel/framework/src/Illuminate/Database/Schema/Blueprint.php(110): Illuminate/Database/Connection->statement('create table `r...')
#3 C:/Users/PC/Documents/GitHub/Fawaz_ALharbi_test/backend-laravel/vendor/laravel/framework/src/Illuminate/Database/Schema/Builder.php(602): Illuminate/Database/Schema/Blueprint->build(Object(Illuminate/Database/MySqlConnection), Object(Illuminate/Database/Schema/Grammars/MySqlGrammar))
#4 C:/Users/PC/Documents/GitHub/Fawaz_ALharbi_test/backend-laravel/vendor/laravel/framework/src/Illuminate/Database/Schema/Builder.php(460): Illuminate/Database/Schema/Builder->build(Object(Illuminate/Database/Schema/Blueprint))
#5 C:/Users/PC/Documents/GitHub/Fawaz_ALharbi_test/backend-laravel/vendor/laravel/framework/src/Illuminate/Support/Facades/Facade.php(355): Illuminate/Database/Schema/Builder->create('reviews', Object(Closure))
#6 C:/Users/PC/Documents/GitHub/Fawaz_ALharbi_test/backend-laravel/database/migrations/2026_04_27_200000_create_company2_platform_tables.php(22): Illuminate/Support/Facades/Facade::__callStatic('create', Array)
#7 C:/Users/PC/Documents/GitHub/Fawaz_ALharbi_test/backend-laravel/vendor/laravel/framework/src/Illuminate/Database/Migrations/Migrator.php(501): Illuminate/Database/Migrations/Migration@anonymous->up()
#8 C:/Users/PC/Documents/GitHub/Fawaz_ALharbi_test/backend-laravel/vendor/laravel/framework/src/Illuminate/Database/Migrations/Migrator.php(418): Illuminate/Database/Migrations/Migrator->runMethod(Object(Illuminate/Database/MySqlConnection), Object(Illuminate/Database/Migrations/Migration@anonymous), 'up')
#9 C:/Users/PC/Documents/GitHub/Fawaz_ALharbi_test/backend-laravel/vendor/laravel/framework/src/Illuminate/Database/Migrations/Migrator.php(427): Illuminate/Database/Migrations/Migrator->Illuminate/Database/Migrations/{closure}()
#10 C:/Users/PC/Documents/GitHub/Fawaz_ALharbi_test/backend-laravel/vendor/laravel/framework/src/Illuminate/Database/Migrations/Migrator.php(224): Illuminate/Database/Migrations/Migrator->runMigration(Object(Illuminate/Database/Migrations/Migration@anonymous), 'up')
#11 C:/Users/PC/Documents/GitHub/Fawaz_ALharbi_test/backend-laravel/vendor/laravel/framework/src/Illuminate/Console/View/Components/Task.php(37): Illuminate/Database/Migrations/Migrator->Illuminate/Database/Migrations/{closure}()
#12 C:/Users/PC/Documents/GitHub/Fawaz_ALharbi_test/backend-laravel/vendor/laravel/framework/src/Illuminate/Database/Migrations/Migrator.php(783): Illuminate/Console/View/Components/Task->render('2026_04_27_2000...', Object(Closure))
#13 C:/Users/PC/Documents/GitHub/Fawaz_ALharbi_test/backend-laravel/vendor/laravel/framework/src/Illuminate/Database/Migrations/Migrator.php(224): Illuminate/Database/Migrations/Migrator->write('Illuminate//Cons...', '2026_04_27_2000...', Object(Closure))
#14 C:/Users/PC/Documents/GitHub/Fawaz_ALharbi_test/backend-laravel/vendor/laravel/framework/src/Illuminate/Database/Migrations/Migrator.php(189): Illuminate/Database/Migrations/Migrator->runUp('C://Users//PC//Doc...', 1, false)
#15 C:/Users/PC/Documents/GitHub/Fawaz_ALharbi_test/backend-laravel/vendor/laravel/framework/src/Illuminate/Database/Migrations/Migrator.php(132): Illuminate/Database/Migrations/Migrator->runPending(Array, Array)
#16 C:/Users/PC/Documents/GitHub/Fawaz_ALharbi_test/backend-laravel/vendor/laravel/framework/src/Illuminate/Database/Console/Migrations/MigrateCommand.php(92): Illuminate/Database/Migrations/Migrator->run(Array, Array)
#17 C:/Users/PC/Documents/GitHub/Fawaz_ALharbi_test/backend-laravel/vendor/laravel/framework/src/Illuminate/Database/Migrations/Migrator.php(641): Illuminate/Database/Console/Migrations/MigrateCommand->Illuminate/Database/Console/Migrations/{closure}()
#18 C:/Users/PC/Documents/GitHub/Fawaz_ALharbi_test/backend-laravel/vendor/laravel/framework/src/Illuminate/Database/Console/Migrations/MigrateCommand.php(104): Illuminate/Database/Migrations/Migrator->usingConnection(NULL, Object(Closure))
#19 C:/Users/PC/Documents/GitHub/Fawaz_ALharbi_test/backend-laravel/vendor/laravel/framework/src/Illuminate/Container/BoundMethod.php(36): Illuminate/Database/Console/Migrations/MigrateCommand->handle()
#20 C:/Users/PC/Documents/GitHub/Fawaz_ALharbi_test/backend-laravel/vendor/laravel/framework/src/Illuminate/Container/Util.php(41): Illuminate/Container/BoundMethod::Illuminate/Container/{closure}()
#21 C:/Users/PC/Documents/GitHub/Fawaz_ALharbi_test/backend-laravel/vendor/laravel/framework/src/Illuminate/Container/BoundMethod.php(93): Illuminate/Container/Util::unwrapIfClosure(Object(Closure))
#22 C:/Users/PC/Documents/GitHub/Fawaz_ALharbi_test/backend-laravel/vendor/laravel/framework/src/Illuminate/Container/BoundMethod.php(37): Illuminate/Container/BoundMethod::callBoundMethod(Object(Illuminate/Foundation/Application), Array, Object(Closure))
#23 C:/Users/PC/Documents/GitHub/Fawaz_ALharbi_test/backend-laravel/vendor/laravel/framework/src/Illuminate/Container/Container.php(662): Illuminate/Container/BoundMethod::call(Object(Illuminate/Foundation/Application), Array, Array, NULL)
#24 C:/Users/PC/Documents/GitHub/Fawaz_ALharbi_test/backend-laravel/vendor/laravel/framework/src/Illuminate/Console/Command.php(211): Illuminate/Container/Container->call(Array)
#25 C:/Users/PC/Documents/GitHub/Fawaz_ALharbi_test/backend-laravel/vendor/symfony/console/Command/Command.php(326): Illuminate/Console/Command->execute(Object(Symfony/Component/Console/Input/ArrayInput), Object(Illuminate/Console/OutputStyle))
#26 C:/Users/PC/Documents/GitHub/Fawaz_ALharbi_test/backend-laravel/vendor/laravel/framework/src/Illuminate/Console/Command.php(181): Symfony/Component/Console/Command/Command->run(Object(Symfony/Component/Console/Input/ArrayInput), Object(Illuminate/Console/OutputStyle))
#27 C:/Users/PC/Documents/GitHub/Fawaz_ALharbi_test/backend-laravel/vendor/laravel/framework/src/Illuminate/Console/Concerns/CallsCommands.php(68): Illuminate/Console/Command->run(Object(Symfony/Component/Console/Input/ArrayInput), Object(Illuminate/Console/OutputStyle))
#28 C:/Users/PC/Documents/GitHub/Fawaz_ALharbi_test/backend-laravel/vendor/laravel/framework/src/Illuminate/Console/Concerns/CallsCommands.php(28): Illuminate/Console/Command->runCommand('migrate', Array, Object(Illuminate/Console/OutputStyle))
#29 C:/Users/PC/Documents/GitHub/Fawaz_ALharbi_test/backend-laravel/vendor/laravel/framework/src/Illuminate/Database/Console/Migrations/FreshCommand.php(59): Illuminate/Console/Command->call('migrate', Array)
#30 C:/Users/PC/Documents/GitHub/Fawaz_ALharbi_test/backend-laravel/vendor/laravel/framework/src/Illuminate/Container/BoundMethod.php(36): Illuminate/Database/Console/Migrations/FreshCommand->handle()
#31 C:/Users/PC/Documents/GitHub/Fawaz_ALharbi_test/backend-laravel/vendor/laravel/framework/src/Illuminate/Container/Util.php(41): Illuminate/Container/BoundMethod::Illuminate/Container/{closure}()
#32 C:/Users/PC/Documents/GitHub/Fawaz_ALharbi_test/backend-laravel/vendor/laravel/framework/src/Illuminate/Container/BoundMethod.php(93): Illuminate/Container/Util::unwrapIfClosure(Object(Closure))
#33 C:/Users/PC/Documents/GitHub/Fawaz_ALharbi_test/backend-laravel/vendor/laravel/framework/src/Illuminate/Container/BoundMethod.php(37): Illuminate/Container/BoundMethod::callBoundMethod(Object(Illuminate/Foundation/Application), Array, Object(Closure))
#34 C:/Users/PC/Documents/GitHub/Fawaz_ALharbi_test/backend-laravel/vendor/laravel/framework/src/Illuminate/Container/Container.php(662): Illuminate/Container/BoundMethod::call(Object(Illuminate/Foundation/Application), Array, Array, NULL)
#35 C:/Users/PC/Documents/GitHub/Fawaz_ALharbi_test/backend-laravel/vendor/laravel/framework/src/Illuminate/Console/Command.php(211): Illuminate/Container/Container->call(Array)
#36 C:/Users/PC/Documents/GitHub/Fawaz_ALharbi_test/backend-laravel/vendor/symfony/console/Command/Command.php(326): Illuminate/Console/Command->execute(Object(Symfony/Component/Console/Input/ArgvInput), Object(Illuminate/Console/OutputStyle))
#37 C:/Users/PC/Documents/GitHub/Fawaz_ALharbi_test/backend-laravel/vendor/laravel/framework/src/Illuminate/Console/Command.php(181): Symfony/Component/Console/Command/Command->run(Object(Symfony/Component/Console/Input/ArgvInput), Object(Illuminate/Console/OutputStyle))
#38 C:/Users/PC/Documents/GitHub/Fawaz_ALharbi_test/backend-laravel/vendor/symfony/console/Application.php(1121): Illuminate/Console/Command->run(Object(Symfony/Component/Console/Input/ArgvInput), Object(Symfony/Component/Console/Output/ConsoleOutput))
#39 C:/Users/PC/Documents/GitHub/Fawaz_ALharbi_test/backend-laravel/vendor/symfony/console/Application.php(324): Symfony/Component/Console/Application->doRunCommand(Object(Illuminate/Database/Console/Migrations/FreshCommand), Object(Symfony/Component/Console/Input/ArgvInput), Object(Symfony/Component/Console/Output/ConsoleOutput))
#40 C:/Users/PC/Documents/GitHub/Fawaz_ALharbi_test/backend-laravel/vendor/symfony/console/Application.php(175): Symfony/Component/Console/Application->doRun(Object(Symfony/Component/Console/Input/ArgvInput), Object(Symfony/Component/Console/Output/ConsoleOutput))
#41 C:/Users/PC/Documents/GitHub/Fawaz_ALharbi_test/backend-laravel/vendor/laravel/framework/src/Illuminate/Foundation/Console/Kernel.php(201): Symfony/Component/Console/Application->run(Object(Symfony/Component/Console/Input/ArgvInput), Object(Symfony/Component/Console/Output/ConsoleOutput))
#42 C:/Users/PC/Documents/GitHub/Fawaz_ALharbi_test/backend-laravel/artisan(37): Illuminate/Foundation/Console/Kernel->handle(Object(Symfony/Component/Console/Input/ArgvInput), Object(Symfony/Component/Console/Output/ConsoleOutput))
#43 {main}

[previous exception] [object] (PDOException(code: 42S01): SQLSTATE[42S01]: Base table or view already exists: 1050 Table 'reviews' already exists at C:/Users/PC/Documents/GitHub/Fawaz_ALharbi_test/backend-laravel/vendor/laravel/framework/src/Illuminate/Database/Connection.php:587)
[stacktrace]
#0 C:/Users/PC/Documents/GitHub/Fawaz_ALharbi_test/backend-laravel/vendor/laravel/framework/src/Illuminate/Database/Connection.php(587): PDOStatement->execute()
#1 C:/Users/PC/Documents/GitHub/Fawaz_ALharbi_test/backend-laravel/vendor/laravel/framework/src/Illuminate/Database/Connection.php(816): Illuminate/Database/Connection->Illuminate/Database/{closure}('create table `r...', Array)
#2 C:/Users/PC/Documents/GitHub/Fawaz_ALharbi_test/backend-laravel/vendor/laravel/framework/src/Illuminate/Database/Connection.php(783): Illuminate/Database/Connection->runQueryCallback('create table `r...', Array, Object(Closure))
#3 C:/Users/PC/Documents/GitHub/Fawaz_ALharbi_test/backend-laravel/vendor/laravel/framework/src/Illuminate/Database/Connection.php(588): Illuminate/Database/Connection->run('create table `r...', Array, Object(Closure))
#4 C:/Users/PC/Documents/GitHub/Fawaz_ALharbi_test/backend-laravel/vendor/laravel/framework/src/Illuminate/Database/Schema/Blueprint.php(110): Illuminate/Database/Connection->statement('create table `r...')
#5 C:/Users/PC/Documents/GitHub/Fawaz_ALharbi_test/backend-laravel/vendor/laravel/framework/src/Illuminate/Database/Schema/Builder.php(602): Illuminate/Database/Schema/Blueprint->build(Object(Illuminate/Database/MySqlConnection), Object(Illuminate/Database/Schema/Grammars/MySqlGrammar))
#6 C:/Users/PC/Documents/GitHub/Fawaz_ALharbi_test/backend-laravel/vendor/laravel/framework/src/Illuminate/Database/Schema/Builder.php(460): Illuminate/Database/Schema/Builder->build(Object(Illuminate/Database/Schema/Blueprint))
#7 C:/Users/PC/Documents/GitHub/Fawaz_ALharbi_test/backend-laravel/vendor/laravel/framework/src/Illuminate/Support/Facades/Facade.php(355): Illuminate/Database/Schema/Builder->create('reviews', Object(Closure))
#8 C:/Users/PC/Documents/GitHub/Fawaz_ALharbi_test/backend-laravel/database/migrations/2026_04_27_200000_create_company2_platform_tables.php(22): Illuminate/Support/Facades/Facade::__callStatic('create', Array)
#9 C:/Users/PC/Documents/GitHub/Fawaz_ALharbi_test/backend-laravel/vendor/laravel/framework/src/Illuminate/Database/Migrations/Migrator.php(501): Illuminate/Database/Migrations/Migration@anonymous->up()
#10 C:/Users/PC/Documents/GitHub/Fawaz_ALharbi_test/backend-laravel/vendor/laravel/framework/src/Illuminate/Database/Migrations/Migrator.php(418): Illuminate/Database/Migrations/Migrator->runMethod(Object(Illuminate/Database/MySqlConnection), Object(Illuminate/Database/Migrations/Migration@anonymous), 'up')
#11 C:/Users/PC/Documents/GitHub/Fawaz_ALharbi_test/backend-laravel/vendor/laravel/framework/src/Illuminate/Database/Migrations/Migrator.php(427): Illuminate/Database/Migrations/Migrator->Illuminate/Database/Migrations/{closure}()
#12 C:/Users/PC/Documents/GitHub/Fawaz_ALharbi_test/backend-laravel/vendor/laravel/framework/src/Illuminate/Database/Migrations/Migrator.php(224): Illuminate/Database/Migrations/Migrator->runMigration(Object(Illuminate/Database/Migrations/Migration@anonymous), 'up')
#13 C:/Users/PC/Documents/GitHub/Fawaz_ALharbi_test/backend-laravel/vendor/laravel/framework/src/Illuminate/Console/View/Components/Task.php(37): Illuminate/Database/Migrations/Migrator->Illuminate/Database/Migrations/{closure}()
#14 C:/Users/PC/Documents/GitHub/Fawaz_ALharbi_test/backend-laravel/vendor/laravel/framework/src/Illuminate/Database/Migrations/Migrator.php(783): Illuminate/Console/View/Components/Task->render('2026_04_27_2000...', Object(Closure))
#15 C:/Users/PC/Documents/GitHub/Fawaz_ALharbi_test/backend-laravel/vendor/laravel/framework/src/Illuminate/Database/Migrations/Migrator.php(224): Illuminate/Database/Migrations/Migrator->write('Illuminate//Cons...', '2026_04_27_2000...', Object(Closure))
#16 C:/Users/PC/Documents/GitHub/Fawaz_ALharbi_test/backend-laravel/vendor/laravel/framework/src/Illuminate/Database/Migrations/Migrator.php(189): Illuminate/Database/Migrations/Migrator->runUp('C://Users//PC//Doc...', 1, false)
#17 C:/Users/PC/Documents/GitHub/Fawaz_ALharbi_test/backend-laravel/vendor/laravel/framework/src/Illuminate/Database/Migrations/Migrator.php(132): Illuminate/Database/Migrations/Migrator->runPending(Array, Array)
#18 C:/Users/PC/Documents/GitHub/Fawaz_ALharbi_test/backend-laravel/vendor/laravel/framework/src/Illuminate/Database/Console/Migrations/MigrateCommand.php(92): Illuminate/Database/Migrations/Migrator->run(Array, Array)
#19 C:/Users/PC/Documents/GitHub/Fawaz_ALharbi_test/backend-laravel/vendor/laravel/framework/src/Illuminate/Database/Migrations/Migrator.php(641): Illuminate/Database/Console/Migrations/MigrateCommand->Illuminate/Database/Console/Migrations/{closure}()
#20 C:/Users/PC/Documents/GitHub/Fawaz_ALharbi_test/backend-laravel/vendor/laravel/framework/src/Illuminate/Database/Console/Migrations/MigrateCommand.php(104): Illuminate/Database/Migrations/Migrator->usingConnection(NULL, Object(Closure))
#21 C:/Users/PC/Documents/GitHub/Fawaz_ALharbi_test/backend-laravel/vendor/laravel/framework/src/Illuminate/Container/BoundMethod.php(36): Illuminate/Database/Console/Migrations/MigrateCommand->handle()
#22 C:/Users/PC/Documents/GitHub/Fawaz_ALharbi_test/backend-laravel/vendor/laravel/framework/src/Illuminate/Container/Util.php(41): Illuminate/Container/BoundMethod::Illuminate/Container/{closure}()
#23 C:/Users/PC/Documents/GitHub/Fawaz_ALharbi_test/backend-laravel/vendor/laravel/framework/src/Illuminate/Container/BoundMethod.php(93): Illuminate/Container/Util::unwrapIfClosure(Object(Closure))
#24 C:/Users/PC/Documents/GitHub/Fawaz_ALharbi_test/backend-laravel/vendor/laravel/framework/src/Illuminate/Container/BoundMethod.php(37): Illuminate/Container/BoundMethod::callBoundMethod(Object(Illuminate/Foundation/Application), Array, Object(Closure))
#25 C:/Users/PC/Documents/GitHub/Fawaz_ALharbi_test/backend-laravel/vendor/laravel/framework/src/Illuminate/Container/Container.php(662): Illuminate/Container/BoundMethod::call(Object(Illuminate/Foundation/Application), Array, Array, NULL)
#26 C:/Users/PC/Documents/GitHub/Fawaz_ALharbi_test/backend-laravel/vendor/laravel/framework/src/Illuminate/Console/Command.php(211): Illuminate/Container/Container->call(Array)
#27 C:/Users/PC/Documents/GitHub/Fawaz_ALharbi_test/backend-laravel/vendor/symfony/console/Command/Command.php(326): Illuminate/Console/Command->execute(Object(Symfony/Component/Console/Input/ArrayInput), Object(Illuminate/Console/OutputStyle))
#28 C:/Users/PC/Documents/GitHub/Fawaz_ALharbi_test/backend-laravel/vendor/laravel/framework/src/Illuminate/Console/Command.php(181): Symfony/Component/Console/Command/Command->run(Object(Symfony/Component/Console/Input/ArrayInput), Object(Illuminate/Console/OutputStyle))
#29 C:/Users/PC/Documents/GitHub/Fawaz_ALharbi_test/backend-laravel/vendor/laravel/framework/src/Illuminate/Console/Concerns/CallsCommands.php(68): Illuminate/Console/Command->run(Object(Symfony/Component/Console/Input/ArrayInput), Object(Illuminate/Console/OutputStyle))
#30 C:/Users/PC/Documents/GitHub/Fawaz_ALharbi_test/backend-laravel/vendor/laravel/framework/src/Illuminate/Console/Concerns/CallsCommands.php(28): Illuminate/Console/Command->runCommand('migrate', Array, Object(Illuminate/Console/OutputStyle))
#31 C:/Users/PC/Documents/GitHub/Fawaz_ALharbi_test/backend-laravel/vendor/laravel/framework/src/Illuminate/Database/Console/Migrations/FreshCommand.php(59): Illuminate/Console/Command->call('migrate', Array)
#32 C:/Users/PC/Documents/GitHub/Fawaz_ALharbi_test/backend-laravel/vendor/laravel/framework/src/Illuminate/Container/BoundMethod.php(36): Illuminate/Database/Console/Migrations/FreshCommand->handle()
#33 C:/Users/PC/Documents/GitHub/Fawaz_ALharbi_test/backend-laravel/vendor/laravel/framework/src/Illuminate/Container/Util.php(41): Illuminate/Container/BoundMethod::Illuminate/Container/{closure}()
#34 C:/Users/PC/Documents/GitHub/Fawaz_ALharbi_test/backend-laravel/vendor/laravel/framework/src/Illuminate/Container/BoundMethod.php(93): Illuminate/Container/Util::unwrapIfClosure(Object(Closure))
#35 C:/Users/PC/Documents/GitHub/Fawaz_ALharbi_test/backend-laravel/vendor/laravel/framework/src/Illuminate/Container/BoundMethod.php(37): Illuminate/Container/BoundMethod::callBoundMethod(Object(Illuminate/Foundation/Application), Array, Object(Closure))
#36 C:/Users/PC/Documents/GitHub/Fawaz_ALharbi_test/backend-laravel/vendor/laravel/framework/src/Illuminate/Container/Container.php(662): Illuminate/Container/BoundMethod::call(Object(Illuminate/Foundation/Application), Array, Array, NULL)
#37 C:/Users/PC/Documents/GitHub/Fawaz_ALharbi_test/backend-laravel/vendor/laravel/framework/src/Illuminate/Console/Command.php(211): Illuminate/Container/Container->call(Array)
#38 C:/Users/PC/Documents/GitHub/Fawaz_ALharbi_test/backend-laravel/vendor/symfony/console/Command/Command.php(326): Illuminate/Console/Command->execute(Object(Symfony/Component/Console/Input/ArgvInput), Object(Illuminate/Console/OutputStyle))
#39 C:/Users/PC/Documents/GitHub/Fawaz_ALharbi_test/backend-laravel/vendor/laravel/framework/src/Illuminate/Console/Command.php(181): Symfony/Component/Console/Command/Command->run(Object(Symfony/Component/Console/Input/ArgvInput), Object(Illuminate/Console/OutputStyle))
#40 C:/Users/PC/Documents/GitHub/Fawaz_ALharbi_test/backend-laravel/vendor/symfony/console/Application.php(1121): Illuminate/Console/Command->run(Object(Symfony/Component/Console/Input/ArgvInput), Object(Symfony/Component/Console/Output/ConsoleOutput))
#41 C:/Users/PC/Documents/GitHub/Fawaz_ALharbi_test/backend-laravel/vendor/symfony/console/Application.php(324): Symfony/Component/Console/Application->doRunCommand(Object(Illuminate/Database/Console/Migrations/FreshCommand), Object(Symfony/Component/Console/Input/ArgvInput), Object(Symfony/Component/Console/Output/ConsoleOutput))
#42 C:/Users/PC/Documents/GitHub/Fawaz_ALharbi_test/backend-laravel/vendor/symfony/console/Application.php(175): Symfony/Component/Console/Application->doRun(Object(Symfony/Component/Console/Input/ArgvInput), Object(Symfony/Component/Console/Output/ConsoleOutput))
#43 C:/Users/PC/Documents/GitHub/Fawaz_ALharbi_test/backend-laravel/vendor/laravel/framework/src/Illuminate/Foundation/Console/Kernel.php(201): Symfony/Component/Console/Application->run(Object(Symfony/Component/Console/Input/ArgvInput), Object(Symfony/Component/Console/Output/ConsoleOutput))
#44 C:/Users/PC/Documents/GitHub/Fawaz_ALharbi_test/backend-laravel/artisan(37): Illuminate/Foundation/Console/Kernel->handle(Object(Symfony/Component/Console/Input/ArgvInput), Object(Symfony/Component/Console/Output/ConsoleOutput))
#45 {main}
"} 
[2026-04-27 16:30:33] local.ERROR: SQLSTATE[42S22]: Column not found: 1054 Unknown column 'day' in 'field list' (Connection: mysql, SQL: insert into `bookings` (`tenant_id`, `day`, `month`, `year`, `time`, `client`, `service`, `status`, `created_at`) values (1, 17, 09, 2020, 12:00, Kayla Stiedemann, Polarised even-keeled artificialintelligence, Cancelled, 2020-09-02 16:30:32)) {"exception":"[object] (Illuminate\\Database\\QueryException(code: 42S22): SQLSTATE[42S22]: Column not found: 1054 Unknown column 'day' in 'field list' (Connection: mysql, SQL: insert into `bookings` (`tenant_id`, `day`, `month`, `year`, `time`, `client`, `service`, `status`, `created_at`) values (1, 17, 09, 2020, 12:00, Kayla Stiedemann, Polarised even-keeled artificialintelligence, Cancelled, 2020-09-02 16:30:32)) at C:/Users/PC/Documents/GitHub/Fawaz_ALharbi_test/backend-laravel/vendor/laravel/framework/src/Illuminate/Database/Connection.php:829)
[stacktrace]
#0 C:/Users/PC/Documents/GitHub/Fawaz_ALharbi_test/backend-laravel/vendor/laravel/framework/src/Illuminate/Database/Connection.php(783): Illuminate/Database/Connection->runQueryCallback('insert into `bo...', Array, Object(Closure))
#1 C:/Users/PC/Documents/GitHub/Fawaz_ALharbi_test/backend-laravel/vendor/laravel/framework/src/Illuminate/Database/MySqlConnection.php(50): Illuminate/Database/Connection->run('insert into `bo...', Array, Object(Closure))
#2 C:/Users/PC/Documents/GitHub/Fawaz_ALharbi_test/backend-laravel/vendor/laravel/framework/src/Illuminate/Database/Query/Builder.php(3500): Illuminate/Database/MySqlConnection->insert('insert into `bo...', Array)
#3 C:/Users/PC/Documents/GitHub/Fawaz_ALharbi_test/backend-laravel/database/seeders/DemoDataSeeder.php(95): Illuminate/Database/Query/Builder->insert(Array)
#4 C:/Users/PC/Documents/GitHub/Fawaz_ALharbi_test/backend-laravel/vendor/laravel/framework/src/Illuminate/Container/BoundMethod.php(36): Database/Seeders/DemoDataSeeder->run()
#5 C:/Users/PC/Documents/GitHub/Fawaz_ALharbi_test/backend-laravel/vendor/laravel/framework/src/Illuminate/Container/Util.php(41): Illuminate/Container/BoundMethod::Illuminate/Container/{closure}()
#6 C:/Users/PC/Documents/GitHub/Fawaz_ALharbi_test/backend-laravel/vendor/laravel/framework/src/Illuminate/Container/BoundMethod.php(93): Illuminate/Container/Util::unwrapIfClosure(Object(Closure))
#7 C:/Users/PC/Documents/GitHub/Fawaz_ALharbi_test/backend-laravel/vendor/laravel/framework/src/Illuminate/Container/BoundMethod.php(37): Illuminate/Container/BoundMethod::callBoundMethod(Object(Illuminate/Foundation/Application), Array, Object(Closure))
#8 C:/Users/PC/Documents/GitHub/Fawaz_ALharbi_test/backend-laravel/vendor/laravel/framework/src/Illuminate/Container/Container.php(662): Illuminate/Container/BoundMethod::call(Object(Illuminate/Foundation/Application), Array, Array, NULL)
#9 C:/Users/PC/Documents/GitHub/Fawaz_ALharbi_test/backend-laravel/vendor/laravel/framework/src/Illuminate/Database/Seeder.php(184): Illuminate/Container/Container->call(Array, Array)
#10 C:/Users/PC/Documents/GitHub/Fawaz_ALharbi_test/backend-laravel/vendor/laravel/framework/src/Illuminate/Database/Seeder.php(193): Illuminate/Database/Seeder->Illuminate/Database/{closure}()
#11 C:/Users/PC/Documents/GitHub/Fawaz_ALharbi_test/backend-laravel/vendor/laravel/framework/src/Illuminate/Database/Seeder.php(61): Illuminate/Database/Seeder->__invoke(Array)
#12 C:/Users/PC/Documents/GitHub/Fawaz_ALharbi_test/backend-laravel/database/seeders/DatabaseSeeder.php(27): Illuminate/Database/Seeder->call('Database//Seeder...')
#13 C:/Users/PC/Documents/GitHub/Fawaz_ALharbi_test/backend-laravel/vendor/laravel/framework/src/Illuminate/Container/BoundMethod.php(36): Database/Seeders/DatabaseSeeder->run()
#14 C:/Users/PC/Documents/GitHub/Fawaz_ALharbi_test/backend-laravel/vendor/laravel/framework/src/Illuminate/Container/Util.php(41): Illuminate/Container/BoundMethod::Illuminate/Container/{closure}()
#15 C:/Users/PC/Documents/GitHub/Fawaz_ALharbi_test/backend-laravel/vendor/laravel/framework/src/Illuminate/Container/BoundMethod.php(93): Illuminate/Container/Util::unwrapIfClosure(Object(Closure))
#16 C:/Users/PC/Documents/GitHub/Fawaz_ALharbi_test/backend-laravel/vendor/laravel/framework/src/Illuminate/Container/BoundMethod.php(37): Illuminate/Container/BoundMethod::callBoundMethod(Object(Illuminate/Foundation/Application), Array, Object(Closure))
#17 C:/Users/PC/Documents/GitHub/Fawaz_ALharbi_test/backend-laravel/vendor/laravel/framework/src/Illuminate/Container/Container.php(662): Illuminate/Container/BoundMethod::call(Object(Illuminate/Foundation/Application), Array, Array, NULL)
#18 C:/Users/PC/Documents/GitHub/Fawaz_ALharbi_test/backend-laravel/vendor/laravel/framework/src/Illuminate/Database/Seeder.php(184): Illuminate/Container/Container->call(Array, Array)
#19 C:/Users/PC/Documents/GitHub/Fawaz_ALharbi_test/backend-laravel/vendor/laravel/framework/src/Illuminate/Database/Seeder.php(193): Illuminate/Database/Seeder->Illuminate/Database/{closure}()
#20 C:/Users/PC/Documents/GitHub/Fawaz_ALharbi_test/backend-laravel/vendor/laravel/framework/src/Illuminate/Database/Console/Seeds/SeedCommand.php(70): Illuminate/Database/Seeder->__invoke()
#21 C:/Users/PC/Documents/GitHub/Fawaz_ALharbi_test/backend-laravel/vendor/laravel/framework/src/Illuminate/Database/Eloquent/Concerns/GuardsAttributes.php(155): Illuminate/Database/Console/Seeds/SeedCommand->Illuminate/Database/Console/Seeds/{closure}()
#22 C:/Users/PC/Documents/GitHub/Fawaz_ALharbi_test/backend-laravel/vendor/laravel/framework/src/Illuminate/Database/Console/Seeds/SeedCommand.php(71): Illuminate/Database/Eloquent/Model::unguarded(Object(Closure))
#23 C:/Users/PC/Documents/GitHub/Fawaz_ALharbi_test/backend-laravel/vendor/laravel/framework/src/Illuminate/Container/BoundMethod.php(36): Illuminate/Database/Console/Seeds/SeedCommand->handle()
#24 C:/Users/PC/Documents/GitHub/Fawaz_ALharbi_test/backend-laravel/vendor/laravel/framework/src/Illuminate/Container/Util.php(41): Illuminate/Container/BoundMethod::Illuminate/Container/{closure}()
#25 C:/Users/PC/Documents/GitHub/Fawaz_ALharbi_test/backend-laravel/vendor/laravel/framework/src/Illuminate/Container/BoundMethod.php(93): Illuminate/Container/Util::unwrapIfClosure(Object(Closure))
#26 C:/Users/PC/Documents/GitHub/Fawaz_ALharbi_test/backend-laravel/vendor/laravel/framework/src/Illuminate/Container/BoundMethod.php(37): Illuminate/Container/BoundMethod::callBoundMethod(Object(Illuminate/Foundation/Application), Array, Object(Closure))
#27 C:/Users/PC/Documents/GitHub/Fawaz_ALharbi_test/backend-laravel/vendor/laravel/framework/src/Illuminate/Container/Container.php(662): Illuminate/Container/BoundMethod::call(Object(Illuminate/Foundation/Application), Array, Array, NULL)
#28 C:/Users/PC/Documents/GitHub/Fawaz_ALharbi_test/backend-laravel/vendor/laravel/framework/src/Illuminate/Console/Command.php(211): Illuminate/Container/Container->call(Array)
#29 C:/Users/PC/Documents/GitHub/Fawaz_ALharbi_test/backend-laravel/vendor/symfony/console/Command/Command.php(326): Illuminate/Console/Command->execute(Object(Symfony/Component/Console/Input/ArrayInput), Object(Illuminate/Console/OutputStyle))
#30 C:/Users/PC/Documents/GitHub/Fawaz_ALharbi_test/backend-laravel/vendor/laravel/framework/src/Illuminate/Console/Command.php(181): Symfony/Component/Console/Command/Command->run(Object(Symfony/Component/Console/Input/ArrayInput), Object(Illuminate/Console/OutputStyle))
#31 C:/Users/PC/Documents/GitHub/Fawaz_ALharbi_test/backend-laravel/vendor/laravel/framework/src/Illuminate/Console/Concerns/CallsCommands.php(68): Illuminate/Console/Command->run(Object(Symfony/Component/Console/Input/ArrayInput), Object(Illuminate/Console/OutputStyle))
#32 C:/Users/PC/Documents/GitHub/Fawaz_ALharbi_test/backend-laravel/vendor/laravel/framework/src/Illuminate/Console/Concerns/CallsCommands.php(28): Illuminate/Console/Command->runCommand('db:seed', Array, Object(Illuminate/Console/OutputStyle))
#33 C:/Users/PC/Documents/GitHub/Fawaz_ALharbi_test/backend-laravel/vendor/laravel/framework/src/Illuminate/Database/Console/Migrations/FreshCommand.php(94): Illuminate/Console/Command->call('db:seed', Array)
#34 C:/Users/PC/Documents/GitHub/Fawaz_ALharbi_test/backend-laravel/vendor/laravel/framework/src/Illuminate/Database/Console/Migrations/FreshCommand.php(69): Illuminate/Database/Console/Migrations/FreshCommand->runSeeder(NULL)
#35 C:/Users/PC/Documents/GitHub/Fawaz_ALharbi_test/backend-laravel/vendor/laravel/framework/src/Illuminate/Container/BoundMethod.php(36): Illuminate/Database/Console/Migrations/FreshCommand->handle()
#36 C:/Users/PC/Documents/GitHub/Fawaz_ALharbi_test/backend-laravel/vendor/laravel/framework/src/Illuminate/Container/Util.php(41): Illuminate/Container/BoundMethod::Illuminate/Container/{closure}()
#37 C:/Users/PC/Documents/GitHub/Fawaz_ALharbi_test/backend-laravel/vendor/laravel/framework/src/Illuminate/Container/BoundMethod.php(93): Illuminate/Container/Util::unwrapIfClosure(Object(Closure))
#38 C:/Users/PC/Documents/GitHub/Fawaz_ALharbi_test/backend-laravel/vendor/laravel/framework/src/Illuminate/Container/BoundMethod.php(37): Illuminate/Container/BoundMethod::callBoundMethod(Object(Illuminate/Foundation/Application), Array, Object(Closure))
#39 C:/Users/PC/Documents/GitHub/Fawaz_ALharbi_test/backend-laravel/vendor/laravel/framework/src/Illuminate/Container/Container.php(662): Illuminate/Container/BoundMethod::call(Object(Illuminate/Foundation/Application), Array, Array, NULL)
#40 C:/Users/PC/Documents/GitHub/Fawaz_ALharbi_test/backend-laravel/vendor/laravel/framework/src/Illuminate/Console/Command.php(211): Illuminate/Container/Container->call(Array)
#41 C:/Users/PC/Documents/GitHub/Fawaz_ALharbi_test/backend-laravel/vendor/symfony/console/Command/Command.php(326): Illuminate/Console/Command->execute(Object(Symfony/Component/Console/Input/ArgvInput), Object(Illuminate/Console/OutputStyle))
#42 C:/Users/PC/Documents/GitHub/Fawaz_ALharbi_test/backend-laravel/vendor/laravel/framework/src/Illuminate/Console/Command.php(181): Symfony/Component/Console/Command/Command->run(Object(Symfony/Component/Console/Input/ArgvInput), Object(Illuminate/Console/OutputStyle))
#43 C:/Users/PC/Documents/GitHub/Fawaz_ALharbi_test/backend-laravel/vendor/symfony/console/Application.php(1121): Illuminate/Console/Command->run(Object(Symfony/Component/Console/Input/ArgvInput), Object(Symfony/Component/Console/Output/ConsoleOutput))
#44 C:/Users/PC/Documents/GitHub/Fawaz_ALharbi_test/backend-laravel/vendor/symfony/console/Application.php(324): Symfony/Component/Console/Application->doRunCommand(Object(Illuminate/Database/Console/Migrations/FreshCommand), Object(Symfony/Component/Console/Input/ArgvInput), Object(Symfony/Component/Console/Output/ConsoleOutput))
#45 C:/Users/PC/Documents/GitHub/Fawaz_ALharbi_test/backend-laravel/vendor/symfony/console/Application.php(175): Symfony/Component/Console/Application->doRun(Object(Symfony/Component/Console/Input/ArgvInput), Object(Symfony/Component/Console/Output/ConsoleOutput))
#46 C:/Users/PC/Documents/GitHub/Fawaz_ALharbi_test/backend-laravel/vendor/laravel/framework/src/Illuminate/Foundation/Console/Kernel.php(201): Symfony/Component/Console/Application->run(Object(Symfony/Component/Console/Input/ArgvInput), Object(Symfony/Component/Console/Output/ConsoleOutput))
#47 C:/Users/PC/Documents/GitHub/Fawaz_ALharbi_test/backend-laravel/artisan(37): Illuminate/Foundation/Console/Kernel->handle(Object(Symfony/Component/Console/Input/ArgvInput), Object(Symfony/Component/Console/Output/ConsoleOutput))
#48 {main}

[previous exception] [object] (PDOException(code: 42S22): SQLSTATE[42S22]: Column not found: 1054 Unknown column 'day' in 'field list' at C:/Users/PC/Documents/GitHub/Fawaz_ALharbi_test/backend-laravel/vendor/laravel/framework/src/Illuminate/Database/MySqlConnection.php:39)
[stacktrace]
#0 C:/Users/PC/Documents/GitHub/Fawaz_ALharbi_test/backend-laravel/vendor/laravel/framework/src/Illuminate/Database/MySqlConnection.php(39): PDO->prepare('insert into `bo...')
#1 C:/Users/PC/Documents/GitHub/Fawaz_ALharbi_test/backend-laravel/vendor/laravel/framework/src/Illuminate/Database/Connection.php(816): Illuminate/Database/MySqlConnection->Illuminate/Database/{closure}('insert into `bo...', Array)
#2 C:/Users/PC/Documents/GitHub/Fawaz_ALharbi_test/backend-laravel/vendor/laravel/framework/src/Illuminate/Database/Connection.php(783): Illuminate/Database/Connection->runQueryCallback('insert into `bo...', Array, Object(Closure))
#3 C:/Users/PC/Documents/GitHub/Fawaz_ALharbi_test/backend-laravel/vendor/laravel/framework/src/Illuminate/Database/MySqlConnection.php(50): Illuminate/Database/Connection->run('insert into `bo...', Array, Object(Closure))
#4 C:/Users/PC/Documents/GitHub/Fawaz_ALharbi_test/backend-laravel/vendor/laravel/framework/src/Illuminate/Database/Query/Builder.php(3500): Illuminate/Database/MySqlConnection->insert('insert into `bo...', Array)
#5 C:/Users/PC/Documents/GitHub/Fawaz_ALharbi_test/backend-laravel/database/seeders/DemoDataSeeder.php(95): Illuminate/Database/Query/Builder->insert(Array)
#6 C:/Users/PC/Documents/GitHub/Fawaz_ALharbi_test/backend-laravel/vendor/laravel/framework/src/Illuminate/Container/BoundMethod.php(36): Database/Seeders/DemoDataSeeder->run()
#7 C:/Users/PC/Documents/GitHub/Fawaz_ALharbi_test/backend-laravel/vendor/laravel/framework/src/Illuminate/Container/Util.php(41): Illuminate/Container/BoundMethod::Illuminate/Container/{closure}()
#8 C:/Users/PC/Documents/GitHub/Fawaz_ALharbi_test/backend-laravel/vendor/laravel/framework/src/Illuminate/Container/BoundMethod.php(93): Illuminate/Container/Util::unwrapIfClosure(Object(Closure))
#9 C:/Users/PC/Documents/GitHub/Fawaz_ALharbi_test/backend-laravel/vendor/laravel/framework/src/Illuminate/Container/BoundMethod.php(37): Illuminate/Container/BoundMethod::callBoundMethod(Object(Illuminate/Foundation/Application), Array, Object(Closure))
#10 C:/Users/PC/Documents/GitHub/Fawaz_ALharbi_test/backend-laravel/vendor/laravel/framework/src/Illuminate/Container/Container.php(662): Illuminate/Container/BoundMethod::call(Object(Illuminate/Foundation/Application), Array, Array, NULL)
#11 C:/Users/PC/Documents/GitHub/Fawaz_ALharbi_test/backend-laravel/vendor/laravel/framework/src/Illuminate/Database/Seeder.php(184): Illuminate/Container/Container->call(Array, Array)
#12 C:/Users/PC/Documents/GitHub/Fawaz_ALharbi_test/backend-laravel/vendor/laravel/framework/src/Illuminate/Database/Seeder.php(193): Illuminate/Database/Seeder->Illuminate/Database/{closure}()
#13 C:/Users/PC/Documents/GitHub/Fawaz_ALharbi_test/backend-laravel/vendor/laravel/framework/src/Illuminate/Database/Seeder.php(61): Illuminate/Database/Seeder->__invoke(Array)
#14 C:/Users/PC/Documents/GitHub/Fawaz_ALharbi_test/backend-laravel/database/seeders/DatabaseSeeder.php(27): Illuminate/Database/Seeder->call('Database//Seeder...')
#15 C:/Users/PC/Documents/GitHub/Fawaz_ALharbi_test/backend-laravel/vendor/laravel/framework/src/Illuminate/Container/BoundMethod.php(36): Database/Seeders/DatabaseSeeder->run()
#16 C:/Users/PC/Documents/GitHub/Fawaz_ALharbi_test/backend-laravel/vendor/laravel/framework/src/Illuminate/Container/Util.php(41): Illuminate/Container/BoundMethod::Illuminate/Container/{closure}()
#17 C:/Users/PC/Documents/GitHub/Fawaz_ALharbi_test/backend-laravel/vendor/laravel/framework/src/Illuminate/Container/BoundMethod.php(93): Illuminate/Container/Util::unwrapIfClosure(Object(Closure))
#18 C:/Users/PC/Documents/GitHub/Fawaz_ALharbi_test/backend-laravel/vendor/laravel/framework/src/Illuminate/Container/BoundMethod.php(37): Illuminate/Container/BoundMethod::callBoundMethod(Object(Illuminate/Foundation/Application), Array, Object(Closure))
#19 C:/Users/PC/Documents/GitHub/Fawaz_ALharbi_test/backend-laravel/vendor/laravel/framework/src/Illuminate/Container/Container.php(662): Illuminate/Container/BoundMethod::call(Object(Illuminate/Foundation/Application), Array, Array, NULL)
#20 C:/Users/PC/Documents/GitHub/Fawaz_ALharbi_test/backend-laravel/vendor/laravel/framework/src/Illuminate/Database/Seeder.php(184): Illuminate/Container/Container->call(Array, Array)
#21 C:/Users/PC/Documents/GitHub/Fawaz_ALharbi_test/backend-laravel/vendor/laravel/framework/src/Illuminate/Database/Seeder.php(193): Illuminate/Database/Seeder->Illuminate/Database/{closure}()
#22 C:/Users/PC/Documents/GitHub/Fawaz_ALharbi_test/backend-laravel/vendor/laravel/framework/src/Illuminate/Database/Console/Seeds/SeedCommand.php(70): Illuminate/Database/Seeder->__invoke()
#23 C:/Users/PC/Documents/GitHub/Fawaz_ALharbi_test/backend-laravel/vendor/laravel/framework/src/Illuminate/Database/Eloquent/Concerns/GuardsAttributes.php(155): Illuminate/Database/Console/Seeds/SeedCommand->Illuminate/Database/Console/Seeds/{closure}()
#24 C:/Users/PC/Documents/GitHub/Fawaz_ALharbi_test/backend-laravel/vendor/laravel/framework/src/Illuminate/Database/Console/Seeds/SeedCommand.php(71): Illuminate/Database/Eloquent/Model::unguarded(Object(Closure))
#25 C:/Users/PC/Documents/GitHub/Fawaz_ALharbi_test/backend-laravel/vendor/laravel/framework/src/Illuminate/Container/BoundMethod.php(36): Illuminate/Database/Console/Seeds/SeedCommand->handle()
#26 C:/Users/PC/Documents/GitHub/Fawaz_ALharbi_test/backend-laravel/vendor/laravel/framework/src/Illuminate/Container/Util.php(41): Illuminate/Container/BoundMethod::Illuminate/Container/{closure}()
#27 C:/Users/PC/Documents/GitHub/Fawaz_ALharbi_test/backend-laravel/vendor/laravel/framework/src/Illuminate/Container/BoundMethod.php(93): Illuminate/Container/Util::unwrapIfClosure(Object(Closure))
#28 C:/Users/PC/Documents/GitHub/Fawaz_ALharbi_test/backend-laravel/vendor/laravel/framework/src/Illuminate/Container/BoundMethod.php(37): Illuminate/Container/BoundMethod::callBoundMethod(Object(Illuminate/Foundation/Application), Array, Object(Closure))
#29 C:/Users/PC/Documents/GitHub/Fawaz_ALharbi_test/backend-laravel/vendor/laravel/framework/src/Illuminate/Container/Container.php(662): Illuminate/Container/BoundMethod::call(Object(Illuminate/Foundation/Application), Array, Array, NULL)
#30 C:/Users/PC/Documents/GitHub/Fawaz_ALharbi_test/backend-laravel/vendor/laravel/framework/src/Illuminate/Console/Command.php(211): Illuminate/Container/Container->call(Array)
#31 C:/Users/PC/Documents/GitHub/Fawaz_ALharbi_test/backend-laravel/vendor/symfony/console/Command/Command.php(326): Illuminate/Console/Command->execute(Object(Symfony/Component/Console/Input/ArrayInput), Object(Illuminate/Console/OutputStyle))
#32 C:/Users/PC/Documents/GitHub/Fawaz_ALharbi_test/backend-laravel/vendor/laravel/framework/src/Illuminate/Console/Command.php(181): Symfony/Component/Console/Command/Command->run(Object(Symfony/Component/Console/Input/ArrayInput), Object(Illuminate/Console/OutputStyle))
#33 C:/Users/PC/Documents/GitHub/Fawaz_ALharbi_test/backend-laravel/vendor/laravel/framework/src/Illuminate/Console/Concerns/CallsCommands.php(68): Illuminate/Console/Command->run(Object(Symfony/Component/Console/Input/ArrayInput), Object(Illuminate/Console/OutputStyle))
#34 C:/Users/PC/Documents/GitHub/Fawaz_ALharbi_test/backend-laravel/vendor/laravel/framework/src/Illuminate/Console/Concerns/CallsCommands.php(28): Illuminate/Console/Command->runCommand('db:seed', Array, Object(Illuminate/Console/OutputStyle))
#35 C:/Users/PC/Documents/GitHub/Fawaz_ALharbi_test/backend-laravel/vendor/laravel/framework/src/Illuminate/Database/Console/Migrations/FreshCommand.php(94): Illuminate/Console/Command->call('db:seed', Array)
#36 C:/Users/PC/Documents/GitHub/Fawaz_ALharbi_test/backend-laravel/vendor/laravel/framework/src/Illuminate/Database/Console/Migrations/FreshCommand.php(69): Illuminate/Database/Console/Migrations/FreshCommand->runSeeder(NULL)
#37 C:/Users/PC/Documents/GitHub/Fawaz_ALharbi_test/backend-laravel/vendor/laravel/framework/src/Illuminate/Container/BoundMethod.php(36): Illuminate/Database/Console/Migrations/FreshCommand->handle()
#38 C:/Users/PC/Documents/GitHub/Fawaz_ALharbi_test/backend-laravel/vendor/laravel/framework/src/Illuminate/Container/Util.php(41): Illuminate/Container/BoundMethod::Illuminate/Container/{closure}()
#39 C:/Users/PC/Documents/GitHub/Fawaz_ALharbi_test/backend-laravel/vendor/laravel/framework/src/Illuminate/Container/BoundMethod.php(93): Illuminate/Container/Util::unwrapIfClosure(Object(Closure))
#40 C:/Users/PC/Documents/GitHub/Fawaz_ALharbi_test/backend-laravel/vendor/laravel/framework/src/Illuminate/Container/BoundMethod.php(37): Illuminate/Container/BoundMethod::callBoundMethod(Object(Illuminate/Foundation/Application), Array, Object(Closure))
#41 C:/Users/PC/Documents/GitHub/Fawaz_ALharbi_test/backend-laravel/vendor/laravel/framework/src/Illuminate/Container/Container.php(662): Illuminate/Container/BoundMethod::call(Object(Illuminate/Foundation/Application), Array, Array, NULL)
#42 C:/Users/PC/Documents/GitHub/Fawaz_ALharbi_test/backend-laravel/vendor/laravel/framework/src/Illuminate/Console/Command.php(211): Illuminate/Container/Container->call(Array)
#43 C:/Users/PC/Documents/GitHub/Fawaz_ALharbi_test/backend-laravel/vendor/symfony/console/Command/Command.php(326): Illuminate/Console/Command->execute(Object(Symfony/Component/Console/Input/ArgvInput), Object(Illuminate/Console/OutputStyle))
#44 C:/Users/PC/Documents/GitHub/Fawaz_ALharbi_test/backend-laravel/vendor/laravel/framework/src/Illuminate/Console/Command.php(181): Symfony/Component/Console/Command/Command->run(Object(Symfony/Component/Console/Input/ArgvInput), Object(Illuminate/Console/OutputStyle))
#45 C:/Users/PC/Documents/GitHub/Fawaz_ALharbi_test/backend-laravel/vendor/symfony/console/Application.php(1121): Illuminate/Console/Command->run(Object(Symfony/Component/Console/Input/ArgvInput), Object(Symfony/Component/Console/Output/ConsoleOutput))
#46 C:/Users/PC/Documents/GitHub/Fawaz_ALharbi_test/backend-laravel/vendor/symfony/console/Application.php(324): Symfony/Component/Console/Application->doRunCommand(Object(Illuminate/Database/Console/Migrations/FreshCommand), Object(Symfony/Component/Console/Input/ArgvInput), Object(Symfony/Component/Console/Output/ConsoleOutput))
#47 C:/Users/PC/Documents/GitHub/Fawaz_ALharbi_test/backend-laravel/vendor/symfony/console/Application.php(175): Symfony/Component/Console/Application->doRun(Object(Symfony/Component/Console/Input/ArgvInput), Object(Symfony/Component/Console/Output/ConsoleOutput))
#48 C:/Users/PC/Documents/GitHub/Fawaz_ALharbi_test/backend-laravel/vendor/laravel/framework/src/Illuminate/Foundation/Console/Kernel.php(201): Symfony/Component/Console/Application->run(Object(Symfony/Component/Console/Input/ArgvInput), Object(Symfony/Component/Console/Output/ConsoleOutput))
#49 C:/Users/PC/Documents/GitHub/Fawaz_ALharbi_test/backend-laravel/artisan(37): Illuminate/Foundation/Console/Kernel->handle(Object(Symfony/Component/Console/Input/ArgvInput), Object(Symfony/Component/Console/Output/ConsoleOutput))
#50 {main}
"} 
[2026-04-27 16:33:13] local.ERROR: syntax error, unexpected token "use" {"exception":"[object] (ParseError(code: 0): syntax error, unexpected token \"use\" at C:/Users/PC/Documents/GitHub/Fawaz_ALharbi_test/backend-laravel/routes/api.php:54)
[stacktrace]
#0 C:/Users/PC/Documents/GitHub/Fawaz_ALharbi_test/backend-laravel/vendor/laravel/framework/src/Illuminate/Routing/Router.php(511): Illuminate/Routing/RouteFileRegistrar->register('C://Users//PC//Doc...')
#1 C:/Users/PC/Documents/GitHub/Fawaz_ALharbi_test/backend-laravel/vendor/laravel/framework/src/Illuminate/Routing/Router.php(465): Illuminate/Routing/Router->loadRoutes('C://Users//PC//Doc...')
#2 C:/Users/PC/Documents/GitHub/Fawaz_ALharbi_test/backend-laravel/vendor/laravel/framework/src/Illuminate/Routing/RouteRegistrar.php(194): Illuminate/Routing/Router->group(Array, 'C://Users//PC//Doc...')
#3 C:/Users/PC/Documents/GitHub/Fawaz_ALharbi_test/backend-laravel/app/Providers/RouteServiceProvider.php(34): Illuminate/Routing/RouteRegistrar->group('C://Users//PC//Doc...')
#4 C:/Users/PC/Documents/GitHub/Fawaz_ALharbi_test/backend-laravel/vendor/laravel/framework/src/Illuminate/Container/BoundMethod.php(36): App/Providers/RouteServiceProvider->App/Providers/{closure}()
#5 C:/Users/PC/Documents/GitHub/Fawaz_ALharbi_test/backend-laravel/vendor/laravel/framework/src/Illuminate/Container/Util.php(41): Illuminate/Container/BoundMethod::Illuminate/Container/{closure}()
#6 C:/Users/PC/Documents/GitHub/Fawaz_ALharbi_test/backend-laravel/vendor/laravel/framework/src/Illuminate/Container/BoundMethod.php(81): Illuminate/Container/Util::unwrapIfClosure(Object(Closure))
#7 C:/Users/PC/Documents/GitHub/Fawaz_ALharbi_test/backend-laravel/vendor/laravel/framework/src/Illuminate/Container/BoundMethod.php(37): Illuminate/Container/BoundMethod::callBoundMethod(Object(Illuminate/Foundation/Application), Object(Closure), Object(Closure))
#8 C:/Users/PC/Documents/GitHub/Fawaz_ALharbi_test/backend-laravel/vendor/laravel/framework/src/Illuminate/Container/Container.php(662): Illuminate/Container/BoundMethod::call(Object(Illuminate/Foundation/Application), Object(Closure), Array, NULL)
#9 C:/Users/PC/Documents/GitHub/Fawaz_ALharbi_test/backend-laravel/vendor/laravel/framework/src/Illuminate/Foundation/Support/Providers/RouteServiceProvider.php(120): Illuminate/Container/Container->call(Object(Closure))
#10 C:/Users/PC/Documents/GitHub/Fawaz_ALharbi_test/backend-laravel/vendor/laravel/framework/src/Illuminate/Foundation/Support/Providers/RouteServiceProvider.php(45): Illuminate/Foundation/Support/Providers/RouteServiceProvider->loadRoutes()
#11 C:/Users/PC/Documents/GitHub/Fawaz_ALharbi_test/backend-laravel/vendor/laravel/framework/src/Illuminate/Container/BoundMethod.php(36): Illuminate/Foundation/Support/Providers/RouteServiceProvider->Illuminate/Foundation/Support/Providers/{closure}()
#12 C:/Users/PC/Documents/GitHub/Fawaz_ALharbi_test/backend-laravel/vendor/laravel/framework/src/Illuminate/Container/Util.php(41): Illuminate/Container/BoundMethod::Illuminate/Container/{closure}()
#13 C:/Users/PC/Documents/GitHub/Fawaz_ALharbi_test/backend-laravel/vendor/laravel/framework/src/Illuminate/Container/BoundMethod.php(81): Illuminate/Container/Util::unwrapIfClosure(Object(Closure))
#14 C:/Users/PC/Documents/GitHub/Fawaz_ALharbi_test/backend-laravel/vendor/laravel/framework/src/Illuminate/Container/BoundMethod.php(37): Illuminate/Container/BoundMethod::callBoundMethod(Object(Illuminate/Foundation/Application), Object(Closure), Object(Closure))
#15 C:/Users/PC/Documents/GitHub/Fawaz_ALharbi_test/backend-laravel/vendor/laravel/framework/src/Illuminate/Container/Container.php(662): Illuminate/Container/BoundMethod::call(Object(Illuminate/Foundation/Application), Object(Closure), Array, NULL)
#16 C:/Users/PC/Documents/GitHub/Fawaz_ALharbi_test/backend-laravel/vendor/laravel/framework/src/Illuminate/Support/ServiceProvider.php(119): Illuminate/Container/Container->call(Object(Closure))
#17 C:/Users/PC/Documents/GitHub/Fawaz_ALharbi_test/backend-laravel/vendor/laravel/framework/src/Illuminate/Foundation/Application.php(1062): Illuminate/Support/ServiceProvider->callBootedCallbacks()
#18 C:/Users/PC/Documents/GitHub/Fawaz_ALharbi_test/backend-laravel/vendor/laravel/framework/src/Illuminate/Foundation/Application.php(1040): Illuminate/Foundation/Application->bootProvider(Object(App/Providers/RouteServiceProvider))
#19 [internal function]: Illuminate/Foundation/Application->Illuminate/Foundation/{closure}(Object(App/Providers/RouteServiceProvider), 23)
#20 C:/Users/PC/Documents/GitHub/Fawaz_ALharbi_test/backend-laravel/vendor/laravel/framework/src/Illuminate/Foundation/Application.php(1041): array_walk(Array, Object(Closure))
#21 C:/Users/PC/Documents/GitHub/Fawaz_ALharbi_test/backend-laravel/vendor/laravel/framework/src/Illuminate/Foundation/Bootstrap/BootProviders.php(17): Illuminate/Foundation/Application->boot()
#22 C:/Users/PC/Documents/GitHub/Fawaz_ALharbi_test/backend-laravel/vendor/laravel/framework/src/Illuminate/Foundation/Application.php(286): Illuminate/Foundation/Bootstrap/BootProviders->bootstrap(Object(Illuminate/Foundation/Application))
#23 C:/Users/PC/Documents/GitHub/Fawaz_ALharbi_test/backend-laravel/vendor/laravel/framework/src/Illuminate/Foundation/Http/Kernel.php(186): Illuminate/Foundation/Application->bootstrapWith(Array)
#24 C:/Users/PC/Documents/GitHub/Fawaz_ALharbi_test/backend-laravel/vendor/laravel/framework/src/Illuminate/Foundation/Http/Kernel.php(170): Illuminate/Foundation/Http/Kernel->bootstrap()
#25 C:/Users/PC/Documents/GitHub/Fawaz_ALharbi_test/backend-laravel/vendor/laravel/framework/src/Illuminate/Foundation/Http/Kernel.php(144): Illuminate/Foundation/Http/Kernel->sendRequestThroughRouter(Object(Illuminate/Http/Request))
#26 C:/Users/PC/Documents/GitHub/Fawaz_ALharbi_test/backend-laravel/public/index.php(52): Illuminate/Foundation/Http/Kernel->handle(Object(Illuminate/Http/Request))
#27 C:/Users/PC/Documents/GitHub/Fawaz_ALharbi_test/backend-laravel/vendor/laravel/framework/src/Illuminate/Foundation/resources/server.php(16): require_once('C://Users//PC//Doc...')
#28 {main}
"} 
[2026-08-14 13:13:17] local.ERROR: syntax error, unexpected token "use" {"exception":"[object] (ParseError(code: 0): syntax error, unexpected token \"use\" at C:/Users/PC/Documents/GitHub/Fawaz_ALharbi_test/backend-laravel/routes/api.php:54)
[stacktrace]
#0 C:/Users/PC/Documents/GitHub/Fawaz_ALharbi_test/backend-laravel/vendor/laravel/framework/src/Illuminate/Routing/Router.php(511): Illuminate/Routing/RouteFileRegistrar->register('C://Users//PC//Doc...')
#1 C:/Users/PC/Documents/GitHub/Fawaz_ALharbi_test/backend-laravel/vendor/laravel/framework/src/Illuminate/Routing/Router.php(465): Illuminate/Routing/Router->loadRoutes('C://Users//PC//Doc...')
#2 C:/Users/PC/Documents/GitHub/Fawaz_ALharbi_test/backend-laravel/vendor/laravel/framework/src/Illuminate/Routing/RouteRegistrar.php(194): Illuminate/Routing/Router->group(Array, 'C://Users//PC//Doc...')
#3 C:/Users/PC/Documents/GitHub/Fawaz_ALharbi_test/backend-laravel/app/Providers/RouteServiceProvider.php(34): Illuminate/Routing/RouteRegistrar->group('C://Users//PC//Doc...')
#4 C:/Users/PC/Documents/GitHub/Fawaz_ALharbi_test/backend-laravel/vendor/laravel/framework/src/Illuminate/Container/BoundMethod.php(36): App/Providers/RouteServiceProvider->App/Providers/{closure}()
#5 C:/Users/PC/Documents/GitHub/Fawaz_ALharbi_test/backend-laravel/vendor/laravel/framework/src/Illuminate/Container/Util.php(41): Illuminate/Container/BoundMethod::Illuminate/Container/{closure}()
#6 C:/Users/PC/Documents/GitHub/Fawaz_ALharbi_test/backend-laravel/vendor/laravel/framework/src/Illuminate/Container/BoundMethod.php(81): Illuminate/Container/Util::unwrapIfClosure(Object(Closure))
#7 C:/Users/PC/Documents/GitHub/Fawaz_ALharbi_test/backend-laravel/vendor/laravel/framework/src/Illuminate/Container/BoundMethod.php(37): Illuminate/Container/BoundMethod::callBoundMethod(Object(Illuminate/Foundation/Application), Object(Closure), Object(Closure))
#8 C:/Users/PC/Documents/GitHub/Fawaz_ALharbi_test/backend-laravel/vendor/laravel/framework/src/Illuminate/Container/Container.php(662): Illuminate/Container/BoundMethod::call(Object(Illuminate/Foundation/Application), Object(Closure), Array, NULL)
#9 C:/Users/PC/Documents/GitHub/Fawaz_ALharbi_test/backend-laravel/vendor/laravel/framework/src/Illuminate/Foundation/Support/Providers/RouteServiceProvider.php(120): Illuminate/Container/Container->call(Object(Closure))
#10 C:/Users/PC/Documents/GitHub/Fawaz_ALharbi_test/backend-laravel/vendor/laravel/framework/src/Illuminate/Foundation/Support/Providers/RouteServiceProvider.php(45): Illuminate/Foundation/Support/Providers/RouteServiceProvider->loadRoutes()
#11 C:/Users/PC/Documents/GitHub/Fawaz_ALharbi_test/backend-laravel/vendor/laravel/framework/src/Illuminate/Container/BoundMethod.php(36): Illuminate/Foundation/Support/Providers/RouteServiceProvider->Illuminate/Foundation/Support/Providers/{closure}()
#12 C:/Users/PC/Documents/GitHub/Fawaz_ALharbi_test/backend-laravel/vendor/laravel/framework/src/Illuminate/Container/Util.php(41): Illuminate/Container/BoundMethod::Illuminate/Container/{closure}()
#13 C:/Users/PC/Documents/GitHub/Fawaz_ALharbi_test/backend-laravel/vendor/laravel/framework/src/Illuminate/Container/BoundMethod.php(81): Illuminate/Container/Util::unwrapIfClosure(Object(Closure))
#14 C:/Users/PC/Documents/GitHub/Fawaz_ALharbi_test/backend-laravel/vendor/laravel/framework/src/Illuminate/Container/BoundMethod.php(37): Illuminate/Container/BoundMethod::callBoundMethod(Object(Illuminate/Foundation/Application), Object(Closure), Object(Closure))
#15 C:/Users/PC/Documents/GitHub/Fawaz_ALharbi_test/backend-laravel/vendor/laravel/framework/src/Illuminate/Container/Container.php(662): Illuminate/Container/BoundMethod::call(Object(Illuminate/Foundation/Application), Object(Closure), Array, NULL)
#16 C:/Users/PC/Documents/GitHub/Fawaz_ALharbi_test/backend-laravel/vendor/laravel/framework/src/Illuminate/Support/ServiceProvider.php(119): Illuminate/Container/Container->call(Object(Closure))
#17 C:/Users/PC/Documents/GitHub/Fawaz_ALharbi_test/backend-laravel/vendor/laravel/framework/src/Illuminate/Foundation/Application.php(1062): Illuminate/Support/ServiceProvider->callBootedCallbacks()
#18 C:/Users/PC/Documents/GitHub/Fawaz_ALharbi_test/backend-laravel/vendor/laravel/framework/src/Illuminate/Foundation/Application.php(1040): Illuminate/Foundation/Application->bootProvider(Object(App/Providers/RouteServiceProvider))
#19 [internal function]: Illuminate/Foundation/Application->Illuminate/Foundation/{closure}(Object(App/Providers/RouteServiceProvider), 23)
#20 C:/Users/PC/Documents/GitHub/Fawaz_ALharbi_test/backend-laravel/vendor/laravel/framework/src/Illuminate/Foundation/Application.php(1041): array_walk(Array, Object(Closure))
#21 C:/Users/PC/Documents/GitHub/Fawaz_ALharbi_test/backend-laravel/vendor/laravel/framework/src/Illuminate/Foundation/Bootstrap/BootProviders.php(17): Illuminate/Foundation/Application->boot()
#22 C:/Users/PC/Documents/GitHub/Fawaz_ALharbi_test/backend-laravel/vendor/laravel/framework/src/Illuminate/Foundation/Application.php(286): Illuminate/Foundation/Bootstrap/BootProviders->bootstrap(Object(Illuminate/Foundation/Application))
#23 C:/Users/PC/Documents/GitHub/Fawaz_ALharbi_test/backend-laravel/vendor/laravel/framework/src/Illuminate/Foundation/Console/Kernel.php(447): Illuminate/Foundation/Application->bootstrapWith(Array)
#24 C:/Users/PC/Documents/GitHub/Fawaz_ALharbi_test/backend-laravel/vendor/laravel/framework/src/Illuminate/Foundation/Console/Kernel.php(199): Illuminate/Foundation/Console/Kernel->bootstrap()
#25 C:/Users/PC/Documents/GitHub/Fawaz_ALharbi_test/backend-laravel/artisan(37): Illuminate/Foundation/Console/Kernel->handle(Object(Symfony/Component/Console/Input/ArgvInput), Object(Symfony/Component/Console/Output/ConsoleOutput))
#26 {main}
"} 
[2026-08-14 13:19:21] local.ERROR: PHP Parse error: Syntax error, unexpected '=' on line 2 {"exception":"[object] (Psy\\Exception\\ParseErrorException(code: 0): PHP Parse error: Syntax error, unexpected '=' on line 2 at C:/Users/PC/Documents/GitHub/Fawaz_ALharbi_test/backend-laravel/vendor/psy/psysh/src/Exception/ParseErrorException.php:44)
[stacktrace]
#0 C:/Users/PC/Documents/GitHub/Fawaz_ALharbi_test/backend-laravel/vendor/psy/psysh/src/CodeCleaner.php(657): Psy/Exception/ParseErrorException::fromParseError(Object(PhpParser/Error))
#1 C:/Users/PC/Documents/GitHub/Fawaz_ALharbi_test/backend-laravel/vendor/psy/psysh/src/CodeCleaner.php(273): Psy/CodeCleaner->parse('<?php /n = ['cat...', false)
#2 C:/Users/PC/Documents/GitHub/Fawaz_ALharbi_test/backend-laravel/vendor/psy/psysh/src/Shell.php(1358): Psy/CodeCleaner->clean(Array, false)
#3 C:/Users/PC/Documents/GitHub/Fawaz_ALharbi_test/backend-laravel/vendor/psy/psysh/src/Shell.php(1465): Psy/Shell->appendCode('/n = ['categorie...', true, false)
#4 C:/Users/PC/Documents/GitHub/Fawaz_ALharbi_test/backend-laravel/vendor/psy/psysh/src/Shell.php(2173): Psy/Shell->setCode('/n = ['categorie...', true)
#5 C:/Users/PC/Documents/GitHub/Fawaz_ALharbi_test/backend-laravel/vendor/laravel/tinker/src/Console/TinkerCommand.php(77): Psy/Shell->execute('/n = ['categorie...')
#6 C:/Users/PC/Documents/GitHub/Fawaz_ALharbi_test/backend-laravel/vendor/laravel/framework/src/Illuminate/Container/BoundMethod.php(36): Laravel/Tinker/Console/TinkerCommand->handle()
#7 C:/Users/PC/Documents/GitHub/Fawaz_ALharbi_test/backend-laravel/vendor/laravel/framework/src/Illuminate/Container/Util.php(41): Illuminate/Container/BoundMethod::Illuminate/Container/{closure}()
#8 C:/Users/PC/Documents/GitHub/Fawaz_ALharbi_test/backend-laravel/vendor/laravel/framework/src/Illuminate/Container/BoundMethod.php(93): Illuminate/Container/Util::unwrapIfClosure(Object(Closure))
#9 C:/Users/PC/Documents/GitHub/Fawaz_ALharbi_test/backend-laravel/vendor/laravel/framework/src/Illuminate/Container/BoundMethod.php(37): Illuminate/Container/BoundMethod::callBoundMethod(Object(Illuminate/Foundation/Application), Array, Object(Closure))
#10 C:/Users/PC/Documents/GitHub/Fawaz_ALharbi_test/backend-laravel/vendor/laravel/framework/src/Illuminate/Container/Container.php(662): Illuminate/Container/BoundMethod::call(Object(Illuminate/Foundation/Application), Array, Array, NULL)
#11 C:/Users/PC/Documents/GitHub/Fawaz_ALharbi_test/backend-laravel/vendor/laravel/framework/src/Illuminate/Console/Command.php(211): Illuminate/Container/Container->call(Array)
#12 C:/Users/PC/Documents/GitHub/Fawaz_ALharbi_test/backend-laravel/vendor/symfony/console/Command/Command.php(326): Illuminate/Console/Command->execute(Object(Symfony/Component/Console/Input/ArgvInput), Object(Illuminate/Console/OutputStyle))
#13 C:/Users/PC/Documents/GitHub/Fawaz_ALharbi_test/backend-laravel/vendor/laravel/framework/src/Illuminate/Console/Command.php(181): Symfony/Component/Console/Command/Command->run(Object(Symfony/Component/Console/Input/ArgvInput), Object(Illuminate/Console/OutputStyle))
#14 C:/Users/PC/Documents/GitHub/Fawaz_ALharbi_test/backend-laravel/vendor/symfony/console/Application.php(1121): Illuminate/Console/Command->run(Object(Symfony/Component/Console/Input/ArgvInput), Object(Symfony/Component/Console/Output/ConsoleOutput))
#15 C:/Users/PC/Documents/GitHub/Fawaz_ALharbi_test/backend-laravel/vendor/symfony/console/Application.php(324): Symfony/Component/Console/Application->doRunCommand(Object(Laravel/Tinker/Console/TinkerCommand), Object(Symfony/Component/Console/Input/ArgvInput), Object(Symfony/Component/Console/Output/ConsoleOutput))
#16 C:/Users/PC/Documents/GitHub/Fawaz_ALharbi_test/backend-laravel/vendor/symfony/console/Application.php(175): Symfony/Component/Console/Application->doRun(Object(Symfony/Component/Console/Input/ArgvInput), Object(Symfony/Component/Console/Output/ConsoleOutput))
#17 C:/Users/PC/Documents/GitHub/Fawaz_ALharbi_test/backend-laravel/vendor/laravel/framework/src/Illuminate/Foundation/Console/Kernel.php(201): Symfony/Component/Console/Application->run(Object(Symfony/Component/Console/Input/ArgvInput), Object(Symfony/Component/Console/Output/ConsoleOutput))
#18 C:/Users/PC/Documents/GitHub/Fawaz_ALharbi_test/backend-laravel/artisan(37): Illuminate/Foundation/Console/Kernel->handle(Object(Symfony/Component/Console/Input/ArgvInput), Object(Symfony/Component/Console/Output/ConsoleOutput))
#19 {main}
"} 
[2026-08-14 13:23:48] local.ERROR: Cannot declare class App\Http\Controllers\Api\PricingPlanController, because the name is already in use {"exception":"[object] (Symfony\\Component\\ErrorHandler\\Error\\FatalError(code: 0): Cannot declare class App\\Http\\Controllers\\Api\\PricingPlanController, because the name is already in use at C:/Users/PC/Documents/GitHub/Fawaz_ALharbi_test/backend-laravel/app/Http/Controllers/Api/PricingController.php:9)
[stacktrace]
#0 {main}
"} 
[2026-08-14 13:43:44] local.ERROR: SQLSTATE[01000]: Warning: 1265 Data truncated for column 'payment_status' at row 1 (Connection: mysql, SQL: insert into `bookings` (`tenant_id`, `customer_id`, `merchant_id`, `service_id`, `client`, `merchant`, `service`, `scheduled_at`, `duration_minutes`, `base_price`, `discount_amount`, `tax_amount`, `total_price`, `payment_status`, `payment_method`, `status`, `customer_notes`, `created_at`, `updated_at`) values (1, 1, 1, 1, FAWAZ, Kuhic, Mertz and Schuppe, Networked coherent intranet, 2026-08-15 10:00:00, 60, 182, 0, 27.3, 182, paid, card, confirmed, ?, 2026-08-14 13:43:44, 2026-08-14 13:43:44)) {"userId":2,"exception":"[object] (Illuminate\\Database\\QueryException(code: 01000): SQLSTATE[01000]: Warning: 1265 Data truncated for column 'payment_status' at row 1 (Connection: mysql, SQL: insert into `bookings` (`tenant_id`, `customer_id`, `merchant_id`, `service_id`, `client`, `merchant`, `service`, `scheduled_at`, `duration_minutes`, `base_price`, `discount_amount`, `tax_amount`, `total_price`, `payment_status`, `payment_method`, `status`, `customer_notes`, `created_at`, `updated_at`) values (1, 1, 1, 1, FAWAZ, Kuhic, Mertz and Schuppe, Networked coherent intranet, 2026-08-15 10:00:00, 60, 182, 0, 27.3, 182, paid, card, confirmed, ?, 2026-08-14 13:43:44, 2026-08-14 13:43:44)) at C:/Users/PC/Documents/GitHub/Fawaz_ALharbi_test/backend-laravel/vendor/laravel/framework/src/Illuminate/Database/Connection.php:829)
[stacktrace]
#0 C:/Users/PC/Documents/GitHub/Fawaz_ALharbi_test/backend-laravel/vendor/laravel/framework/src/Illuminate/Database/Connection.php(783): Illuminate/Database/Connection->runQueryCallback('insert into `bo...', Array, Object(Closure))
#1 C:/Users/PC/Documents/GitHub/Fawaz_ALharbi_test/backend-laravel/vendor/laravel/framework/src/Illuminate/Database/MySqlConnection.php(50): Illuminate/Database/Connection->run('insert into `bo...', Array, Object(Closure))
#2 C:/Users/PC/Documents/GitHub/Fawaz_ALharbi_test/backend-laravel/vendor/laravel/framework/src/Illuminate/Database/Query/Processors/MySqlProcessor.php(35): Illuminate/Database/MySqlConnection->insert('insert into `bo...', Array, NULL)
#3 C:/Users/PC/Documents/GitHub/Fawaz_ALharbi_test/backend-laravel/vendor/laravel/framework/src/Illuminate/Database/Query/Builder.php(3549): Illuminate/Database/Query/Processors/MySqlProcessor->processInsertGetId(Object(Illuminate/Database/Query/Builder), 'insert into `bo...', Array, NULL)
#4 C:/Users/PC/Documents/GitHub/Fawaz_ALharbi_test/backend-laravel/app/Http/Controllers/Api/BookingController.php(103): Illuminate/Database/Query/Builder->insertGetId(Array)
#5 C:/Users/PC/Documents/GitHub/Fawaz_ALharbi_test/backend-laravel/vendor/laravel/framework/src/Illuminate/Routing/Controller.php(54): App/Http/Controllers/Api/BookingController->store(Object(Illuminate/Http/Request))
#6 C:/Users/PC/Documents/GitHub/Fawaz_ALharbi_test/backend-laravel/vendor/laravel/framework/src/Illuminate/Routing/ControllerDispatcher.php(43): Illuminate/Routing/Controller->callAction('store', Array)
#7 C:/Users/PC/Documents/GitHub/Fawaz_ALharbi_test/backend-laravel/vendor/laravel/framework/src/Illuminate/Routing/Route.php(260): Illuminate/Routing/ControllerDispatcher->dispatch(Object(Illuminate/Routing/Route), Object(App/Http/Controllers/Api/BookingController), 'store')
#8 C:/Users/PC/Documents/GitHub/Fawaz_ALharbi_test/backend-laravel/vendor/laravel/framework/src/Illuminate/Routing/Route.php(205): Illuminate/Routing/Route->runController()
#9 C:/Users/PC/Documents/GitHub/Fawaz_ALharbi_test/backend-laravel/vendor/laravel/framework/src/Illuminate/Routing/Router.php(806): Illuminate/Routing/Route->run()
#10 C:/Users/PC/Documents/GitHub/Fawaz_ALharbi_test/backend-laravel/vendor/laravel/framework/src/Illuminate/Pipeline/Pipeline.php(144): Illuminate/Routing/Router->Illuminate/Routing/{closure}(Object(Illuminate/Http/Request))
#11 C:/Users/PC/Documents/GitHub/Fawaz_ALharbi_test/backend-laravel/vendor/laravel/framework/src/Illuminate/Routing/Middleware/SubstituteBindings.php(50): Illuminate/Pipeline/Pipeline->Illuminate/Pipeline/{closure}(Object(Illuminate/Http/Request))
#12 C:/Users/PC/Documents/GitHub/Fawaz_ALharbi_test/backend-laravel/vendor/laravel/framework/src/Illuminate/Pipeline/Pipeline.php(183): Illuminate/Routing/Middleware/SubstituteBindings->handle(Object(Illuminate/Http/Request), Object(Closure))
#13 C:/Users/PC/Documents/GitHub/Fawaz_ALharbi_test/backend-laravel/vendor/laravel/framework/src/Illuminate/Routing/Middleware/ThrottleRequests.php(159): Illuminate/Pipeline/Pipeline->Illuminate/Pipeline/{closure}(Object(Illuminate/Http/Request))
#14 C:/Users/PC/Documents/GitHub/Fawaz_ALharbi_test/backend-laravel/vendor/laravel/framework/src/Illuminate/Routing/Middleware/ThrottleRequests.php(135): Illuminate/Routing/Middleware/ThrottleRequests->handleRequest(Object(Illuminate/Http/Request), Object(Closure), Array)
#15 C:/Users/PC/Documents/GitHub/Fawaz_ALharbi_test/backend-laravel/vendor/laravel/framework/src/Illuminate/Routing/Middleware/ThrottleRequests.php(87): Illuminate/Routing/Middleware/ThrottleRequests->handleRequestUsingNamedLimiter(Object(Illuminate/Http/Request), Object(Closure), 'api', Object(Closure))
#16 C:/Users/PC/Documents/GitHub/Fawaz_ALharbi_test/backend-laravel/vendor/laravel/framework/src/Illuminate/Pipeline/Pipeline.php(183): Illuminate/Routing/Middleware/ThrottleRequests->handle(Object(Illuminate/Http/Request), Object(Closure), 'api')
#17 C:/Users/PC/Documents/GitHub/Fawaz_ALharbi_test/backend-laravel/vendor/laravel/framework/src/Illuminate/Auth/Middleware/Authenticate.php(57): Illuminate/Pipeline/Pipeline->Illuminate/Pipeline/{closure}(Object(Illuminate/Http/Request))
#18 C:/Users/PC/Documents/GitHub/Fawaz_ALharbi_test/backend-laravel/vendor/laravel/framework/src/Illuminate/Pipeline/Pipeline.php(183): Illuminate/Auth/Middleware/Authenticate->handle(Object(Illuminate/Http/Request), Object(Closure), 'sanctum')
#19 C:/Users/PC/Documents/GitHub/Fawaz_ALharbi_test/backend-laravel/vendor/laravel/framework/src/Illuminate/Pipeline/Pipeline.php(119): Illuminate/Pipeline/Pipeline->Illuminate/Pipeline/{closure}(Object(Illuminate/Http/Request))
#20 C:/Users/PC/Documents/GitHub/Fawaz_ALharbi_test/backend-laravel/vendor/laravel/framework/src/Illuminate/Routing/Router.php(807): Illuminate/Pipeline/Pipeline->then(Object(Closure))
#21 C:/Users/PC/Documents/GitHub/Fawaz_ALharbi_test/backend-laravel/vendor/laravel/framework/src/Illuminate/Routing/Router.php(784): Illuminate/Routing/Router->runRouteWithinStack(Object(Illuminate/Routing/Route), Object(Illuminate/Http/Request))
#22 C:/Users/PC/Documents/GitHub/Fawaz_ALharbi_test/backend-laravel/vendor/laravel/framework/src/Illuminate/Routing/Router.php(748): Illuminate/Routing/Router->runRoute(Object(Illuminate/Http/Request), Object(Illuminate/Routing/Route))
#23 C:/Users/PC/Documents/GitHub/Fawaz_ALharbi_test/backend-laravel/vendor/laravel/framework/src/Illuminate/Routing/Router.php(737): Illuminate/Routing/Router->dispatchToRoute(Object(Illuminate/Http/Request))
#24 C:/Users/PC/Documents/GitHub/Fawaz_ALharbi_test/backend-laravel/vendor/laravel/framework/src/Illuminate/Foundation/Http/Kernel.php(200): Illuminate/Routing/Router->dispatch(Object(Illuminate/Http/Request))
#25 C:/Users/PC/Documents/GitHub/Fawaz_ALharbi_test/backend-laravel/vendor/laravel/framework/src/Illuminate/Pipeline/Pipeline.php(144): Illuminate/Foundation/Http/Kernel->Illuminate/Foundation/Http/{closure}(Object(Illuminate/Http/Request))
#26 C:/Users/PC/Documents/GitHub/Fawaz_ALharbi_test/backend-laravel/vendor/laravel/framework/src/Illuminate/Foundation/Http/Middleware/TransformsRequest.php(21): Illuminate/Pipeline/Pipeline->Illuminate/Pipeline/{closure}(Object(Illuminate/Http/Request))
#27 C:/Users/PC/Documents/GitHub/Fawaz_ALharbi_test/backend-laravel/vendor/laravel/framework/src/Illuminate/Foundation/Http/Middleware/ConvertEmptyStringsToNull.php(31): Illuminate/Foundation/Http/Middleware/TransformsRequest->handle(Object(Illuminate/Http/Request), Object(Closure))
#28 C:/Users/PC/Documents/GitHub/Fawaz_ALharbi_test/backend-laravel/vendor/laravel/framework/src/Illuminate/Pipeline/Pipeline.php(183): Illuminate/Foundation/Http/Middleware/ConvertEmptyStringsToNull->handle(Object(Illuminate/Http/Request), Object(Closure))
#29 C:/Users/PC/Documents/GitHub/Fawaz_ALharbi_test/backend-laravel/vendor/laravel/framework/src/Illuminate/Foundation/Http/Middleware/TransformsRequest.php(21): Illuminate/Pipeline/Pipeline->Illuminate/Pipeline/{closure}(Object(Illuminate/Http/Request))
#30 C:/Users/PC/Documents/GitHub/Fawaz_ALharbi_test/backend-laravel/vendor/laravel/framework/src/Illuminate/Foundation/Http/Middleware/TrimStrings.php(40): Illuminate/Foundation/Http/Middleware/TransformsRequest->handle(Object(Illuminate/Http/Request), Object(Closure))
#31 C:/Users/PC/Documents/GitHub/Fawaz_ALharbi_test/backend-laravel/vendor/laravel/framework/src/Illuminate/Pipeline/Pipeline.php(183): Illuminate/Foundation/Http/Middleware/TrimStrings->handle(Object(Illuminate/Http/Request), Object(Closure))
#32 C:/Users/PC/Documents/GitHub/Fawaz_ALharbi_test/backend-laravel/vendor/laravel/framework/src/Illuminate/Foundation/Http/Middleware/ValidatePostSize.php(27): Illuminate/Pipeline/Pipeline->Illuminate/Pipeline/{closure}(Object(Illuminate/Http/Request))
#33 C:/Users/PC/Documents/GitHub/Fawaz_ALharbi_test/backend-laravel/vendor/laravel/framework/src/Illuminate/Pipeline/Pipeline.php(183): Illuminate/Foundation/Http/Middleware/ValidatePostSize->handle(Object(Illuminate/Http/Request), Object(Closure))
#34 C:/Users/PC/Documents/GitHub/Fawaz_ALharbi_test/backend-laravel/vendor/laravel/framework/src/Illuminate/Foundation/Http/Middleware/PreventRequestsDuringMaintenance.php(99): Illuminate/Pipeline/Pipeline->Illuminate/Pipeline/{closure}(Object(Illuminate/Http/Request))
#35 C:/Users/PC/Documents/GitHub/Fawaz_ALharbi_test/backend-laravel/vendor/laravel/framework/src/Illuminate/Pipeline/Pipeline.php(183): Illuminate/Foundation/Http/Middleware/PreventRequestsDuringMaintenance->handle(Object(Illuminate/Http/Request), Object(Closure))
#36 C:/Users/PC/Documents/GitHub/Fawaz_ALharbi_test/backend-laravel/vendor/laravel/framework/src/Illuminate/Http/Middleware/HandleCors.php(62): Illuminate/Pipeline/Pipeline->Illuminate/Pipeline/{closure}(Object(Illuminate/Http/Request))
#37 C:/Users/PC/Documents/GitHub/Fawaz_ALharbi_test/backend-laravel/vendor/laravel/framework/src/Illuminate/Pipeline/Pipeline.php(183): Illuminate/Http/Middleware/HandleCors->handle(Object(Illuminate/Http/Request), Object(Closure))
#38 C:/Users/PC/Documents/GitHub/Fawaz_ALharbi_test/backend-laravel/vendor/laravel/framework/src/Illuminate/Http/Middleware/TrustProxies.php(39): Illuminate/Pipeline/Pipeline->Illuminate/Pipeline/{closure}(Object(Illuminate/Http/Request))
#39 C:/Users/PC/Documents/GitHub/Fawaz_ALharbi_test/backend-laravel/vendor/laravel/framework/src/Illuminate/Pipeline/Pipeline.php(183): Illuminate/Http/Middleware/TrustProxies->handle(Object(Illuminate/Http/Request), Object(Closure))
#40 C:/Users/PC/Documents/GitHub/Fawaz_ALharbi_test/backend-laravel/vendor/laravel/framework/src/Illuminate/Pipeline/Pipeline.php(119): Illuminate/Pipeline/Pipeline->Illuminate/Pipeline/{closure}(Object(Illuminate/Http/Request))
#41 C:/Users/PC/Documents/GitHub/Fawaz_ALharbi_test/backend-laravel/vendor/laravel/framework/src/Illuminate/Foundation/Http/Kernel.php(175): Illuminate/Pipeline/Pipeline->then(Object(Closure))
#42 C:/Users/PC/Documents/GitHub/Fawaz_ALharbi_test/backend-laravel/vendor/laravel/framework/src/Illuminate/Foundation/Http/Kernel.php(144): Illuminate/Foundation/Http/Kernel->sendRequestThroughRouter(Object(Illuminate/Http/Request))
#43 C:/Users/PC/Documents/GitHub/Fawaz_ALharbi_test/backend-laravel/public/index.php(52): Illuminate/Foundation/Http/Kernel->handle(Object(Illuminate/Http/Request))
#44 C:/Users/PC/Documents/GitHub/Fawaz_ALharbi_test/backend-laravel/vendor/laravel/framework/src/Illuminate/Foundation/resources/server.php(16): require_once('C://Users//PC//Doc...')
#45 {main}

[previous exception] [object] (PDOException(code: 01000): SQLSTATE[01000]: Warning: 1265 Data truncated for column 'payment_status' at row 1 at C:/Users/PC/Documents/GitHub/Fawaz_ALharbi_test/backend-laravel/vendor/laravel/framework/src/Illuminate/Database/MySqlConnection.php:45)
[stacktrace]
#0 C:/Users/PC/Documents/GitHub/Fawaz_ALharbi_test/backend-laravel/vendor/laravel/framework/src/Illuminate/Database/MySqlConnection.php(45): PDOStatement->execute()
#1 C:/Users/PC/Documents/GitHub/Fawaz_ALharbi_test/backend-laravel/vendor/laravel/framework/src/Illuminate/Database/Connection.php(816): Illuminate/Database/MySqlConnection->Illuminate/Database/{closure}('insert into `bo...', Array)
#2 C:/Users/PC/Documents/GitHub/Fawaz_ALharbi_test/backend-laravel/vendor/laravel/framework/src/Illuminate/Database/Connection.php(783): Illuminate/Database/Connection->runQueryCallback('insert into `bo...', Array, Object(Closure))
#3 C:/Users/PC/Documents/GitHub/Fawaz_ALharbi_test/backend-laravel/vendor/laravel/framework/src/Illuminate/Database/MySqlConnection.php(50): Illuminate/Database/Connection->run('insert into `bo...', Array, Object(Closure))
#4 C:/Users/PC/Documents/GitHub/Fawaz_ALharbi_test/backend-laravel/vendor/laravel/framework/src/Illuminate/Database/Query/Processors/MySqlProcessor.php(35): Illuminate/Database/MySqlConnection->insert('insert into `bo...', Array, NULL)
#5 C:/Users/PC/Documents/GitHub/Fawaz_ALharbi_test/backend-laravel/vendor/laravel/framework/src/Illuminate/Database/Query/Builder.php(3549): Illuminate/Database/Query/Processors/MySqlProcessor->processInsertGetId(Object(Illuminate/Database/Query/Builder), 'insert into `bo...', Array, NULL)
#6 C:/Users/PC/Documents/GitHub/Fawaz_ALharbi_test/backend-laravel/app/Http/Controllers/Api/BookingController.php(103): Illuminate/Database/Query/Builder->insertGetId(Array)
#7 C:/Users/PC/Documents/GitHub/Fawaz_ALharbi_test/backend-laravel/vendor/laravel/framework/src/Illuminate/Routing/Controller.php(54): App/Http/Controllers/Api/BookingController->store(Object(Illuminate/Http/Request))
#8 C:/Users/PC/Documents/GitHub/Fawaz_ALharbi_test/backend-laravel/vendor/laravel/framework/src/Illuminate/Routing/ControllerDispatcher.php(43): Illuminate/Routing/Controller->callAction('store', Array)
#9 C:/Users/PC/Documents/GitHub/Fawaz_ALharbi_test/backend-laravel/vendor/laravel/framework/src/Illuminate/Routing/Route.php(260): Illuminate/Routing/ControllerDispatcher->dispatch(Object(Illuminate/Routing/Route), Object(App/Http/Controllers/Api/BookingController), 'store')
#10 C:/Users/PC/Documents/GitHub/Fawaz_ALharbi_test/backend-laravel/vendor/laravel/framework/src/Illuminate/Routing/Route.php(205): Illuminate/Routing/Route->runController()
#11 C:/Users/PC/Documents/GitHub/Fawaz_ALharbi_test/backend-laravel/vendor/laravel/framework/src/Illuminate/Routing/Router.php(806): Illuminate/Routing/Route->run()
#12 C:/Users/PC/Documents/GitHub/Fawaz_ALharbi_test/backend-laravel/vendor/laravel/framework/src/Illuminate/Pipeline/Pipeline.php(144): Illuminate/Routing/Router->Illuminate/Routing/{closure}(Object(Illuminate/Http/Request))
#13 C:/Users/PC/Documents/GitHub/Fawaz_ALharbi_test/backend-laravel/vendor/laravel/framework/src/Illuminate/Routing/Middleware/SubstituteBindings.php(50): Illuminate/Pipeline/Pipeline->Illuminate/Pipeline/{closure}(Object(Illuminate/Http/Request))
#14 C:/Users/PC/Documents/GitHub/Fawaz_ALharbi_test/backend-laravel/vendor/laravel/framework/src/Illuminate/Pipeline/Pipeline.php(183): Illuminate/Routing/Middleware/SubstituteBindings->handle(Object(Illuminate/Http/Request), Object(Closure))
#15 C:/Users/PC/Documents/GitHub/Fawaz_ALharbi_test/backend-laravel/vendor/laravel/framework/src/Illuminate/Routing/Middleware/ThrottleRequests.php(159): Illuminate/Pipeline/Pipeline->Illuminate/Pipeline/{closure}(Object(Illuminate/Http/Request))
#16 C:/Users/PC/Documents/GitHub/Fawaz_ALharbi_test/backend-laravel/vendor/laravel/framework/src/Illuminate/Routing/Middleware/ThrottleRequests.php(135): Illuminate/Routing/Middleware/ThrottleRequests->handleRequest(Object(Illuminate/Http/Request), Object(Closure), Array)
#17 C:/Users/PC/Documents/GitHub/Fawaz_ALharbi_test/backend-laravel/vendor/laravel/framework/src/Illuminate/Routing/Middleware/ThrottleRequests.php(87): Illuminate/Routing/Middleware/ThrottleRequests->handleRequestUsingNamedLimiter(Object(Illuminate/Http/Request), Object(Closure), 'api', Object(Closure))
#18 C:/Users/PC/Documents/GitHub/Fawaz_ALharbi_test/backend-laravel/vendor/laravel/framework/src/Illuminate/Pipeline/Pipeline.php(183): Illuminate/Routing/Middleware/ThrottleRequests->handle(Object(Illuminate/Http/Request), Object(Closure), 'api')
#19 C:/Users/PC/Documents/GitHub/Fawaz_ALharbi_test/backend-laravel/vendor/laravel/framework/src/Illuminate/Auth/Middleware/Authenticate.php(57): Illuminate/Pipeline/Pipeline->Illuminate/Pipeline/{closure}(Object(Illuminate/Http/Request))
#20 C:/Users/PC/Documents/GitHub/Fawaz_ALharbi_test/backend-laravel/vendor/laravel/framework/src/Illuminate/Pipeline/Pipeline.php(183): Illuminate/Auth/Middleware/Authenticate->handle(Object(Illuminate/Http/Request), Object(Closure), 'sanctum')
#21 C:/Users/PC/Documents/GitHub/Fawaz_ALharbi_test/backend-laravel/vendor/laravel/framework/src/Illuminate/Pipeline/Pipeline.php(119): Illuminate/Pipeline/Pipeline->Illuminate/Pipeline/{closure}(Object(Illuminate/Http/Request))
#22 C:/Users/PC/Documents/GitHub/Fawaz_ALharbi_test/backend-laravel/vendor/laravel/framework/src/Illuminate/Routing/Router.php(807): Illuminate/Pipeline/Pipeline->then(Object(Closure))
#23 C:/Users/PC/Documents/GitHub/Fawaz_ALharbi_test/backend-laravel/vendor/laravel/framework/src/Illuminate/Routing/Router.php(784): Illuminate/Routing/Router->runRouteWithinStack(Object(Illuminate/Routing/Route), Object(Illuminate/Http/Request))
#24 C:/Users/PC/Documents/GitHub/Fawaz_ALharbi_test/backend-laravel/vendor/laravel/framework/src/Illuminate/Routing/Router.php(748): Illuminate/Routing/Router->runRoute(Object(Illuminate/Http/Request), Object(Illuminate/Routing/Route))
#25 C:/Users/PC/Documents/GitHub/Fawaz_ALharbi_test/backend-laravel/vendor/laravel/framework/src/Illuminate/Routing/Router.php(737): Illuminate/Routing/Router->dispatchToRoute(Object(Illuminate/Http/Request))
#26 C:/Users/PC/Documents/GitHub/Fawaz_ALharbi_test/backend-laravel/vendor/laravel/framework/src/Illuminate/Foundation/Http/Kernel.php(200): Illuminate/Routing/Router->dispatch(Object(Illuminate/Http/Request))
#27 C:/Users/PC/Documents/GitHub/Fawaz_ALharbi_test/backend-laravel/vendor/laravel/framework/src/Illuminate/Pipeline/Pipeline.php(144): Illuminate/Foundation/Http/Kernel->Illuminate/Foundation/Http/{closure}(Object(Illuminate/Http/Request))
#28 C:/Users/PC/Documents/GitHub/Fawaz_ALharbi_test/backend-laravel/vendor/laravel/framework/src/Illuminate/Foundation/Http/Middleware/TransformsRequest.php(21): Illuminate/Pipeline/Pipeline->Illuminate/Pipeline/{closure}(Object(Illuminate/Http/Request))
#29 C:/Users/PC/Documents/GitHub/Fawaz_ALharbi_test/backend-laravel/vendor/laravel/framework/src/Illuminate/Foundation/Http/Middleware/ConvertEmptyStringsToNull.php(31): Illuminate/Foundation/Http/Middleware/TransformsRequest->handle(Object(Illuminate/Http/Request), Object(Closure))
#30 C:/Users/PC/Documents/GitHub/Fawaz_ALharbi_test/backend-laravel/vendor/laravel/framework/src/Illuminate/Pipeline/Pipeline.php(183): Illuminate/Foundation/Http/Middleware/ConvertEmptyStringsToNull->handle(Object(Illuminate/Http/Request), Object(Closure))
#31 C:/Users/PC/Documents/GitHub/Fawaz_ALharbi_test/backend-laravel/vendor/laravel/framework/src/Illuminate/Foundation/Http/Middleware/TransformsRequest.php(21): Illuminate/Pipeline/Pipeline->Illuminate/Pipeline/{closure}(Object(Illuminate/Http/Request))
#32 C:/Users/PC/Documents/GitHub/Fawaz_ALharbi_test/backend-laravel/vendor/laravel/framework/src/Illuminate/Foundation/Http/Middleware/TrimStrings.php(40): Illuminate/Foundation/Http/Middleware/TransformsRequest->handle(Object(Illuminate/Http/Request), Object(Closure))
#33 C:/Users/PC/Documents/GitHub/Fawaz_ALharbi_test/backend-laravel/vendor/laravel/framework/src/Illuminate/Pipeline/Pipeline.php(183): Illuminate/Foundation/Http/Middleware/TrimStrings->handle(Object(Illuminate/Http/Request), Object(Closure))
#34 C:/Users/PC/Documents/GitHub/Fawaz_ALharbi_test/backend-laravel/vendor/laravel/framework/src/Illuminate/Foundation/Http/Middleware/ValidatePostSize.php(27): Illuminate/Pipeline/Pipeline->Illuminate/Pipeline/{closure}(Object(Illuminate/Http/Request))
#35 C:/Users/PC/Documents/GitHub/Fawaz_ALharbi_test/backend-laravel/vendor/laravel/framework/src/Illuminate/Pipeline/Pipeline.php(183): Illuminate/Foundation/Http/Middleware/ValidatePostSize->handle(Object(Illuminate/Http/Request), Object(Closure))
#36 C:/Users/PC/Documents/GitHub/Fawaz_ALharbi_test/backend-laravel/vendor/laravel/framework/src/Illuminate/Foundation/Http/Middleware/PreventRequestsDuringMaintenance.php(99): Illuminate/Pipeline/Pipeline->Illuminate/Pipeline/{closure}(Object(Illuminate/Http/Request))
#37 C:/Users/PC/Documents/GitHub/Fawaz_ALharbi_test/backend-laravel/vendor/laravel/framework/src/Illuminate/Pipeline/Pipeline.php(183): Illuminate/Foundation/Http/Middleware/PreventRequestsDuringMaintenance->handle(Object(Illuminate/Http/Request), Object(Closure))
#38 C:/Users/PC/Documents/GitHub/Fawaz_ALharbi_test/backend-laravel/vendor/laravel/framework/src/Illuminate/Http/Middleware/HandleCors.php(62): Illuminate/Pipeline/Pipeline->Illuminate/Pipeline/{closure}(Object(Illuminate/Http/Request))
#39 C:/Users/PC/Documents/GitHub/Fawaz_ALharbi_test/backend-laravel/vendor/laravel/framework/src/Illuminate/Pipeline/Pipeline.php(183): Illuminate/Http/Middleware/HandleCors->handle(Object(Illuminate/Http/Request), Object(Closure))
#40 C:/Users/PC/Documents/GitHub/Fawaz_ALharbi_test/backend-laravel/vendor/laravel/framework/src/Illuminate/Http/Middleware/TrustProxies.php(39): Illuminate/Pipeline/Pipeline->Illuminate/Pipeline/{closure}(Object(Illuminate/Http/Request))
#41 C:/Users/PC/Documents/GitHub/Fawaz_ALharbi_test/backend-laravel/vendor/laravel/framework/src/Illuminate/Pipeline/Pipeline.php(183): Illuminate/Http/Middleware/TrustProxies->handle(Object(Illuminate/Http/Request), Object(Closure))
#42 C:/Users/PC/Documents/GitHub/Fawaz_ALharbi_test/backend-laravel/vendor/laravel/framework/src/Illuminate/Pipeline/Pipeline.php(119): Illuminate/Pipeline/Pipeline->Illuminate/Pipeline/{closure}(Object(Illuminate/Http/Request))
#43 C:/Users/PC/Documents/GitHub/Fawaz_ALharbi_test/backend-laravel/vendor/laravel/framework/src/Illuminate/Foundation/Http/Kernel.php(175): Illuminate/Pipeline/Pipeline->then(Object(Closure))
#44 C:/Users/PC/Documents/GitHub/Fawaz_ALharbi_test/backend-laravel/vendor/laravel/framework/src/Illuminate/Foundation/Http/Kernel.php(144): Illuminate/Foundation/Http/Kernel->sendRequestThroughRouter(Object(Illuminate/Http/Request))
#45 C:/Users/PC/Documents/GitHub/Fawaz_ALharbi_test/backend-laravel/public/index.php(52): Illuminate/Foundation/Http/Kernel->handle(Object(Illuminate/Http/Request))
#46 C:/Users/PC/Documents/GitHub/Fawaz_ALharbi_test/backend-laravel/vendor/laravel/framework/src/Illuminate/Foundation/resources/server.php(16): require_once('C://Users//PC//Doc...')
#47 {main}
"} 
[2026-08-14 13:43:47] local.ERROR: SQLSTATE[01000]: Warning: 1265 Data truncated for column 'payment_status' at row 1 (Connection: mysql, SQL: insert into `bookings` (`tenant_id`, `customer_id`, `merchant_id`, `service_id`, `client`, `merchant`, `service`, `scheduled_at`, `duration_minutes`, `base_price`, `discount_amount`, `tax_amount`, `total_price`, `payment_status`, `payment_method`, `status`, `customer_notes`, `created_at`, `updated_at`) values (1, 1, 1, 1, FAWAZ, Kuhic, Mertz and Schuppe, Networked coherent intranet, 2026-08-15 10:00:00, 60, 182, 0, 27.3, 182, paid, card, confirmed, ?, 2026-08-14 13:43:47, 2026-08-14 13:43:47)) {"userId":2,"exception":"[object] (Illuminate\\Database\\QueryException(code: 01000): SQLSTATE[01000]: Warning: 1265 Data truncated for column 'payment_status' at row 1 (Connection: mysql, SQL: insert into `bookings` (`tenant_id`, `customer_id`, `merchant_id`, `service_id`, `client`, `merchant`, `service`, `scheduled_at`, `duration_minutes`, `base_price`, `discount_amount`, `tax_amount`, `total_price`, `payment_status`, `payment_method`, `status`, `customer_notes`, `created_at`, `updated_at`) values (1, 1, 1, 1, FAWAZ, Kuhic, Mertz and Schuppe, Networked coherent intranet, 2026-08-15 10:00:00, 60, 182, 0, 27.3, 182, paid, card, confirmed, ?, 2026-08-14 13:43:47, 2026-08-14 13:43:47)) at C:/Users/PC/Documents/GitHub/Fawaz_ALharbi_test/backend-laravel/vendor/laravel/framework/src/Illuminate/Database/Connection.php:829)
[stacktrace]
#0 C:/Users/PC/Documents/GitHub/Fawaz_ALharbi_test/backend-laravel/vendor/laravel/framework/src/Illuminate/Database/Connection.php(783): Illuminate/Database/Connection->runQueryCallback('insert into `bo...', Array, Object(Closure))
#1 C:/Users/PC/Documents/GitHub/Fawaz_ALharbi_test/backend-laravel/vendor/laravel/framework/src/Illuminate/Database/MySqlConnection.php(50): Illuminate/Database/Connection->run('insert into `bo...', Array, Object(Closure))
#2 C:/Users/PC/Documents/GitHub/Fawaz_ALharbi_test/backend-laravel/vendor/laravel/framework/src/Illuminate/Database/Query/Processors/MySqlProcessor.php(35): Illuminate/Database/MySqlConnection->insert('insert into `bo...', Array, NULL)
#3 C:/Users/PC/Documents/GitHub/Fawaz_ALharbi_test/backend-laravel/vendor/laravel/framework/src/Illuminate/Database/Query/Builder.php(3549): Illuminate/Database/Query/Processors/MySqlProcessor->processInsertGetId(Object(Illuminate/Database/Query/Builder), 'insert into `bo...', Array, NULL)
#4 C:/Users/PC/Documents/GitHub/Fawaz_ALharbi_test/backend-laravel/app/Http/Controllers/Api/BookingController.php(103): Illuminate/Database/Query/Builder->insertGetId(Array)
#5 C:/Users/PC/Documents/GitHub/Fawaz_ALharbi_test/backend-laravel/vendor/laravel/framework/src/Illuminate/Routing/Controller.php(54): App/Http/Controllers/Api/BookingController->store(Object(Illuminate/Http/Request))
#6 C:/Users/PC/Documents/GitHub/Fawaz_ALharbi_test/backend-laravel/vendor/laravel/framework/src/Illuminate/Routing/ControllerDispatcher.php(43): Illuminate/Routing/Controller->callAction('store', Array)
#7 C:/Users/PC/Documents/GitHub/Fawaz_ALharbi_test/backend-laravel/vendor/laravel/framework/src/Illuminate/Routing/Route.php(260): Illuminate/Routing/ControllerDispatcher->dispatch(Object(Illuminate/Routing/Route), Object(App/Http/Controllers/Api/BookingController), 'store')
#8 C:/Users/PC/Documents/GitHub/Fawaz_ALharbi_test/backend-laravel/vendor/laravel/framework/src/Illuminate/Routing/Route.php(205): Illuminate/Routing/Route->runController()
#9 C:/Users/PC/Documents/GitHub/Fawaz_ALharbi_test/backend-laravel/vendor/laravel/framework/src/Illuminate/Routing/Router.php(806): Illuminate/Routing/Route->run()
#10 C:/Users/PC/Documents/GitHub/Fawaz_ALharbi_test/backend-laravel/vendor/laravel/framework/src/Illuminate/Pipeline/Pipeline.php(144): Illuminate/Routing/Router->Illuminate/Routing/{closure}(Object(Illuminate/Http/Request))
#11 C:/Users/PC/Documents/GitHub/Fawaz_ALharbi_test/backend-laravel/vendor/laravel/framework/src/Illuminate/Routing/Middleware/SubstituteBindings.php(50): Illuminate/Pipeline/Pipeline->Illuminate/Pipeline/{closure}(Object(Illuminate/Http/Request))
#12 C:/Users/PC/Documents/GitHub/Fawaz_ALharbi_test/backend-laravel/vendor/laravel/framework/src/Illuminate/Pipeline/Pipeline.php(183): Illuminate/Routing/Middleware/SubstituteBindings->handle(Object(Illuminate/Http/Request), Object(Closure))
#13 C:/Users/PC/Documents/GitHub/Fawaz_ALharbi_test/backend-laravel/vendor/laravel/framework/src/Illuminate/Routing/Middleware/ThrottleRequests.php(159): Illuminate/Pipeline/Pipeline->Illuminate/Pipeline/{closure}(Object(Illuminate/Http/Request))
#14 C:/Users/PC/Documents/GitHub/Fawaz_ALharbi_test/backend-laravel/vendor/laravel/framework/src/Illuminate/Routing/Middleware/ThrottleRequests.php(135): Illuminate/Routing/Middleware/ThrottleRequests->handleRequest(Object(Illuminate/Http/Request), Object(Closure), Array)
#15 C:/Users/PC/Documents/GitHub/Fawaz_ALharbi_test/backend-laravel/vendor/laravel/framework/src/Illuminate/Routing/Middleware/ThrottleRequests.php(87): Illuminate/Routing/Middleware/ThrottleRequests->handleRequestUsingNamedLimiter(Object(Illuminate/Http/Request), Object(Closure), 'api', Object(Closure))
#16 C:/Users/PC/Documents/GitHub/Fawaz_ALharbi_test/backend-laravel/vendor/laravel/framework/src/Illuminate/Pipeline/Pipeline.php(183): Illuminate/Routing/Middleware/ThrottleRequests->handle(Object(Illuminate/Http/Request), Object(Closure), 'api')
#17 C:/Users/PC/Documents/GitHub/Fawaz_ALharbi_test/backend-laravel/vendor/laravel/framework/src/Illuminate/Auth/Middleware/Authenticate.php(57): Illuminate/Pipeline/Pipeline->Illuminate/Pipeline/{closure}(Object(Illuminate/Http/Request))
#18 C:/Users/PC/Documents/GitHub/Fawaz_ALharbi_test/backend-laravel/vendor/laravel/framework/src/Illuminate/Pipeline/Pipeline.php(183): Illuminate/Auth/Middleware/Authenticate->handle(Object(Illuminate/Http/Request), Object(Closure), 'sanctum')
#19 C:/Users/PC/Documents/GitHub/Fawaz_ALharbi_test/backend-laravel/vendor/laravel/framework/src/Illuminate/Pipeline/Pipeline.php(119): Illuminate/Pipeline/Pipeline->Illuminate/Pipeline/{closure}(Object(Illuminate/Http/Request))
#20 C:/Users/PC/Documents/GitHub/Fawaz_ALharbi_test/backend-laravel/vendor/laravel/framework/src/Illuminate/Routing/Router.php(807): Illuminate/Pipeline/Pipeline->then(Object(Closure))
#21 C:/Users/PC/Documents/GitHub/Fawaz_ALharbi_test/backend-laravel/vendor/laravel/framework/src/Illuminate/Routing/Router.php(784): Illuminate/Routing/Router->runRouteWithinStack(Object(Illuminate/Routing/Route), Object(Illuminate/Http/Request))
#22 C:/Users/PC/Documents/GitHub/Fawaz_ALharbi_test/backend-laravel/vendor/laravel/framework/src/Illuminate/Routing/Router.php(748): Illuminate/Routing/Router->runRoute(Object(Illuminate/Http/Request), Object(Illuminate/Routing/Route))
#23 C:/Users/PC/Documents/GitHub/Fawaz_ALharbi_test/backend-laravel/vendor/laravel/framework/src/Illuminate/Routing/Router.php(737): Illuminate/Routing/Router->dispatchToRoute(Object(Illuminate/Http/Request))
#24 C:/Users/PC/Documents/GitHub/Fawaz_ALharbi_test/backend-laravel/vendor/laravel/framework/src/Illuminate/Foundation/Http/Kernel.php(200): Illuminate/Routing/Router->dispatch(Object(Illuminate/Http/Request))
#25 C:/Users/PC/Documents/GitHub/Fawaz_ALharbi_test/backend-laravel/vendor/laravel/framework/src/Illuminate/Pipeline/Pipeline.php(144): Illuminate/Foundation/Http/Kernel->Illuminate/Foundation/Http/{closure}(Object(Illuminate/Http/Request))
#26 C:/Users/PC/Documents/GitHub/Fawaz_ALharbi_test/backend-laravel/vendor/laravel/framework/src/Illuminate/Foundation/Http/Middleware/TransformsRequest.php(21): Illuminate/Pipeline/Pipeline->Illuminate/Pipeline/{closure}(Object(Illuminate/Http/Request))
#27 C:/Users/PC/Documents/GitHub/Fawaz_ALharbi_test/backend-laravel/vendor/laravel/framework/src/Illuminate/Foundation/Http/Middleware/ConvertEmptyStringsToNull.php(31): Illuminate/Foundation/Http/Middleware/TransformsRequest->handle(Object(Illuminate/Http/Request), Object(Closure))
#28 C:/Users/PC/Documents/GitHub/Fawaz_ALharbi_test/backend-laravel/vendor/laravel/framework/src/Illuminate/Pipeline/Pipeline.php(183): Illuminate/Foundation/Http/Middleware/ConvertEmptyStringsToNull->handle(Object(Illuminate/Http/Request), Object(Closure))
#29 C:/Users/PC/Documents/GitHub/Fawaz_ALharbi_test/backend-laravel/vendor/laravel/framework/src/Illuminate/Foundation/Http/Middleware/TransformsRequest.php(21): Illuminate/Pipeline/Pipeline->Illuminate/Pipeline/{closure}(Object(Illuminate/Http/Request))
#30 C:/Users/PC/Documents/GitHub/Fawaz_ALharbi_test/backend-laravel/vendor/laravel/framework/src/Illuminate/Foundation/Http/Middleware/TrimStrings.php(40): Illuminate/Foundation/Http/Middleware/TransformsRequest->handle(Object(Illuminate/Http/Request), Object(Closure))
#31 C:/Users/PC/Documents/GitHub/Fawaz_ALharbi_test/backend-laravel/vendor/laravel/framework/src/Illuminate/Pipeline/Pipeline.php(183): Illuminate/Foundation/Http/Middleware/TrimStrings->handle(Object(Illuminate/Http/Request), Object(Closure))
#32 C:/Users/PC/Documents/GitHub/Fawaz_ALharbi_test/backend-laravel/vendor/laravel/framework/src/Illuminate/Foundation/Http/Middleware/ValidatePostSize.php(27): Illuminate/Pipeline/Pipeline->Illuminate/Pipeline/{closure}(Object(Illuminate/Http/Request))
#33 C:/Users/PC/Documents/GitHub/Fawaz_ALharbi_test/backend-laravel/vendor/laravel/framework/src/Illuminate/Pipeline/Pipeline.php(183): Illuminate/Foundation/Http/Middleware/ValidatePostSize->handle(Object(Illuminate/Http/Request), Object(Closure))
#34 C:/Users/PC/Documents/GitHub/Fawaz_ALharbi_test/backend-laravel/vendor/laravel/framework/src/Illuminate/Foundation/Http/Middleware/PreventRequestsDuringMaintenance.php(99): Illuminate/Pipeline/Pipeline->Illuminate/Pipeline/{closure}(Object(Illuminate/Http/Request))
#35 C:/Users/PC/Documents/GitHub/Fawaz_ALharbi_test/backend-laravel/vendor/laravel/framework/src/Illuminate/Pipeline/Pipeline.php(183): Illuminate/Foundation/Http/Middleware/PreventRequestsDuringMaintenance->handle(Object(Illuminate/Http/Request), Object(Closure))
#36 C:/Users/PC/Documents/GitHub/Fawaz_ALharbi_test/backend-laravel/vendor/laravel/framework/src/Illuminate/Http/Middleware/HandleCors.php(62): Illuminate/Pipeline/Pipeline->Illuminate/Pipeline/{closure}(Object(Illuminate/Http/Request))
#37 C:/Users/PC/Documents/GitHub/Fawaz_ALharbi_test/backend-laravel/vendor/laravel/framework/src/Illuminate/Pipeline/Pipeline.php(183): Illuminate/Http/Middleware/HandleCors->handle(Object(Illuminate/Http/Request), Object(Closure))
#38 C:/Users/PC/Documents/GitHub/Fawaz_ALharbi_test/backend-laravel/vendor/laravel/framework/src/Illuminate/Http/Middleware/TrustProxies.php(39): Illuminate/Pipeline/Pipeline->Illuminate/Pipeline/{closure}(Object(Illuminate/Http/Request))
#39 C:/Users/PC/Documents/GitHub/Fawaz_ALharbi_test/backend-laravel/vendor/laravel/framework/src/Illuminate/Pipeline/Pipeline.php(183): Illuminate/Http/Middleware/TrustProxies->handle(Object(Illuminate/Http/Request), Object(Closure))
#40 C:/Users/PC/Documents/GitHub/Fawaz_ALharbi_test/backend-laravel/vendor/laravel/framework/src/Illuminate/Pipeline/Pipeline.php(119): Illuminate/Pipeline/Pipeline->Illuminate/Pipeline/{closure}(Object(Illuminate/Http/Request))
#41 C:/Users/PC/Documents/GitHub/Fawaz_ALharbi_test/backend-laravel/vendor/laravel/framework/src/Illuminate/Foundation/Http/Kernel.php(175): Illuminate/Pipeline/Pipeline->then(Object(Closure))
#42 C:/Users/PC/Documents/GitHub/Fawaz_ALharbi_test/backend-laravel/vendor/laravel/framework/src/Illuminate/Foundation/Http/Kernel.php(144): Illuminate/Foundation/Http/Kernel->sendRequestThroughRouter(Object(Illuminate/Http/Request))
#43 C:/Users/PC/Documents/GitHub/Fawaz_ALharbi_test/backend-laravel/public/index.php(52): Illuminate/Foundation/Http/Kernel->handle(Object(Illuminate/Http/Request))
#44 C:/Users/PC/Documents/GitHub/Fawaz_ALharbi_test/backend-laravel/vendor/laravel/framework/src/Illuminate/Foundation/resources/server.php(16): require_once('C://Users//PC//Doc...')
#45 {main}

[previous exception] [object] (PDOException(code: 01000): SQLSTATE[01000]: Warning: 1265 Data truncated for column 'payment_status' at row 1 at C:/Users/PC/Documents/GitHub/Fawaz_ALharbi_test/backend-laravel/vendor/laravel/framework/src/Illuminate/Database/MySqlConnection.php:45)
[stacktrace]
#0 C:/Users/PC/Documents/GitHub/Fawaz_ALharbi_test/backend-laravel/vendor/laravel/framework/src/Illuminate/Database/MySqlConnection.php(45): PDOStatement->execute()
#1 C:/Users/PC/Documents/GitHub/Fawaz_ALharbi_test/backend-laravel/vendor/laravel/framework/src/Illuminate/Database/Connection.php(816): Illuminate/Database/MySqlConnection->Illuminate/Database/{closure}('insert into `bo...', Array)
#2 C:/Users/PC/Documents/GitHub/Fawaz_ALharbi_test/backend-laravel/vendor/laravel/framework/src/Illuminate/Database/Connection.php(783): Illuminate/Database/Connection->runQueryCallback('insert into `bo...', Array, Object(Closure))
#3 C:/Users/PC/Documents/GitHub/Fawaz_ALharbi_test/backend-laravel/vendor/laravel/framework/src/Illuminate/Database/MySqlConnection.php(50): Illuminate/Database/Connection->run('insert into `bo...', Array, Object(Closure))
#4 C:/Users/PC/Documents/GitHub/Fawaz_ALharbi_test/backend-laravel/vendor/laravel/framework/src/Illuminate/Database/Query/Processors/MySqlProcessor.php(35): Illuminate/Database/MySqlConnection->insert('insert into `bo...', Array, NULL)
#5 C:/Users/PC/Documents/GitHub/Fawaz_ALharbi_test/backend-laravel/vendor/laravel/framework/src/Illuminate/Database/Query/Builder.php(3549): Illuminate/Database/Query/Processors/MySqlProcessor->processInsertGetId(Object(Illuminate/Database/Query/Builder), 'insert into `bo...', Array, NULL)
#6 C:/Users/PC/Documents/GitHub/Fawaz_ALharbi_test/backend-laravel/app/Http/Controllers/Api/BookingController.php(103): Illuminate/Database/Query/Builder->insertGetId(Array)
#7 C:/Users/PC/Documents/GitHub/Fawaz_ALharbi_test/backend-laravel/vendor/laravel/framework/src/Illuminate/Routing/Controller.php(54): App/Http/Controllers/Api/BookingController->store(Object(Illuminate/Http/Request))
#8 C:/Users/PC/Documents/GitHub/Fawaz_ALharbi_test/backend-laravel/vendor/laravel/framework/src/Illuminate/Routing/ControllerDispatcher.php(43): Illuminate/Routing/Controller->callAction('store', Array)
#9 C:/Users/PC/Documents/GitHub/Fawaz_ALharbi_test/backend-laravel/vendor/laravel/framework/src/Illuminate/Routing/Route.php(260): Illuminate/Routing/ControllerDispatcher->dispatch(Object(Illuminate/Routing/Route), Object(App/Http/Controllers/Api/BookingController), 'store')
#10 C:/Users/PC/Documents/GitHub/Fawaz_ALharbi_test/backend-laravel/vendor/laravel/framework/src/Illuminate/Routing/Route.php(205): Illuminate/Routing/Route->runController()
#11 C:/Users/PC/Documents/GitHub/Fawaz_ALharbi_test/backend-laravel/vendor/laravel/framework/src/Illuminate/Routing/Router.php(806): Illuminate/Routing/Route->run()
#12 C:/Users/PC/Documents/GitHub/Fawaz_ALharbi_test/backend-laravel/vendor/laravel/framework/src/Illuminate/Pipeline/Pipeline.php(144): Illuminate/Routing/Router->Illuminate/Routing/{closure}(Object(Illuminate/Http/Request))
#13 C:/Users/PC/Documents/GitHub/Fawaz_ALharbi_test/backend-laravel/vendor/laravel/framework/src/Illuminate/Routing/Middleware/SubstituteBindings.php(50): Illuminate/Pipeline/Pipeline->Illuminate/Pipeline/{closure}(Object(Illuminate/Http/Request))
#14 C:/Users/PC/Documents/GitHub/Fawaz_ALharbi_test/backend-laravel/vendor/laravel/framework/src/Illuminate/Pipeline/Pipeline.php(183): Illuminate/Routing/Middleware/SubstituteBindings->handle(Object(Illuminate/Http/Request), Object(Closure))
#15 C:/Users/PC/Documents/GitHub/Fawaz_ALharbi_test/backend-laravel/vendor/laravel/framework/src/Illuminate/Routing/Middleware/ThrottleRequests.php(159): Illuminate/Pipeline/Pipeline->Illuminate/Pipeline/{closure}(Object(Illuminate/Http/Request))
#16 C:/Users/PC/Documents/GitHub/Fawaz_ALharbi_test/backend-laravel/vendor/laravel/framework/src/Illuminate/Routing/Middleware/ThrottleRequests.php(135): Illuminate/Routing/Middleware/ThrottleRequests->handleRequest(Object(Illuminate/Http/Request), Object(Closure), Array)
#17 C:/Users/PC/Documents/GitHub/Fawaz_ALharbi_test/backend-laravel/vendor/laravel/framework/src/Illuminate/Routing/Middleware/ThrottleRequests.php(87): Illuminate/Routing/Middleware/ThrottleRequests->handleRequestUsingNamedLimiter(Object(Illuminate/Http/Request), Object(Closure), 'api', Object(Closure))
#18 C:/Users/PC/Documents/GitHub/Fawaz_ALharbi_test/backend-laravel/vendor/laravel/framework/src/Illuminate/Pipeline/Pipeline.php(183): Illuminate/Routing/Middleware/ThrottleRequests->handle(Object(Illuminate/Http/Request), Object(Closure), 'api')
#19 C:/Users/PC/Documents/GitHub/Fawaz_ALharbi_test/backend-laravel/vendor/laravel/framework/src/Illuminate/Auth/Middleware/Authenticate.php(57): Illuminate/Pipeline/Pipeline->Illuminate/Pipeline/{closure}(Object(Illuminate/Http/Request))
#20 C:/Users/PC/Documents/GitHub/Fawaz_ALharbi_test/backend-laravel/vendor/laravel/framework/src/Illuminate/Pipeline/Pipeline.php(183): Illuminate/Auth/Middleware/Authenticate->handle(Object(Illuminate/Http/Request), Object(Closure), 'sanctum')
#21 C:/Users/PC/Documents/GitHub/Fawaz_ALharbi_test/backend-laravel/vendor/laravel/framework/src/Illuminate/Pipeline/Pipeline.php(119): Illuminate/Pipeline/Pipeline->Illuminate/Pipeline/{closure}(Object(Illuminate/Http/Request))
#22 C:/Users/PC/Documents/GitHub/Fawaz_ALharbi_test/backend-laravel/vendor/laravel/framework/src/Illuminate/Routing/Router.php(807): Illuminate/Pipeline/Pipeline->then(Object(Closure))
#23 C:/Users/PC/Documents/GitHub/Fawaz_ALharbi_test/backend-laravel/vendor/laravel/framework/src/Illuminate/Routing/Router.php(784): Illuminate/Routing/Router->runRouteWithinStack(Object(Illuminate/Routing/Route), Object(Illuminate/Http/Request))
#24 C:/Users/PC/Documents/GitHub/Fawaz_ALharbi_test/backend-laravel/vendor/laravel/framework/src/Illuminate/Routing/Router.php(748): Illuminate/Routing/Router->runRoute(Object(Illuminate/Http/Request), Object(Illuminate/Routing/Route))
#25 C:/Users/PC/Documents/GitHub/Fawaz_ALharbi_test/backend-laravel/vendor/laravel/framework/src/Illuminate/Routing/Router.php(737): Illuminate/Routing/Router->dispatchToRoute(Object(Illuminate/Http/Request))
#26 C:/Users/PC/Documents/GitHub/Fawaz_ALharbi_test/backend-laravel/vendor/laravel/framework/src/Illuminate/Foundation/Http/Kernel.php(200): Illuminate/Routing/Router->dispatch(Object(Illuminate/Http/Request))
#27 C:/Users/PC/Documents/GitHub/Fawaz_ALharbi_test/backend-laravel/vendor/laravel/framework/src/Illuminate/Pipeline/Pipeline.php(144): Illuminate/Foundation/Http/Kernel->Illuminate/Foundation/Http/{closure}(Object(Illuminate/Http/Request))
#28 C:/Users/PC/Documents/GitHub/Fawaz_ALharbi_test/backend-laravel/vendor/laravel/framework/src/Illuminate/Foundation/Http/Middleware/TransformsRequest.php(21): Illuminate/Pipeline/Pipeline->Illuminate/Pipeline/{closure}(Object(Illuminate/Http/Request))
#29 C:/Users/PC/Documents/GitHub/Fawaz_ALharbi_test/backend-laravel/vendor/laravel/framework/src/Illuminate/Foundation/Http/Middleware/ConvertEmptyStringsToNull.php(31): Illuminate/Foundation/Http/Middleware/TransformsRequest->handle(Object(Illuminate/Http/Request), Object(Closure))
#30 C:/Users/PC/Documents/GitHub/Fawaz_ALharbi_test/backend-laravel/vendor/laravel/framework/src/Illuminate/Pipeline/Pipeline.php(183): Illuminate/Foundation/Http/Middleware/ConvertEmptyStringsToNull->handle(Object(Illuminate/Http/Request), Object(Closure))
#31 C:/Users/PC/Documents/GitHub/Fawaz_ALharbi_test/backend-laravel/vendor/laravel/framework/src/Illuminate/Foundation/Http/Middleware/TransformsRequest.php(21): Illuminate/Pipeline/Pipeline->Illuminate/Pipeline/{closure}(Object(Illuminate/Http/Request))
#32 C:/Users/PC/Documents/GitHub/Fawaz_ALharbi_test/backend-laravel/vendor/laravel/framework/src/Illuminate/Foundation/Http/Middleware/TrimStrings.php(40): Illuminate/Foundation/Http/Middleware/TransformsRequest->handle(Object(Illuminate/Http/Request), Object(Closure))
#33 C:/Users/PC/Documents/GitHub/Fawaz_ALharbi_test/backend-laravel/vendor/laravel/framework/src/Illuminate/Pipeline/Pipeline.php(183): Illuminate/Foundation/Http/Middleware/TrimStrings->handle(Object(Illuminate/Http/Request), Object(Closure))
#34 C:/Users/PC/Documents/GitHub/Fawaz_ALharbi_test/backend-laravel/vendor/laravel/framework/src/Illuminate/Foundation/Http/Middleware/ValidatePostSize.php(27): Illuminate/Pipeline/Pipeline->Illuminate/Pipeline/{closure}(Object(Illuminate/Http/Request))
#35 C:/Users/PC/Documents/GitHub/Fawaz_ALharbi_test/backend-laravel/vendor/laravel/framework/src/Illuminate/Pipeline/Pipeline.php(183): Illuminate/Foundation/Http/Middleware/ValidatePostSize->handle(Object(Illuminate/Http/Request), Object(Closure))
#36 C:/Users/PC/Documents/GitHub/Fawaz_ALharbi_test/backend-laravel/vendor/laravel/framework/src/Illuminate/Foundation/Http/Middleware/PreventRequestsDuringMaintenance.php(99): Illuminate/Pipeline/Pipeline->Illuminate/Pipeline/{closure}(Object(Illuminate/Http/Request))
#37 C:/Users/PC/Documents/GitHub/Fawaz_ALharbi_test/backend-laravel/vendor/laravel/framework/src/Illuminate/Pipeline/Pipeline.php(183): Illuminate/Foundation/Http/Middleware/PreventRequestsDuringMaintenance->handle(Object(Illuminate/Http/Request), Object(Closure))
#38 C:/Users/PC/Documents/GitHub/Fawaz_ALharbi_test/backend-laravel/vendor/laravel/framework/src/Illuminate/Http/Middleware/HandleCors.php(62): Illuminate/Pipeline/Pipeline->Illuminate/Pipeline/{closure}(Object(Illuminate/Http/Request))
#39 C:/Users/PC/Documents/GitHub/Fawaz_ALharbi_test/backend-laravel/vendor/laravel/framework/src/Illuminate/Pipeline/Pipeline.php(183): Illuminate/Http/Middleware/HandleCors->handle(Object(Illuminate/Http/Request), Object(Closure))
#40 C:/Users/PC/Documents/GitHub/Fawaz_ALharbi_test/backend-laravel/vendor/laravel/framework/src/Illuminate/Http/Middleware/TrustProxies.php(39): Illuminate/Pipeline/Pipeline->Illuminate/Pipeline/{closure}(Object(Illuminate/Http/Request))
#41 C:/Users/PC/Documents/GitHub/Fawaz_ALharbi_test/backend-laravel/vendor/laravel/framework/src/Illuminate/Pipeline/Pipeline.php(183): Illuminate/Http/Middleware/TrustProxies->handle(Object(Illuminate/Http/Request), Object(Closure))
#42 C:/Users/PC/Documents/GitHub/Fawaz_ALharbi_test/backend-laravel/vendor/laravel/framework/src/Illuminate/Pipeline/Pipeline.php(119): Illuminate/Pipeline/Pipeline->Illuminate/Pipeline/{closure}(Object(Illuminate/Http/Request))
#43 C:/Users/PC/Documents/GitHub/Fawaz_ALharbi_test/backend-laravel/vendor/laravel/framework/src/Illuminate/Foundation/Http/Kernel.php(175): Illuminate/Pipeline/Pipeline->then(Object(Closure))
#44 C:/Users/PC/Documents/GitHub/Fawaz_ALharbi_test/backend-laravel/vendor/laravel/framework/src/Illuminate/Foundation/Http/Kernel.php(144): Illuminate/Foundation/Http/Kernel->sendRequestThroughRouter(Object(Illuminate/Http/Request))
#45 C:/Users/PC/Documents/GitHub/Fawaz_ALharbi_test/backend-laravel/public/index.php(52): Illuminate/Foundation/Http/Kernel->handle(Object(Illuminate/Http/Request))
#46 C:/Users/PC/Documents/GitHub/Fawaz_ALharbi_test/backend-laravel/vendor/laravel/framework/src/Illuminate/Foundation/resources/server.php(16): require_once('C://Users//PC//Doc...')
#47 {main}
"} 
[2026-08-14 13:43:48] local.ERROR: SQLSTATE[01000]: Warning: 1265 Data truncated for column 'payment_status' at row 1 (Connection: mysql, SQL: insert into `bookings` (`tenant_id`, `customer_id`, `merchant_id`, `service_id`, `client`, `merchant`, `service`, `scheduled_at`, `duration_minutes`, `base_price`, `discount_amount`, `tax_amount`, `total_price`, `payment_status`, `payment_method`, `status`, `customer_notes`, `created_at`, `updated_at`) values (1, 1, 1, 1, FAWAZ, Kuhic, Mertz and Schuppe, Networked coherent intranet, 2026-08-15 10:00:00, 60, 182, 0, 27.3, 182, paid, card, confirmed, ?, 2026-08-14 13:43:48, 2026-08-14 13:43:48)) {"userId":2,"exception":"[object] (Illuminate\\Database\\QueryException(code: 01000): SQLSTATE[01000]: Warning: 1265 Data truncated for column 'payment_status' at row 1 (Connection: mysql, SQL: insert into `bookings` (`tenant_id`, `customer_id`, `merchant_id`, `service_id`, `client`, `merchant`, `service`, `scheduled_at`, `duration_minutes`, `base_price`, `discount_amount`, `tax_amount`, `total_price`, `payment_status`, `payment_method`, `status`, `customer_notes`, `created_at`, `updated_at`) values (1, 1, 1, 1, FAWAZ, Kuhic, Mertz and Schuppe, Networked coherent intranet, 2026-08-15 10:00:00, 60, 182, 0, 27.3, 182, paid, card, confirmed, ?, 2026-08-14 13:43:48, 2026-08-14 13:43:48)) at C:/Users/PC/Documents/GitHub/Fawaz_ALharbi_test/backend-laravel/vendor/laravel/framework/src/Illuminate/Database/Connection.php:829)
[stacktrace]
#0 C:/Users/PC/Documents/GitHub/Fawaz_ALharbi_test/backend-laravel/vendor/laravel/framework/src/Illuminate/Database/Connection.php(783): Illuminate/Database/Connection->runQueryCallback('insert into `bo...', Array, Object(Closure))
#1 C:/Users/PC/Documents/GitHub/Fawaz_ALharbi_test/backend-laravel/vendor/laravel/framework/src/Illuminate/Database/MySqlConnection.php(50): Illuminate/Database/Connection->run('insert into `bo...', Array, Object(Closure))
#2 C:/Users/PC/Documents/GitHub/Fawaz_ALharbi_test/backend-laravel/vendor/laravel/framework/src/Illuminate/Database/Query/Processors/MySqlProcessor.php(35): Illuminate/Database/MySqlConnection->insert('insert into `bo...', Array, NULL)
#3 C:/Users/PC/Documents/GitHub/Fawaz_ALharbi_test/backend-laravel/vendor/laravel/framework/src/Illuminate/Database/Query/Builder.php(3549): Illuminate/Database/Query/Processors/MySqlProcessor->processInsertGetId(Object(Illuminate/Database/Query/Builder), 'insert into `bo...', Array, NULL)
#4 C:/Users/PC/Documents/GitHub/Fawaz_ALharbi_test/backend-laravel/app/Http/Controllers/Api/BookingController.php(103): Illuminate/Database/Query/Builder->insertGetId(Array)
#5 C:/Users/PC/Documents/GitHub/Fawaz_ALharbi_test/backend-laravel/vendor/laravel/framework/src/Illuminate/Routing/Controller.php(54): App/Http/Controllers/Api/BookingController->store(Object(Illuminate/Http/Request))
#6 C:/Users/PC/Documents/GitHub/Fawaz_ALharbi_test/backend-laravel/vendor/laravel/framework/src/Illuminate/Routing/ControllerDispatcher.php(43): Illuminate/Routing/Controller->callAction('store', Array)
#7 C:/Users/PC/Documents/GitHub/Fawaz_ALharbi_test/backend-laravel/vendor/laravel/framework/src/Illuminate/Routing/Route.php(260): Illuminate/Routing/ControllerDispatcher->dispatch(Object(Illuminate/Routing/Route), Object(App/Http/Controllers/Api/BookingController), 'store')
#8 C:/Users/PC/Documents/GitHub/Fawaz_ALharbi_test/backend-laravel/vendor/laravel/framework/src/Illuminate/Routing/Route.php(205): Illuminate/Routing/Route->runController()
#9 C:/Users/PC/Documents/GitHub/Fawaz_ALharbi_test/backend-laravel/vendor/laravel/framework/src/Illuminate/Routing/Router.php(806): Illuminate/Routing/Route->run()
#10 C:/Users/PC/Documents/GitHub/Fawaz_ALharbi_test/backend-laravel/vendor/laravel/framework/src/Illuminate/Pipeline/Pipeline.php(144): Illuminate/Routing/Router->Illuminate/Routing/{closure}(Object(Illuminate/Http/Request))
#11 C:/Users/PC/Documents/GitHub/Fawaz_ALharbi_test/backend-laravel/vendor/laravel/framework/src/Illuminate/Routing/Middleware/SubstituteBindings.php(50): Illuminate/Pipeline/Pipeline->Illuminate/Pipeline/{closure}(Object(Illuminate/Http/Request))
#12 C:/Users/PC/Documents/GitHub/Fawaz_ALharbi_test/backend-laravel/vendor/laravel/framework/src/Illuminate/Pipeline/Pipeline.php(183): Illuminate/Routing/Middleware/SubstituteBindings->handle(Object(Illuminate/Http/Request), Object(Closure))
#13 C:/Users/PC/Documents/GitHub/Fawaz_ALharbi_test/backend-laravel/vendor/laravel/framework/src/Illuminate/Routing/Middleware/ThrottleRequests.php(159): Illuminate/Pipeline/Pipeline->Illuminate/Pipeline/{closure}(Object(Illuminate/Http/Request))
#14 C:/Users/PC/Documents/GitHub/Fawaz_ALharbi_test/backend-laravel/vendor/laravel/framework/src/Illuminate/Routing/Middleware/ThrottleRequests.php(135): Illuminate/Routing/Middleware/ThrottleRequests->handleRequest(Object(Illuminate/Http/Request), Object(Closure), Array)
#15 C:/Users/PC/Documents/GitHub/Fawaz_ALharbi_test/backend-laravel/vendor/laravel/framework/src/Illuminate/Routing/Middleware/ThrottleRequests.php(87): Illuminate/Routing/Middleware/ThrottleRequests->handleRequestUsingNamedLimiter(Object(Illuminate/Http/Request), Object(Closure), 'api', Object(Closure))
#16 C:/Users/PC/Documents/GitHub/Fawaz_ALharbi_test/backend-laravel/vendor/laravel/framework/src/Illuminate/Pipeline/Pipeline.php(183): Illuminate/Routing/Middleware/ThrottleRequests->handle(Object(Illuminate/Http/Request), Object(Closure), 'api')
#17 C:/Users/PC/Documents/GitHub/Fawaz_ALharbi_test/backend-laravel/vendor/laravel/framework/src/Illuminate/Auth/Middleware/Authenticate.php(57): Illuminate/Pipeline/Pipeline->Illuminate/Pipeline/{closure}(Object(Illuminate/Http/Request))
#18 C:/Users/PC/Documents/GitHub/Fawaz_ALharbi_test/backend-laravel/vendor/laravel/framework/src/Illuminate/Pipeline/Pipeline.php(183): Illuminate/Auth/Middleware/Authenticate->handle(Object(Illuminate/Http/Request), Object(Closure), 'sanctum')
#19 C:/Users/PC/Documents/GitHub/Fawaz_ALharbi_test/backend-laravel/vendor/laravel/framework/src/Illuminate/Pipeline/Pipeline.php(119): Illuminate/Pipeline/Pipeline->Illuminate/Pipeline/{closure}(Object(Illuminate/Http/Request))
#20 C:/Users/PC/Documents/GitHub/Fawaz_ALharbi_test/backend-laravel/vendor/laravel/framework/src/Illuminate/Routing/Router.php(807): Illuminate/Pipeline/Pipeline->then(Object(Closure))
#21 C:/Users/PC/Documents/GitHub/Fawaz_ALharbi_test/backend-laravel/vendor/laravel/framework/src/Illuminate/Routing/Router.php(784): Illuminate/Routing/Router->runRouteWithinStack(Object(Illuminate/Routing/Route), Object(Illuminate/Http/Request))
#22 C:/Users/PC/Documents/GitHub/Fawaz_ALharbi_test/backend-laravel/vendor/laravel/framework/src/Illuminate/Routing/Router.php(748): Illuminate/Routing/Router->runRoute(Object(Illuminate/Http/Request), Object(Illuminate/Routing/Route))
#23 C:/Users/PC/Documents/GitHub/Fawaz_ALharbi_test/backend-laravel/vendor/laravel/framework/src/Illuminate/Routing/Router.php(737): Illuminate/Routing/Router->dispatchToRoute(Object(Illuminate/Http/Request))
#24 C:/Users/PC/Documents/GitHub/Fawaz_ALharbi_test/backend-laravel/vendor/laravel/framework/src/Illuminate/Foundation/Http/Kernel.php(200): Illuminate/Routing/Router->dispatch(Object(Illuminate/Http/Request))
#25 C:/Users/PC/Documents/GitHub/Fawaz_ALharbi_test/backend-laravel/vendor/laravel/framework/src/Illuminate/Pipeline/Pipeline.php(144): Illuminate/Foundation/Http/Kernel->Illuminate/Foundation/Http/{closure}(Object(Illuminate/Http/Request))
#26 C:/Users/PC/Documents/GitHub/Fawaz_ALharbi_test/backend-laravel/vendor/laravel/framework/src/Illuminate/Foundation/Http/Middleware/TransformsRequest.php(21): Illuminate/Pipeline/Pipeline->Illuminate/Pipeline/{closure}(Object(Illuminate/Http/Request))
#27 C:/Users/PC/Documents/GitHub/Fawaz_ALharbi_test/backend-laravel/vendor/laravel/framework/src/Illuminate/Foundation/Http/Middleware/ConvertEmptyStringsToNull.php(31): Illuminate/Foundation/Http/Middleware/TransformsRequest->handle(Object(Illuminate/Http/Request), Object(Closure))
#28 C:/Users/PC/Documents/GitHub/Fawaz_ALharbi_test/backend-laravel/vendor/laravel/framework/src/Illuminate/Pipeline/Pipeline.php(183): Illuminate/Foundation/Http/Middleware/ConvertEmptyStringsToNull->handle(Object(Illuminate/Http/Request), Object(Closure))
#29 C:/Users/PC/Documents/GitHub/Fawaz_ALharbi_test/backend-laravel/vendor/laravel/framework/src/Illuminate/Foundation/Http/Middleware/TransformsRequest.php(21): Illuminate/Pipeline/Pipeline->Illuminate/Pipeline/{closure}(Object(Illuminate/Http/Request))
#30 C:/Users/PC/Documents/GitHub/Fawaz_ALharbi_test/backend-laravel/vendor/laravel/framework/src/Illuminate/Foundation/Http/Middleware/TrimStrings.php(40): Illuminate/Foundation/Http/Middleware/TransformsRequest->handle(Object(Illuminate/Http/Request), Object(Closure))
#31 C:/Users/PC/Documents/GitHub/Fawaz_ALharbi_test/backend-laravel/vendor/laravel/framework/src/Illuminate/Pipeline/Pipeline.php(183): Illuminate/Foundation/Http/Middleware/TrimStrings->handle(Object(Illuminate/Http/Request), Object(Closure))
#32 C:/Users/PC/Documents/GitHub/Fawaz_ALharbi_test/backend-laravel/vendor/laravel/framework/src/Illuminate/Foundation/Http/Middleware/ValidatePostSize.php(27): Illuminate/Pipeline/Pipeline->Illuminate/Pipeline/{closure}(Object(Illuminate/Http/Request))
#33 C:/Users/PC/Documents/GitHub/Fawaz_ALharbi_test/backend-laravel/vendor/laravel/framework/src/Illuminate/Pipeline/Pipeline.php(183): Illuminate/Foundation/Http/Middleware/ValidatePostSize->handle(Object(Illuminate/Http/Request), Object(Closure))
#34 C:/Users/PC/Documents/GitHub/Fawaz_ALharbi_test/backend-laravel/vendor/laravel/framework/src/Illuminate/Foundation/Http/Middleware/PreventRequestsDuringMaintenance.php(99): Illuminate/Pipeline/Pipeline->Illuminate/Pipeline/{closure}(Object(Illuminate/Http/Request))
#35 C:/Users/PC/Documents/GitHub/Fawaz_ALharbi_test/backend-laravel/vendor/laravel/framework/src/Illuminate/Pipeline/Pipeline.php(183): Illuminate/Foundation/Http/Middleware/PreventRequestsDuringMaintenance->handle(Object(Illuminate/Http/Request), Object(Closure))
#36 C:/Users/PC/Documents/GitHub/Fawaz_ALharbi_test/backend-laravel/vendor/laravel/framework/src/Illuminate/Http/Middleware/HandleCors.php(62): Illuminate/Pipeline/Pipeline->Illuminate/Pipeline/{closure}(Object(Illuminate/Http/Request))
#37 C:/Users/PC/Documents/GitHub/Fawaz_ALharbi_test/backend-laravel/vendor/laravel/framework/src/Illuminate/Pipeline/Pipeline.php(183): Illuminate/Http/Middleware/HandleCors->handle(Object(Illuminate/Http/Request), Object(Closure))
#38 C:/Users/PC/Documents/GitHub/Fawaz_ALharbi_test/backend-laravel/vendor/laravel/framework/src/Illuminate/Http/Middleware/TrustProxies.php(39): Illuminate/Pipeline/Pipeline->Illuminate/Pipeline/{closure}(Object(Illuminate/Http/Request))
#39 C:/Users/PC/Documents/GitHub/Fawaz_ALharbi_test/backend-laravel/vendor/laravel/framework/src/Illuminate/Pipeline/Pipeline.php(183): Illuminate/Http/Middleware/TrustProxies->handle(Object(Illuminate/Http/Request), Object(Closure))
#40 C:/Users/PC/Documents/GitHub/Fawaz_ALharbi_test/backend-laravel/vendor/laravel/framework/src/Illuminate/Pipeline/Pipeline.php(119): Illuminate/Pipeline/Pipeline->Illuminate/Pipeline/{closure}(Object(Illuminate/Http/Request))
#41 C:/Users/PC/Documents/GitHub/Fawaz_ALharbi_test/backend-laravel/vendor/laravel/framework/src/Illuminate/Foundation/Http/Kernel.php(175): Illuminate/Pipeline/Pipeline->then(Object(Closure))
#42 C:/Users/PC/Documents/GitHub/Fawaz_ALharbi_test/backend-laravel/vendor/laravel/framework/src/Illuminate/Foundation/Http/Kernel.php(144): Illuminate/Foundation/Http/Kernel->sendRequestThroughRouter(Object(Illuminate/Http/Request))
#43 C:/Users/PC/Documents/GitHub/Fawaz_ALharbi_test/backend-laravel/public/index.php(52): Illuminate/Foundation/Http/Kernel->handle(Object(Illuminate/Http/Request))
#44 C:/Users/PC/Documents/GitHub/Fawaz_ALharbi_test/backend-laravel/vendor/laravel/framework/src/Illuminate/Foundation/resources/server.php(16): require_once('C://Users//PC//Doc...')
#45 {main}

[previous exception] [object] (PDOException(code: 01000): SQLSTATE[01000]: Warning: 1265 Data truncated for column 'payment_status' at row 1 at C:/Users/PC/Documents/GitHub/Fawaz_ALharbi_test/backend-laravel/vendor/laravel/framework/src/Illuminate/Database/MySqlConnection.php:45)
[stacktrace]
#0 C:/Users/PC/Documents/GitHub/Fawaz_ALharbi_test/backend-laravel/vendor/laravel/framework/src/Illuminate/Database/MySqlConnection.php(45): PDOStatement->execute()
#1 C:/Users/PC/Documents/GitHub/Fawaz_ALharbi_test/backend-laravel/vendor/laravel/framework/src/Illuminate/Database/Connection.php(816): Illuminate/Database/MySqlConnection->Illuminate/Database/{closure}('insert into `bo...', Array)
#2 C:/Users/PC/Documents/GitHub/Fawaz_ALharbi_test/backend-laravel/vendor/laravel/framework/src/Illuminate/Database/Connection.php(783): Illuminate/Database/Connection->runQueryCallback('insert into `bo...', Array, Object(Closure))
#3 C:/Users/PC/Documents/GitHub/Fawaz_ALharbi_test/backend-laravel/vendor/laravel/framework/src/Illuminate/Database/MySqlConnection.php(50): Illuminate/Database/Connection->run('insert into `bo...', Array, Object(Closure))
#4 C:/Users/PC/Documents/GitHub/Fawaz_ALharbi_test/backend-laravel/vendor/laravel/framework/src/Illuminate/Database/Query/Processors/MySqlProcessor.php(35): Illuminate/Database/MySqlConnection->insert('insert into `bo...', Array, NULL)
#5 C:/Users/PC/Documents/GitHub/Fawaz_ALharbi_test/backend-laravel/vendor/laravel/framework/src/Illuminate/Database/Query/Builder.php(3549): Illuminate/Database/Query/Processors/MySqlProcessor->processInsertGetId(Object(Illuminate/Database/Query/Builder), 'insert into `bo...', Array, NULL)
#6 C:/Users/PC/Documents/GitHub/Fawaz_ALharbi_test/backend-laravel/app/Http/Controllers/Api/BookingController.php(103): Illuminate/Database/Query/Builder->insertGetId(Array)
#7 C:/Users/PC/Documents/GitHub/Fawaz_ALharbi_test/backend-laravel/vendor/laravel/framework/src/Illuminate/Routing/Controller.php(54): App/Http/Controllers/Api/BookingController->store(Object(Illuminate/Http/Request))
#8 C:/Users/PC/Documents/GitHub/Fawaz_ALharbi_test/backend-laravel/vendor/laravel/framework/src/Illuminate/Routing/ControllerDispatcher.php(43): Illuminate/Routing/Controller->callAction('store', Array)
#9 C:/Users/PC/Documents/GitHub/Fawaz_ALharbi_test/backend-laravel/vendor/laravel/framework/src/Illuminate/Routing/Route.php(260): Illuminate/Routing/ControllerDispatcher->dispatch(Object(Illuminate/Routing/Route), Object(App/Http/Controllers/Api/BookingController), 'store')
#10 C:/Users/PC/Documents/GitHub/Fawaz_ALharbi_test/backend-laravel/vendor/laravel/framework/src/Illuminate/Routing/Route.php(205): Illuminate/Routing/Route->runController()
#11 C:/Users/PC/Documents/GitHub/Fawaz_ALharbi_test/backend-laravel/vendor/laravel/framework/src/Illuminate/Routing/Router.php(806): Illuminate/Routing/Route->run()
#12 C:/Users/PC/Documents/GitHub/Fawaz_ALharbi_test/backend-laravel/vendor/laravel/framework/src/Illuminate/Pipeline/Pipeline.php(144): Illuminate/Routing/Router->Illuminate/Routing/{closure}(Object(Illuminate/Http/Request))
#13 C:/Users/PC/Documents/GitHub/Fawaz_ALharbi_test/backend-laravel/vendor/laravel/framework/src/Illuminate/Routing/Middleware/SubstituteBindings.php(50): Illuminate/Pipeline/Pipeline->Illuminate/Pipeline/{closure}(Object(Illuminate/Http/Request))
#14 C:/Users/PC/Documents/GitHub/Fawaz_ALharbi_test/backend-laravel/vendor/laravel/framework/src/Illuminate/Pipeline/Pipeline.php(183): Illuminate/Routing/Middleware/SubstituteBindings->handle(Object(Illuminate/Http/Request), Object(Closure))
#15 C:/Users/PC/Documents/GitHub/Fawaz_ALharbi_test/backend-laravel/vendor/laravel/framework/src/Illuminate/Routing/Middleware/ThrottleRequests.php(159): Illuminate/Pipeline/Pipeline->Illuminate/Pipeline/{closure}(Object(Illuminate/Http/Request))
#16 C:/Users/PC/Documents/GitHub/Fawaz_ALharbi_test/backend-laravel/vendor/laravel/framework/src/Illuminate/Routing/Middleware/ThrottleRequests.php(135): Illuminate/Routing/Middleware/ThrottleRequests->handleRequest(Object(Illuminate/Http/Request), Object(Closure), Array)
#17 C:/Users/PC/Documents/GitHub/Fawaz_ALharbi_test/backend-laravel/vendor/laravel/framework/src/Illuminate/Routing/Middleware/ThrottleRequests.php(87): Illuminate/Routing/Middleware/ThrottleRequests->handleRequestUsingNamedLimiter(Object(Illuminate/Http/Request), Object(Closure), 'api', Object(Closure))
#18 C:/Users/PC/Documents/GitHub/Fawaz_ALharbi_test/backend-laravel/vendor/laravel/framework/src/Illuminate/Pipeline/Pipeline.php(183): Illuminate/Routing/Middleware/ThrottleRequests->handle(Object(Illuminate/Http/Request), Object(Closure), 'api')
#19 C:/Users/PC/Documents/GitHub/Fawaz_ALharbi_test/backend-laravel/vendor/laravel/framework/src/Illuminate/Auth/Middleware/Authenticate.php(57): Illuminate/Pipeline/Pipeline->Illuminate/Pipeline/{closure}(Object(Illuminate/Http/Request))
#20 C:/Users/PC/Documents/GitHub/Fawaz_ALharbi_test/backend-laravel/vendor/laravel/framework/src/Illuminate/Pipeline/Pipeline.php(183): Illuminate/Auth/Middleware/Authenticate->handle(Object(Illuminate/Http/Request), Object(Closure), 'sanctum')
#21 C:/Users/PC/Documents/GitHub/Fawaz_ALharbi_test/backend-laravel/vendor/laravel/framework/src/Illuminate/Pipeline/Pipeline.php(119): Illuminate/Pipeline/Pipeline->Illuminate/Pipeline/{closure}(Object(Illuminate/Http/Request))
#22 C:/Users/PC/Documents/GitHub/Fawaz_ALharbi_test/backend-laravel/vendor/laravel/framework/src/Illuminate/Routing/Router.php(807): Illuminate/Pipeline/Pipeline->then(Object(Closure))
#23 C:/Users/PC/Documents/GitHub/Fawaz_ALharbi_test/backend-laravel/vendor/laravel/framework/src/Illuminate/Routing/Router.php(784): Illuminate/Routing/Router->runRouteWithinStack(Object(Illuminate/Routing/Route), Object(Illuminate/Http/Request))
#24 C:/Users/PC/Documents/GitHub/Fawaz_ALharbi_test/backend-laravel/vendor/laravel/framework/src/Illuminate/Routing/Router.php(748): Illuminate/Routing/Router->runRoute(Object(Illuminate/Http/Request), Object(Illuminate/Routing/Route))
#25 C:/Users/PC/Documents/GitHub/Fawaz_ALharbi_test/backend-laravel/vendor/laravel/framework/src/Illuminate/Routing/Router.php(737): Illuminate/Routing/Router->dispatchToRoute(Object(Illuminate/Http/Request))
#26 C:/Users/PC/Documents/GitHub/Fawaz_ALharbi_test/backend-laravel/vendor/laravel/framework/src/Illuminate/Foundation/Http/Kernel.php(200): Illuminate/Routing/Router->dispatch(Object(Illuminate/Http/Request))
#27 C:/Users/PC/Documents/GitHub/Fawaz_ALharbi_test/backend-laravel/vendor/laravel/framework/src/Illuminate/Pipeline/Pipeline.php(144): Illuminate/Foundation/Http/Kernel->Illuminate/Foundation/Http/{closure}(Object(Illuminate/Http/Request))
#28 C:/Users/PC/Documents/GitHub/Fawaz_ALharbi_test/backend-laravel/vendor/laravel/framework/src/Illuminate/Foundation/Http/Middleware/TransformsRequest.php(21): Illuminate/Pipeline/Pipeline->Illuminate/Pipeline/{closure}(Object(Illuminate/Http/Request))
#29 C:/Users/PC/Documents/GitHub/Fawaz_ALharbi_test/backend-laravel/vendor/laravel/framework/src/Illuminate/Foundation/Http/Middleware/ConvertEmptyStringsToNull.php(31): Illuminate/Foundation/Http/Middleware/TransformsRequest->handle(Object(Illuminate/Http/Request), Object(Closure))
#30 C:/Users/PC/Documents/GitHub/Fawaz_ALharbi_test/backend-laravel/vendor/laravel/framework/src/Illuminate/Pipeline/Pipeline.php(183): Illuminate/Foundation/Http/Middleware/ConvertEmptyStringsToNull->handle(Object(Illuminate/Http/Request), Object(Closure))
#31 C:/Users/PC/Documents/GitHub/Fawaz_ALharbi_test/backend-laravel/vendor/laravel/framework/src/Illuminate/Foundation/Http/Middleware/TransformsRequest.php(21): Illuminate/Pipeline/Pipeline->Illuminate/Pipeline/{closure}(Object(Illuminate/Http/Request))
#32 C:/Users/PC/Documents/GitHub/Fawaz_ALharbi_test/backend-laravel/vendor/laravel/framework/src/Illuminate/Foundation/Http/Middleware/TrimStrings.php(40): Illuminate/Foundation/Http/Middleware/TransformsRequest->handle(Object(Illuminate/Http/Request), Object(Closure))
#33 C:/Users/PC/Documents/GitHub/Fawaz_ALharbi_test/backend-laravel/vendor/laravel/framework/src/Illuminate/Pipeline/Pipeline.php(183): Illuminate/Foundation/Http/Middleware/TrimStrings->handle(Object(Illuminate/Http/Request), Object(Closure))
#34 C:/Users/PC/Documents/GitHub/Fawaz_ALharbi_test/backend-laravel/vendor/laravel/framework/src/Illuminate/Foundation/Http/Middleware/ValidatePostSize.php(27): Illuminate/Pipeline/Pipeline->Illuminate/Pipeline/{closure}(Object(Illuminate/Http/Request))
#35 C:/Users/PC/Documents/GitHub/Fawaz_ALharbi_test/backend-laravel/vendor/laravel/framework/src/Illuminate/Pipeline/Pipeline.php(183): Illuminate/Foundation/Http/Middleware/ValidatePostSize->handle(Object(Illuminate/Http/Request), Object(Closure))
#36 C:/Users/PC/Documents/GitHub/Fawaz_ALharbi_test/backend-laravel/vendor/laravel/framework/src/Illuminate/Foundation/Http/Middleware/PreventRequestsDuringMaintenance.php(99): Illuminate/Pipeline/Pipeline->Illuminate/Pipeline/{closure}(Object(Illuminate/Http/Request))
#37 C:/Users/PC/Documents/GitHub/Fawaz_ALharbi_test/backend-laravel/vendor/laravel/framework/src/Illuminate/Pipeline/Pipeline.php(183): Illuminate/Foundation/Http/Middleware/PreventRequestsDuringMaintenance->handle(Object(Illuminate/Http/Request), Object(Closure))
#38 C:/Users/PC/Documents/GitHub/Fawaz_ALharbi_test/backend-laravel/vendor/laravel/framework/src/Illuminate/Http/Middleware/HandleCors.php(62): Illuminate/Pipeline/Pipeline->Illuminate/Pipeline/{closure}(Object(Illuminate/Http/Request))
#39 C:/Users/PC/Documents/GitHub/Fawaz_ALharbi_test/backend-laravel/vendor/laravel/framework/src/Illuminate/Pipeline/Pipeline.php(183): Illuminate/Http/Middleware/HandleCors->handle(Object(Illuminate/Http/Request), Object(Closure))
#40 C:/Users/PC/Documents/GitHub/Fawaz_ALharbi_test/backend-laravel/vendor/laravel/framework/src/Illuminate/Http/Middleware/TrustProxies.php(39): Illuminate/Pipeline/Pipeline->Illuminate/Pipeline/{closure}(Object(Illuminate/Http/Request))
#41 C:/Users/PC/Documents/GitHub/Fawaz_ALharbi_test/backend-laravel/vendor/laravel/framework/src/Illuminate/Pipeline/Pipeline.php(183): Illuminate/Http/Middleware/TrustProxies->handle(Object(Illuminate/Http/Request), Object(Closure))
#42 C:/Users/PC/Documents/GitHub/Fawaz_ALharbi_test/backend-laravel/vendor/laravel/framework/src/Illuminate/Pipeline/Pipeline.php(119): Illuminate/Pipeline/Pipeline->Illuminate/Pipeline/{closure}(Object(Illuminate/Http/Request))
#43 C:/Users/PC/Documents/GitHub/Fawaz_ALharbi_test/backend-laravel/vendor/laravel/framework/src/Illuminate/Foundation/Http/Kernel.php(175): Illuminate/Pipeline/Pipeline->then(Object(Closure))
#44 C:/Users/PC/Documents/GitHub/Fawaz_ALharbi_test/backend-laravel/vendor/laravel/framework/src/Illuminate/Foundation/Http/Kernel.php(144): Illuminate/Foundation/Http/Kernel->sendRequestThroughRouter(Object(Illuminate/Http/Request))
#45 C:/Users/PC/Documents/GitHub/Fawaz_ALharbi_test/backend-laravel/public/index.php(52): Illuminate/Foundation/Http/Kernel->handle(Object(Illuminate/Http/Request))
#46 C:/Users/PC/Documents/GitHub/Fawaz_ALharbi_test/backend-laravel/vendor/laravel/framework/src/Illuminate/Foundation/resources/server.php(16): require_once('C://Users//PC//Doc...')
#47 {main}
"} 
[2026-08-14 13:43:48] local.ERROR: SQLSTATE[01000]: Warning: 1265 Data truncated for column 'payment_status' at row 1 (Connection: mysql, SQL: insert into `bookings` (`tenant_id`, `customer_id`, `merchant_id`, `service_id`, `client`, `merchant`, `service`, `scheduled_at`, `duration_minutes`, `base_price`, `discount_amount`, `tax_amount`, `total_price`, `payment_status`, `payment_method`, `status`, `customer_notes`, `created_at`, `updated_at`) values (1, 1, 1, 1, FAWAZ, Kuhic, Mertz and Schuppe, Networked coherent intranet, 2026-08-15 10:00:00, 60, 182, 0, 27.3, 182, paid, card, confirmed, ?, 2026-08-14 13:43:48, 2026-08-14 13:43:48)) {"userId":2,"exception":"[object] (Illuminate\\Database\\QueryException(code: 01000): SQLSTATE[01000]: Warning: 1265 Data truncated for column 'payment_status' at row 1 (Connection: mysql, SQL: insert into `bookings` (`tenant_id`, `customer_id`, `merchant_id`, `service_id`, `client`, `merchant`, `service`, `scheduled_at`, `duration_minutes`, `base_price`, `discount_amount`, `tax_amount`, `total_price`, `payment_status`, `payment_method`, `status`, `customer_notes`, `created_at`, `updated_at`) values (1, 1, 1, 1, FAWAZ, Kuhic, Mertz and Schuppe, Networked coherent intranet, 2026-08-15 10:00:00, 60, 182, 0, 27.3, 182, paid, card, confirmed, ?, 2026-08-14 13:43:48, 2026-08-14 13:43:48)) at C:/Users/PC/Documents/GitHub/Fawaz_ALharbi_test/backend-laravel/vendor/laravel/framework/src/Illuminate/Database/Connection.php:829)
[stacktrace]
#0 C:/Users/PC/Documents/GitHub/Fawaz_ALharbi_test/backend-laravel/vendor/laravel/framework/src/Illuminate/Database/Connection.php(783): Illuminate/Database/Connection->runQueryCallback('insert into `bo...', Array, Object(Closure))
#1 C:/Users/PC/Documents/GitHub/Fawaz_ALharbi_test/backend-laravel/vendor/laravel/framework/src/Illuminate/Database/MySqlConnection.php(50): Illuminate/Database/Connection->run('insert into `bo...', Array, Object(Closure))
#2 C:/Users/PC/Documents/GitHub/Fawaz_ALharbi_test/backend-laravel/vendor/laravel/framework/src/Illuminate/Database/Query/Processors/MySqlProcessor.php(35): Illuminate/Database/MySqlConnection->insert('insert into `bo...', Array, NULL)
#3 C:/Users/PC/Documents/GitHub/Fawaz_ALharbi_test/backend-laravel/vendor/laravel/framework/src/Illuminate/Database/Query/Builder.php(3549): Illuminate/Database/Query/Processors/MySqlProcessor->processInsertGetId(Object(Illuminate/Database/Query/Builder), 'insert into `bo...', Array, NULL)
#4 C:/Users/PC/Documents/GitHub/Fawaz_ALharbi_test/backend-laravel/app/Http/Controllers/Api/BookingController.php(103): Illuminate/Database/Query/Builder->insertGetId(Array)
#5 C:/Users/PC/Documents/GitHub/Fawaz_ALharbi_test/backend-laravel/vendor/laravel/framework/src/Illuminate/Routing/Controller.php(54): App/Http/Controllers/Api/BookingController->store(Object(Illuminate/Http/Request))
#6 C:/Users/PC/Documents/GitHub/Fawaz_ALharbi_test/backend-laravel/vendor/laravel/framework/src/Illuminate/Routing/ControllerDispatcher.php(43): Illuminate/Routing/Controller->callAction('store', Array)
#7 C:/Users/PC/Documents/GitHub/Fawaz_ALharbi_test/backend-laravel/vendor/laravel/framework/src/Illuminate/Routing/Route.php(260): Illuminate/Routing/ControllerDispatcher->dispatch(Object(Illuminate/Routing/Route), Object(App/Http/Controllers/Api/BookingController), 'store')
#8 C:/Users/PC/Documents/GitHub/Fawaz_ALharbi_test/backend-laravel/vendor/laravel/framework/src/Illuminate/Routing/Route.php(205): Illuminate/Routing/Route->runController()
#9 C:/Users/PC/Documents/GitHub/Fawaz_ALharbi_test/backend-laravel/vendor/laravel/framework/src/Illuminate/Routing/Router.php(806): Illuminate/Routing/Route->run()
#10 C:/Users/PC/Documents/GitHub/Fawaz_ALharbi_test/backend-laravel/vendor/laravel/framework/src/Illuminate/Pipeline/Pipeline.php(144): Illuminate/Routing/Router->Illuminate/Routing/{closure}(Object(Illuminate/Http/Request))
#11 C:/Users/PC/Documents/GitHub/Fawaz_ALharbi_test/backend-laravel/vendor/laravel/framework/src/Illuminate/Routing/Middleware/SubstituteBindings.php(50): Illuminate/Pipeline/Pipeline->Illuminate/Pipeline/{closure}(Object(Illuminate/Http/Request))
#12 C:/Users/PC/Documents/GitHub/Fawaz_ALharbi_test/backend-laravel/vendor/laravel/framework/src/Illuminate/Pipeline/Pipeline.php(183): Illuminate/Routing/Middleware/SubstituteBindings->handle(Object(Illuminate/Http/Request), Object(Closure))
#13 C:/Users/PC/Documents/GitHub/Fawaz_ALharbi_test/backend-laravel/vendor/laravel/framework/src/Illuminate/Routing/Middleware/ThrottleRequests.php(159): Illuminate/Pipeline/Pipeline->Illuminate/Pipeline/{closure}(Object(Illuminate/Http/Request))
#14 C:/Users/PC/Documents/GitHub/Fawaz_ALharbi_test/backend-laravel/vendor/laravel/framework/src/Illuminate/Routing/Middleware/ThrottleRequests.php(135): Illuminate/Routing/Middleware/ThrottleRequests->handleRequest(Object(Illuminate/Http/Request), Object(Closure), Array)
#15 C:/Users/PC/Documents/GitHub/Fawaz_ALharbi_test/backend-laravel/vendor/laravel/framework/src/Illuminate/Routing/Middleware/ThrottleRequests.php(87): Illuminate/Routing/Middleware/ThrottleRequests->handleRequestUsingNamedLimiter(Object(Illuminate/Http/Request), Object(Closure), 'api', Object(Closure))
#16 C:/Users/PC/Documents/GitHub/Fawaz_ALharbi_test/backend-laravel/vendor/laravel/framework/src/Illuminate/Pipeline/Pipeline.php(183): Illuminate/Routing/Middleware/ThrottleRequests->handle(Object(Illuminate/Http/Request), Object(Closure), 'api')
#17 C:/Users/PC/Documents/GitHub/Fawaz_ALharbi_test/backend-laravel/vendor/laravel/framework/src/Illuminate/Auth/Middleware/Authenticate.php(57): Illuminate/Pipeline/Pipeline->Illuminate/Pipeline/{closure}(Object(Illuminate/Http/Request))
#18 C:/Users/PC/Documents/GitHub/Fawaz_ALharbi_test/backend-laravel/vendor/laravel/framework/src/Illuminate/Pipeline/Pipeline.php(183): Illuminate/Auth/Middleware/Authenticate->handle(Object(Illuminate/Http/Request), Object(Closure), 'sanctum')
#19 C:/Users/PC/Documents/GitHub/Fawaz_ALharbi_test/backend-laravel/vendor/laravel/framework/src/Illuminate/Pipeline/Pipeline.php(119): Illuminate/Pipeline/Pipeline->Illuminate/Pipeline/{closure}(Object(Illuminate/Http/Request))
#20 C:/Users/PC/Documents/GitHub/Fawaz_ALharbi_test/backend-laravel/vendor/laravel/framework/src/Illuminate/Routing/Router.php(807): Illuminate/Pipeline/Pipeline->then(Object(Closure))
#21 C:/Users/PC/Documents/GitHub/Fawaz_ALharbi_test/backend-laravel/vendor/laravel/framework/src/Illuminate/Routing/Router.php(784): Illuminate/Routing/Router->runRouteWithinStack(Object(Illuminate/Routing/Route), Object(Illuminate/Http/Request))
#22 C:/Users/PC/Documents/GitHub/Fawaz_ALharbi_test/backend-laravel/vendor/laravel/framework/src/Illuminate/Routing/Router.php(748): Illuminate/Routing/Router->runRoute(Object(Illuminate/Http/Request), Object(Illuminate/Routing/Route))
#23 C:/Users/PC/Documents/GitHub/Fawaz_ALharbi_test/backend-laravel/vendor/laravel/framework/src/Illuminate/Routing/Router.php(737): Illuminate/Routing/Router->dispatchToRoute(Object(Illuminate/Http/Request))
#24 C:/Users/PC/Documents/GitHub/Fawaz_ALharbi_test/backend-laravel/vendor/laravel/framework/src/Illuminate/Foundation/Http/Kernel.php(200): Illuminate/Routing/Router->dispatch(Object(Illuminate/Http/Request))
#25 C:/Users/PC/Documents/GitHub/Fawaz_ALharbi_test/backend-laravel/vendor/laravel/framework/src/Illuminate/Pipeline/Pipeline.php(144): Illuminate/Foundation/Http/Kernel->Illuminate/Foundation/Http/{closure}(Object(Illuminate/Http/Request))
#26 C:/Users/PC/Documents/GitHub/Fawaz_ALharbi_test/backend-laravel/vendor/laravel/framework/src/Illuminate/Foundation/Http/Middleware/TransformsRequest.php(21): Illuminate/Pipeline/Pipeline->Illuminate/Pipeline/{closure}(Object(Illuminate/Http/Request))
#27 C:/Users/PC/Documents/GitHub/Fawaz_ALharbi_test/backend-laravel/vendor/laravel/framework/src/Illuminate/Foundation/Http/Middleware/ConvertEmptyStringsToNull.php(31): Illuminate/Foundation/Http/Middleware/TransformsRequest->handle(Object(Illuminate/Http/Request), Object(Closure))
#28 C:/Users/PC/Documents/GitHub/Fawaz_ALharbi_test/backend-laravel/vendor/laravel/framework/src/Illuminate/Pipeline/Pipeline.php(183): Illuminate/Foundation/Http/Middleware/ConvertEmptyStringsToNull->handle(Object(Illuminate/Http/Request), Object(Closure))
#29 C:/Users/PC/Documents/GitHub/Fawaz_ALharbi_test/backend-laravel/vendor/laravel/framework/src/Illuminate/Foundation/Http/Middleware/TransformsRequest.php(21): Illuminate/Pipeline/Pipeline->Illuminate/Pipeline/{closure}(Object(Illuminate/Http/Request))
#30 C:/Users/PC/Documents/GitHub/Fawaz_ALharbi_test/backend-laravel/vendor/laravel/framework/src/Illuminate/Foundation/Http/Middleware/TrimStrings.php(40): Illuminate/Foundation/Http/Middleware/TransformsRequest->handle(Object(Illuminate/Http/Request), Object(Closure))
#31 C:/Users/PC/Documents/GitHub/Fawaz_ALharbi_test/backend-laravel/vendor/laravel/framework/src/Illuminate/Pipeline/Pipeline.php(183): Illuminate/Foundation/Http/Middleware/TrimStrings->handle(Object(Illuminate/Http/Request), Object(Closure))
#32 C:/Users/PC/Documents/GitHub/Fawaz_ALharbi_test/backend-laravel/vendor/laravel/framework/src/Illuminate/Foundation/Http/Middleware/ValidatePostSize.php(27): Illuminate/Pipeline/Pipeline->Illuminate/Pipeline/{closure}(Object(Illuminate/Http/Request))
#33 C:/Users/PC/Documents/GitHub/Fawaz_ALharbi_test/backend-laravel/vendor/laravel/framework/src/Illuminate/Pipeline/Pipeline.php(183): Illuminate/Foundation/Http/Middleware/ValidatePostSize->handle(Object(Illuminate/Http/Request), Object(Closure))
#34 C:/Users/PC/Documents/GitHub/Fawaz_ALharbi_test/backend-laravel/vendor/laravel/framework/src/Illuminate/Foundation/Http/Middleware/PreventRequestsDuringMaintenance.php(99): Illuminate/Pipeline/Pipeline->Illuminate/Pipeline/{closure}(Object(Illuminate/Http/Request))
#35 C:/Users/PC/Documents/GitHub/Fawaz_ALharbi_test/backend-laravel/vendor/laravel/framework/src/Illuminate/Pipeline/Pipeline.php(183): Illuminate/Foundation/Http/Middleware/PreventRequestsDuringMaintenance->handle(Object(Illuminate/Http/Request), Object(Closure))
#36 C:/Users/PC/Documents/GitHub/Fawaz_ALharbi_test/backend-laravel/vendor/laravel/framework/src/Illuminate/Http/Middleware/HandleCors.php(62): Illuminate/Pipeline/Pipeline->Illuminate/Pipeline/{closure}(Object(Illuminate/Http/Request))
#37 C:/Users/PC/Documents/GitHub/Fawaz_ALharbi_test/backend-laravel/vendor/laravel/framework/src/Illuminate/Pipeline/Pipeline.php(183): Illuminate/Http/Middleware/HandleCors->handle(Object(Illuminate/Http/Request), Object(Closure))
#38 C:/Users/PC/Documents/GitHub/Fawaz_ALharbi_test/backend-laravel/vendor/laravel/framework/src/Illuminate/Http/Middleware/TrustProxies.php(39): Illuminate/Pipeline/Pipeline->Illuminate/Pipeline/{closure}(Object(Illuminate/Http/Request))
#39 C:/Users/PC/Documents/GitHub/Fawaz_ALharbi_test/backend-laravel/vendor/laravel/framework/src/Illuminate/Pipeline/Pipeline.php(183): Illuminate/Http/Middleware/TrustProxies->handle(Object(Illuminate/Http/Request), Object(Closure))
#40 C:/Users/PC/Documents/GitHub/Fawaz_ALharbi_test/backend-laravel/vendor/laravel/framework/src/Illuminate/Pipeline/Pipeline.php(119): Illuminate/Pipeline/Pipeline->Illuminate/Pipeline/{closure}(Object(Illuminate/Http/Request))
#41 C:/Users/PC/Documents/GitHub/Fawaz_ALharbi_test/backend-laravel/vendor/laravel/framework/src/Illuminate/Foundation/Http/Kernel.php(175): Illuminate/Pipeline/Pipeline->then(Object(Closure))
#42 C:/Users/PC/Documents/GitHub/Fawaz_ALharbi_test/backend-laravel/vendor/laravel/framework/src/Illuminate/Foundation/Http/Kernel.php(144): Illuminate/Foundation/Http/Kernel->sendRequestThroughRouter(Object(Illuminate/Http/Request))
#43 C:/Users/PC/Documents/GitHub/Fawaz_ALharbi_test/backend-laravel/public/index.php(52): Illuminate/Foundation/Http/Kernel->handle(Object(Illuminate/Http/Request))
#44 C:/Users/PC/Documents/GitHub/Fawaz_ALharbi_test/backend-laravel/vendor/laravel/framework/src/Illuminate/Foundation/resources/server.php(16): require_once('C://Users//PC//Doc...')
#45 {main}

[previous exception] [object] (PDOException(code: 01000): SQLSTATE[01000]: Warning: 1265 Data truncated for column 'payment_status' at row 1 at C:/Users/PC/Documents/GitHub/Fawaz_ALharbi_test/backend-laravel/vendor/laravel/framework/src/Illuminate/Database/MySqlConnection.php:45)
[stacktrace]
#0 C:/Users/PC/Documents/GitHub/Fawaz_ALharbi_test/backend-laravel/vendor/laravel/framework/src/Illuminate/Database/MySqlConnection.php(45): PDOStatement->execute()
#1 C:/Users/PC/Documents/GitHub/Fawaz_ALharbi_test/backend-laravel/vendor/laravel/framework/src/Illuminate/Database/Connection.php(816): Illuminate/Database/MySqlConnection->Illuminate/Database/{closure}('insert into `bo...', Array)
#2 C:/Users/PC/Documents/GitHub/Fawaz_ALharbi_test/backend-laravel/vendor/laravel/framework/src/Illuminate/Database/Connection.php(783): Illuminate/Database/Connection->runQueryCallback('insert into `bo...', Array, Object(Closure))
#3 C:/Users/PC/Documents/GitHub/Fawaz_ALharbi_test/backend-laravel/vendor/laravel/framework/src/Illuminate/Database/MySqlConnection.php(50): Illuminate/Database/Connection->run('insert into `bo...', Array, Object(Closure))
#4 C:/Users/PC/Documents/GitHub/Fawaz_ALharbi_test/backend-laravel/vendor/laravel/framework/src/Illuminate/Database/Query/Processors/MySqlProcessor.php(35): Illuminate/Database/MySqlConnection->insert('insert into `bo...', Array, NULL)
#5 C:/Users/PC/Documents/GitHub/Fawaz_ALharbi_test/backend-laravel/vendor/laravel/framework/src/Illuminate/Database/Query/Builder.php(3549): Illuminate/Database/Query/Processors/MySqlProcessor->processInsertGetId(Object(Illuminate/Database/Query/Builder), 'insert into `bo...', Array, NULL)
#6 C:/Users/PC/Documents/GitHub/Fawaz_ALharbi_test/backend-laravel/app/Http/Controllers/Api/BookingController.php(103): Illuminate/Database/Query/Builder->insertGetId(Array)
#7 C:/Users/PC/Documents/GitHub/Fawaz_ALharbi_test/backend-laravel/vendor/laravel/framework/src/Illuminate/Routing/Controller.php(54): App/Http/Controllers/Api/BookingController->store(Object(Illuminate/Http/Request))
#8 C:/Users/PC/Documents/GitHub/Fawaz_ALharbi_test/backend-laravel/vendor/laravel/framework/src/Illuminate/Routing/ControllerDispatcher.php(43): Illuminate/Routing/Controller->callAction('store', Array)
#9 C:/Users/PC/Documents/GitHub/Fawaz_ALharbi_test/backend-laravel/vendor/laravel/framework/src/Illuminate/Routing/Route.php(260): Illuminate/Routing/ControllerDispatcher->dispatch(Object(Illuminate/Routing/Route), Object(App/Http/Controllers/Api/BookingController), 'store')
#10 C:/Users/PC/Documents/GitHub/Fawaz_ALharbi_test/backend-laravel/vendor/laravel/framework/src/Illuminate/Routing/Route.php(205): Illuminate/Routing/Route->runController()
#11 C:/Users/PC/Documents/GitHub/Fawaz_ALharbi_test/backend-laravel/vendor/laravel/framework/src/Illuminate/Routing/Router.php(806): Illuminate/Routing/Route->run()
#12 C:/Users/PC/Documents/GitHub/Fawaz_ALharbi_test/backend-laravel/vendor/laravel/framework/src/Illuminate/Pipeline/Pipeline.php(144): Illuminate/Routing/Router->Illuminate/Routing/{closure}(Object(Illuminate/Http/Request))
#13 C:/Users/PC/Documents/GitHub/Fawaz_ALharbi_test/backend-laravel/vendor/laravel/framework/src/Illuminate/Routing/Middleware/SubstituteBindings.php(50): Illuminate/Pipeline/Pipeline->Illuminate/Pipeline/{closure}(Object(Illuminate/Http/Request))
#14 C:/Users/PC/Documents/GitHub/Fawaz_ALharbi_test/backend-laravel/vendor/laravel/framework/src/Illuminate/Pipeline/Pipeline.php(183): Illuminate/Routing/Middleware/SubstituteBindings->handle(Object(Illuminate/Http/Request), Object(Closure))
#15 C:/Users/PC/Documents/GitHub/Fawaz_ALharbi_test/backend-laravel/vendor/laravel/framework/src/Illuminate/Routing/Middleware/ThrottleRequests.php(159): Illuminate/Pipeline/Pipeline->Illuminate/Pipeline/{closure}(Object(Illuminate/Http/Request))
#16 C:/Users/PC/Documents/GitHub/Fawaz_ALharbi_test/backend-laravel/vendor/laravel/framework/src/Illuminate/Routing/Middleware/ThrottleRequests.php(135): Illuminate/Routing/Middleware/ThrottleRequests->handleRequest(Object(Illuminate/Http/Request), Object(Closure), Array)
#17 C:/Users/PC/Documents/GitHub/Fawaz_ALharbi_test/backend-laravel/vendor/laravel/framework/src/Illuminate/Routing/Middleware/ThrottleRequests.php(87): Illuminate/Routing/Middleware/ThrottleRequests->handleRequestUsingNamedLimiter(Object(Illuminate/Http/Request), Object(Closure), 'api', Object(Closure))
#18 C:/Users/PC/Documents/GitHub/Fawaz_ALharbi_test/backend-laravel/vendor/laravel/framework/src/Illuminate/Pipeline/Pipeline.php(183): Illuminate/Routing/Middleware/ThrottleRequests->handle(Object(Illuminate/Http/Request), Object(Closure), 'api')
#19 C:/Users/PC/Documents/GitHub/Fawaz_ALharbi_test/backend-laravel/vendor/laravel/framework/src/Illuminate/Auth/Middleware/Authenticate.php(57): Illuminate/Pipeline/Pipeline->Illuminate/Pipeline/{closure}(Object(Illuminate/Http/Request))
#20 C:/Users/PC/Documents/GitHub/Fawaz_ALharbi_test/backend-laravel/vendor/laravel/framework/src/Illuminate/Pipeline/Pipeline.php(183): Illuminate/Auth/Middleware/Authenticate->handle(Object(Illuminate/Http/Request), Object(Closure), 'sanctum')
#21 C:/Users/PC/Documents/GitHub/Fawaz_ALharbi_test/backend-laravel/vendor/laravel/framework/src/Illuminate/Pipeline/Pipeline.php(119): Illuminate/Pipeline/Pipeline->Illuminate/Pipeline/{closure}(Object(Illuminate/Http/Request))
#22 C:/Users/PC/Documents/GitHub/Fawaz_ALharbi_test/backend-laravel/vendor/laravel/framework/src/Illuminate/Routing/Router.php(807): Illuminate/Pipeline/Pipeline->then(Object(Closure))
#23 C:/Users/PC/Documents/GitHub/Fawaz_ALharbi_test/backend-laravel/vendor/laravel/framework/src/Illuminate/Routing/Router.php(784): Illuminate/Routing/Router->runRouteWithinStack(Object(Illuminate/Routing/Route), Object(Illuminate/Http/Request))
#24 C:/Users/PC/Documents/GitHub/Fawaz_ALharbi_test/backend-laravel/vendor/laravel/framework/src/Illuminate/Routing/Router.php(748): Illuminate/Routing/Router->runRoute(Object(Illuminate/Http/Request), Object(Illuminate/Routing/Route))
#25 C:/Users/PC/Documents/GitHub/Fawaz_ALharbi_test/backend-laravel/vendor/laravel/framework/src/Illuminate/Routing/Router.php(737): Illuminate/Routing/Router->dispatchToRoute(Object(Illuminate/Http/Request))
#26 C:/Users/PC/Documents/GitHub/Fawaz_ALharbi_test/backend-laravel/vendor/laravel/framework/src/Illuminate/Foundation/Http/Kernel.php(200): Illuminate/Routing/Router->dispatch(Object(Illuminate/Http/Request))
#27 C:/Users/PC/Documents/GitHub/Fawaz_ALharbi_test/backend-laravel/vendor/laravel/framework/src/Illuminate/Pipeline/Pipeline.php(144): Illuminate/Foundation/Http/Kernel->Illuminate/Foundation/Http/{closure}(Object(Illuminate/Http/Request))
#28 C:/Users/PC/Documents/GitHub/Fawaz_ALharbi_test/backend-laravel/vendor/laravel/framework/src/Illuminate/Foundation/Http/Middleware/TransformsRequest.php(21): Illuminate/Pipeline/Pipeline->Illuminate/Pipeline/{closure}(Object(Illuminate/Http/Request))
#29 C:/Users/PC/Documents/GitHub/Fawaz_ALharbi_test/backend-laravel/vendor/laravel/framework/src/Illuminate/Foundation/Http/Middleware/ConvertEmptyStringsToNull.php(31): Illuminate/Foundation/Http/Middleware/TransformsRequest->handle(Object(Illuminate/Http/Request), Object(Closure))
#30 C:/Users/PC/Documents/GitHub/Fawaz_ALharbi_test/backend-laravel/vendor/laravel/framework/src/Illuminate/Pipeline/Pipeline.php(183): Illuminate/Foundation/Http/Middleware/ConvertEmptyStringsToNull->handle(Object(Illuminate/Http/Request), Object(Closure))
#31 C:/Users/PC/Documents/GitHub/Fawaz_ALharbi_test/backend-laravel/vendor/laravel/framework/src/Illuminate/Foundation/Http/Middleware/TransformsRequest.php(21): Illuminate/Pipeline/Pipeline->Illuminate/Pipeline/{closure}(Object(Illuminate/Http/Request))
#32 C:/Users/PC/Documents/GitHub/Fawaz_ALharbi_test/backend-laravel/vendor/laravel/framework/src/Illuminate/Foundation/Http/Middleware/TrimStrings.php(40): Illuminate/Foundation/Http/Middleware/TransformsRequest->handle(Object(Illuminate/Http/Request), Object(Closure))
#33 C:/Users/PC/Documents/GitHub/Fawaz_ALharbi_test/backend-laravel/vendor/laravel/framework/src/Illuminate/Pipeline/Pipeline.php(183): Illuminate/Foundation/Http/Middleware/TrimStrings->handle(Object(Illuminate/Http/Request), Object(Closure))
#34 C:/Users/PC/Documents/GitHub/Fawaz_ALharbi_test/backend-laravel/vendor/laravel/framework/src/Illuminate/Foundation/Http/Middleware/ValidatePostSize.php(27): Illuminate/Pipeline/Pipeline->Illuminate/Pipeline/{closure}(Object(Illuminate/Http/Request))
#35 C:/Users/PC/Documents/GitHub/Fawaz_ALharbi_test/backend-laravel/vendor/laravel/framework/src/Illuminate/Pipeline/Pipeline.php(183): Illuminate/Foundation/Http/Middleware/ValidatePostSize->handle(Object(Illuminate/Http/Request), Object(Closure))
#36 C:/Users/PC/Documents/GitHub/Fawaz_ALharbi_test/backend-laravel/vendor/laravel/framework/src/Illuminate/Foundation/Http/Middleware/PreventRequestsDuringMaintenance.php(99): Illuminate/Pipeline/Pipeline->Illuminate/Pipeline/{closure}(Object(Illuminate/Http/Request))
#37 C:/Users/PC/Documents/GitHub/Fawaz_ALharbi_test/backend-laravel/vendor/laravel/framework/src/Illuminate/Pipeline/Pipeline.php(183): Illuminate/Foundation/Http/Middleware/PreventRequestsDuringMaintenance->handle(Object(Illuminate/Http/Request), Object(Closure))
#38 C:/Users/PC/Documents/GitHub/Fawaz_ALharbi_test/backend-laravel/vendor/laravel/framework/src/Illuminate/Http/Middleware/HandleCors.php(62): Illuminate/Pipeline/Pipeline->Illuminate/Pipeline/{closure}(Object(Illuminate/Http/Request))
#39 C:/Users/PC/Documents/GitHub/Fawaz_ALharbi_test/backend-laravel/vendor/laravel/framework/src/Illuminate/Pipeline/Pipeline.php(183): Illuminate/Http/Middleware/HandleCors->handle(Object(Illuminate/Http/Request), Object(Closure))
#40 C:/Users/PC/Documents/GitHub/Fawaz_ALharbi_test/backend-laravel/vendor/laravel/framework/src/Illuminate/Http/Middleware/TrustProxies.php(39): Illuminate/Pipeline/Pipeline->Illuminate/Pipeline/{closure}(Object(Illuminate/Http/Request))
#41 C:/Users/PC/Documents/GitHub/Fawaz_ALharbi_test/backend-laravel/vendor/laravel/framework/src/Illuminate/Pipeline/Pipeline.php(183): Illuminate/Http/Middleware/TrustProxies->handle(Object(Illuminate/Http/Request), Object(Closure))
#42 C:/Users/PC/Documents/GitHub/Fawaz_ALharbi_test/backend-laravel/vendor/laravel/framework/src/Illuminate/Pipeline/Pipeline.php(119): Illuminate/Pipeline/Pipeline->Illuminate/Pipeline/{closure}(Object(Illuminate/Http/Request))
#43 C:/Users/PC/Documents/GitHub/Fawaz_ALharbi_test/backend-laravel/vendor/laravel/framework/src/Illuminate/Foundation/Http/Kernel.php(175): Illuminate/Pipeline/Pipeline->then(Object(Closure))
#44 C:/Users/PC/Documents/GitHub/Fawaz_ALharbi_test/backend-laravel/vendor/laravel/framework/src/Illuminate/Foundation/Http/Kernel.php(144): Illuminate/Foundation/Http/Kernel->sendRequestThroughRouter(Object(Illuminate/Http/Request))
#45 C:/Users/PC/Documents/GitHub/Fawaz_ALharbi_test/backend-laravel/public/index.php(52): Illuminate/Foundation/Http/Kernel->handle(Object(Illuminate/Http/Request))
#46 C:/Users/PC/Documents/GitHub/Fawaz_ALharbi_test/backend-laravel/vendor/laravel/framework/src/Illuminate/Foundation/resources/server.php(16): require_once('C://Users//PC//Doc...')
#47 {main}
"} 
[2026-08-14 13:43:49] local.ERROR: SQLSTATE[01000]: Warning: 1265 Data truncated for column 'payment_status' at row 1 (Connection: mysql, SQL: insert into `bookings` (`tenant_id`, `customer_id`, `merchant_id`, `service_id`, `client`, `merchant`, `service`, `scheduled_at`, `duration_minutes`, `base_price`, `discount_amount`, `tax_amount`, `total_price`, `payment_status`, `payment_method`, `status`, `customer_notes`, `created_at`, `updated_at`) values (1, 1, 1, 1, FAWAZ, Kuhic, Mertz and Schuppe, Networked coherent intranet, 2026-08-15 10:00:00, 60, 182, 0, 27.3, 182, paid, card, confirmed, ?, 2026-08-14 13:43:49, 2026-08-14 13:43:49)) {"userId":2,"exception":"[object] (Illuminate\\Database\\QueryException(code: 01000): SQLSTATE[01000]: Warning: 1265 Data truncated for column 'payment_status' at row 1 (Connection: mysql, SQL: insert into `bookings` (`tenant_id`, `customer_id`, `merchant_id`, `service_id`, `client`, `merchant`, `service`, `scheduled_at`, `duration_minutes`, `base_price`, `discount_amount`, `tax_amount`, `total_price`, `payment_status`, `payment_method`, `status`, `customer_notes`, `created_at`, `updated_at`) values (1, 1, 1, 1, FAWAZ, Kuhic, Mertz and Schuppe, Networked coherent intranet, 2026-08-15 10:00:00, 60, 182, 0, 27.3, 182, paid, card, confirmed, ?, 2026-08-14 13:43:49, 2026-08-14 13:43:49)) at C:/Users/PC/Documents/GitHub/Fawaz_ALharbi_test/backend-laravel/vendor/laravel/framework/src/Illuminate/Database/Connection.php:829)
[stacktrace]
#0 C:/Users/PC/Documents/GitHub/Fawaz_ALharbi_test/backend-laravel/vendor/laravel/framework/src/Illuminate/Database/Connection.php(783): Illuminate/Database/Connection->runQueryCallback('insert into `bo...', Array, Object(Closure))
#1 C:/Users/PC/Documents/GitHub/Fawaz_ALharbi_test/backend-laravel/vendor/laravel/framework/src/Illuminate/Database/MySqlConnection.php(50): Illuminate/Database/Connection->run('insert into `bo...', Array, Object(Closure))
#2 C:/Users/PC/Documents/GitHub/Fawaz_ALharbi_test/backend-laravel/vendor/laravel/framework/src/Illuminate/Database/Query/Processors/MySqlProcessor.php(35): Illuminate/Database/MySqlConnection->insert('insert into `bo...', Array, NULL)
#3 C:/Users/PC/Documents/GitHub/Fawaz_ALharbi_test/backend-laravel/vendor/laravel/framework/src/Illuminate/Database/Query/Builder.php(3549): Illuminate/Database/Query/Processors/MySqlProcessor->processInsertGetId(Object(Illuminate/Database/Query/Builder), 'insert into `bo...', Array, NULL)
#4 C:/Users/PC/Documents/GitHub/Fawaz_ALharbi_test/backend-laravel/app/Http/Controllers/Api/BookingController.php(103): Illuminate/Database/Query/Builder->insertGetId(Array)
#5 C:/Users/PC/Documents/GitHub/Fawaz_ALharbi_test/backend-laravel/vendor/laravel/framework/src/Illuminate/Routing/Controller.php(54): App/Http/Controllers/Api/BookingController->store(Object(Illuminate/Http/Request))
#6 C:/Users/PC/Documents/GitHub/Fawaz_ALharbi_test/backend-laravel/vendor/laravel/framework/src/Illuminate/Routing/ControllerDispatcher.php(43): Illuminate/Routing/Controller->callAction('store', Array)
#7 C:/Users/PC/Documents/GitHub/Fawaz_ALharbi_test/backend-laravel/vendor/laravel/framework/src/Illuminate/Routing/Route.php(260): Illuminate/Routing/ControllerDispatcher->dispatch(Object(Illuminate/Routing/Route), Object(App/Http/Controllers/Api/BookingController), 'store')
#8 C:/Users/PC/Documents/GitHub/Fawaz_ALharbi_test/backend-laravel/vendor/laravel/framework/src/Illuminate/Routing/Route.php(205): Illuminate/Routing/Route->runController()
#9 C:/Users/PC/Documents/GitHub/Fawaz_ALharbi_test/backend-laravel/vendor/laravel/framework/src/Illuminate/Routing/Router.php(806): Illuminate/Routing/Route->run()
#10 C:/Users/PC/Documents/GitHub/Fawaz_ALharbi_test/backend-laravel/vendor/laravel/framework/src/Illuminate/Pipeline/Pipeline.php(144): Illuminate/Routing/Router->Illuminate/Routing/{closure}(Object(Illuminate/Http/Request))
#11 C:/Users/PC/Documents/GitHub/Fawaz_ALharbi_test/backend-laravel/vendor/laravel/framework/src/Illuminate/Routing/Middleware/SubstituteBindings.php(50): Illuminate/Pipeline/Pipeline->Illuminate/Pipeline/{closure}(Object(Illuminate/Http/Request))
#12 C:/Users/PC/Documents/GitHub/Fawaz_ALharbi_test/backend-laravel/vendor/laravel/framework/src/Illuminate/Pipeline/Pipeline.php(183): Illuminate/Routing/Middleware/SubstituteBindings->handle(Object(Illuminate/Http/Request), Object(Closure))
#13 C:/Users/PC/Documents/GitHub/Fawaz_ALharbi_test/backend-laravel/vendor/laravel/framework/src/Illuminate/Routing/Middleware/ThrottleRequests.php(159): Illuminate/Pipeline/Pipeline->Illuminate/Pipeline/{closure}(Object(Illuminate/Http/Request))
#14 C:/Users/PC/Documents/GitHub/Fawaz_ALharbi_test/backend-laravel/vendor/laravel/framework/src/Illuminate/Routing/Middleware/ThrottleRequests.php(135): Illuminate/Routing/Middleware/ThrottleRequests->handleRequest(Object(Illuminate/Http/Request), Object(Closure), Array)
#15 C:/Users/PC/Documents/GitHub/Fawaz_ALharbi_test/backend-laravel/vendor/laravel/framework/src/Illuminate/Routing/Middleware/ThrottleRequests.php(87): Illuminate/Routing/Middleware/ThrottleRequests->handleRequestUsingNamedLimiter(Object(Illuminate/Http/Request), Object(Closure), 'api', Object(Closure))
#16 C:/Users/PC/Documents/GitHub/Fawaz_ALharbi_test/backend-laravel/vendor/laravel/framework/src/Illuminate/Pipeline/Pipeline.php(183): Illuminate/Routing/Middleware/ThrottleRequests->handle(Object(Illuminate/Http/Request), Object(Closure), 'api')
#17 C:/Users/PC/Documents/GitHub/Fawaz_ALharbi_test/backend-laravel/vendor/laravel/framework/src/Illuminate/Auth/Middleware/Authenticate.php(57): Illuminate/Pipeline/Pipeline->Illuminate/Pipeline/{closure}(Object(Illuminate/Http/Request))
#18 C:/Users/PC/Documents/GitHub/Fawaz_ALharbi_test/backend-laravel/vendor/laravel/framework/src/Illuminate/Pipeline/Pipeline.php(183): Illuminate/Auth/Middleware/Authenticate->handle(Object(Illuminate/Http/Request), Object(Closure), 'sanctum')
#19 C:/Users/PC/Documents/GitHub/Fawaz_ALharbi_test/backend-laravel/vendor/laravel/framework/src/Illuminate/Pipeline/Pipeline.php(119): Illuminate/Pipeline/Pipeline->Illuminate/Pipeline/{closure}(Object(Illuminate/Http/Request))
#20 C:/Users/PC/Documents/GitHub/Fawaz_ALharbi_test/backend-laravel/vendor/laravel/framework/src/Illuminate/Routing/Router.php(807): Illuminate/Pipeline/Pipeline->then(Object(Closure))
#21 C:/Users/PC/Documents/GitHub/Fawaz_ALharbi_test/backend-laravel/vendor/laravel/framework/src/Illuminate/Routing/Router.php(784): Illuminate/Routing/Router->runRouteWithinStack(Object(Illuminate/Routing/Route), Object(Illuminate/Http/Request))
#22 C:/Users/PC/Documents/GitHub/Fawaz_ALharbi_test/backend-laravel/vendor/laravel/framework/src/Illuminate/Routing/Router.php(748): Illuminate/Routing/Router->runRoute(Object(Illuminate/Http/Request), Object(Illuminate/Routing/Route))
#23 C:/Users/PC/Documents/GitHub/Fawaz_ALharbi_test/backend-laravel/vendor/laravel/framework/src/Illuminate/Routing/Router.php(737): Illuminate/Routing/Router->dispatchToRoute(Object(Illuminate/Http/Request))
#24 C:/Users/PC/Documents/GitHub/Fawaz_ALharbi_test/backend-laravel/vendor/laravel/framework/src/Illuminate/Foundation/Http/Kernel.php(200): Illuminate/Routing/Router->dispatch(Object(Illuminate/Http/Request))
#25 C:/Users/PC/Documents/GitHub/Fawaz_ALharbi_test/backend-laravel/vendor/laravel/framework/src/Illuminate/Pipeline/Pipeline.php(144): Illuminate/Foundation/Http/Kernel->Illuminate/Foundation/Http/{closure}(Object(Illuminate/Http/Request))
#26 C:/Users/PC/Documents/GitHub/Fawaz_ALharbi_test/backend-laravel/vendor/laravel/framework/src/Illuminate/Foundation/Http/Middleware/TransformsRequest.php(21): Illuminate/Pipeline/Pipeline->Illuminate/Pipeline/{closure}(Object(Illuminate/Http/Request))
#27 C:/Users/PC/Documents/GitHub/Fawaz_ALharbi_test/backend-laravel/vendor/laravel/framework/src/Illuminate/Foundation/Http/Middleware/ConvertEmptyStringsToNull.php(31): Illuminate/Foundation/Http/Middleware/TransformsRequest->handle(Object(Illuminate/Http/Request), Object(Closure))
#28 C:/Users/PC/Documents/GitHub/Fawaz_ALharbi_test/backend-laravel/vendor/laravel/framework/src/Illuminate/Pipeline/Pipeline.php(183): Illuminate/Foundation/Http/Middleware/ConvertEmptyStringsToNull->handle(Object(Illuminate/Http/Request), Object(Closure))
#29 C:/Users/PC/Documents/GitHub/Fawaz_ALharbi_test/backend-laravel/vendor/laravel/framework/src/Illuminate/Foundation/Http/Middleware/TransformsRequest.php(21): Illuminate/Pipeline/Pipeline->Illuminate/Pipeline/{closure}(Object(Illuminate/Http/Request))
#30 C:/Users/PC/Documents/GitHub/Fawaz_ALharbi_test/backend-laravel/vendor/laravel/framework/src/Illuminate/Foundation/Http/Middleware/TrimStrings.php(40): Illuminate/Foundation/Http/Middleware/TransformsRequest->handle(Object(Illuminate/Http/Request), Object(Closure))
#31 C:/Users/PC/Documents/GitHub/Fawaz_ALharbi_test/backend-laravel/vendor/laravel/framework/src/Illuminate/Pipeline/Pipeline.php(183): Illuminate/Foundation/Http/Middleware/TrimStrings->handle(Object(Illuminate/Http/Request), Object(Closure))
#32 C:/Users/PC/Documents/GitHub/Fawaz_ALharbi_test/backend-laravel/vendor/laravel/framework/src/Illuminate/Foundation/Http/Middleware/ValidatePostSize.php(27): Illuminate/Pipeline/Pipeline->Illuminate/Pipeline/{closure}(Object(Illuminate/Http/Request))
#33 C:/Users/PC/Documents/GitHub/Fawaz_ALharbi_test/backend-laravel/vendor/laravel/framework/src/Illuminate/Pipeline/Pipeline.php(183): Illuminate/Foundation/Http/Middleware/ValidatePostSize->handle(Object(Illuminate/Http/Request), Object(Closure))
#34 C:/Users/PC/Documents/GitHub/Fawaz_ALharbi_test/backend-laravel/vendor/laravel/framework/src/Illuminate/Foundation/Http/Middleware/PreventRequestsDuringMaintenance.php(99): Illuminate/Pipeline/Pipeline->Illuminate/Pipeline/{closure}(Object(Illuminate/Http/Request))
#35 C:/Users/PC/Documents/GitHub/Fawaz_ALharbi_test/backend-laravel/vendor/laravel/framework/src/Illuminate/Pipeline/Pipeline.php(183): Illuminate/Foundation/Http/Middleware/PreventRequestsDuringMaintenance->handle(Object(Illuminate/Http/Request), Object(Closure))
#36 C:/Users/PC/Documents/GitHub/Fawaz_ALharbi_test/backend-laravel/vendor/laravel/framework/src/Illuminate/Http/Middleware/HandleCors.php(62): Illuminate/Pipeline/Pipeline->Illuminate/Pipeline/{closure}(Object(Illuminate/Http/Request))
#37 C:/Users/PC/Documents/GitHub/Fawaz_ALharbi_test/backend-laravel/vendor/laravel/framework/src/Illuminate/Pipeline/Pipeline.php(183): Illuminate/Http/Middleware/HandleCors->handle(Object(Illuminate/Http/Request), Object(Closure))
#38 C:/Users/PC/Documents/GitHub/Fawaz_ALharbi_test/backend-laravel/vendor/laravel/framework/src/Illuminate/Http/Middleware/TrustProxies.php(39): Illuminate/Pipeline/Pipeline->Illuminate/Pipeline/{closure}(Object(Illuminate/Http/Request))
#39 C:/Users/PC/Documents/GitHub/Fawaz_ALharbi_test/backend-laravel/vendor/laravel/framework/src/Illuminate/Pipeline/Pipeline.php(183): Illuminate/Http/Middleware/TrustProxies->handle(Object(Illuminate/Http/Request), Object(Closure))
#40 C:/Users/PC/Documents/GitHub/Fawaz_ALharbi_test/backend-laravel/vendor/laravel/framework/src/Illuminate/Pipeline/Pipeline.php(119): Illuminate/Pipeline/Pipeline->Illuminate/Pipeline/{closure}(Object(Illuminate/Http/Request))
#41 C:/Users/PC/Documents/GitHub/Fawaz_ALharbi_test/backend-laravel/vendor/laravel/framework/src/Illuminate/Foundation/Http/Kernel.php(175): Illuminate/Pipeline/Pipeline->then(Object(Closure))
#42 C:/Users/PC/Documents/GitHub/Fawaz_ALharbi_test/backend-laravel/vendor/laravel/framework/src/Illuminate/Foundation/Http/Kernel.php(144): Illuminate/Foundation/Http/Kernel->sendRequestThroughRouter(Object(Illuminate/Http/Request))
#43 C:/Users/PC/Documents/GitHub/Fawaz_ALharbi_test/backend-laravel/public/index.php(52): Illuminate/Foundation/Http/Kernel->handle(Object(Illuminate/Http/Request))
#44 C:/Users/PC/Documents/GitHub/Fawaz_ALharbi_test/backend-laravel/vendor/laravel/framework/src/Illuminate/Foundation/resources/server.php(16): require_once('C://Users//PC//Doc...')
#45 {main}

[previous exception] [object] (PDOException(code: 01000): SQLSTATE[01000]: Warning: 1265 Data truncated for column 'payment_status' at row 1 at C:/Users/PC/Documents/GitHub/Fawaz_ALharbi_test/backend-laravel/vendor/laravel/framework/src/Illuminate/Database/MySqlConnection.php:45)
[stacktrace]
#0 C:/Users/PC/Documents/GitHub/Fawaz_ALharbi_test/backend-laravel/vendor/laravel/framework/src/Illuminate/Database/MySqlConnection.php(45): PDOStatement->execute()
#1 C:/Users/PC/Documents/GitHub/Fawaz_ALharbi_test/backend-laravel/vendor/laravel/framework/src/Illuminate/Database/Connection.php(816): Illuminate/Database/MySqlConnection->Illuminate/Database/{closure}('insert into `bo...', Array)
#2 C:/Users/PC/Documents/GitHub/Fawaz_ALharbi_test/backend-laravel/vendor/laravel/framework/src/Illuminate/Database/Connection.php(783): Illuminate/Database/Connection->runQueryCallback('insert into `bo...', Array, Object(Closure))
#3 C:/Users/PC/Documents/GitHub/Fawaz_ALharbi_test/backend-laravel/vendor/laravel/framework/src/Illuminate/Database/MySqlConnection.php(50): Illuminate/Database/Connection->run('insert into `bo...', Array, Object(Closure))
#4 C:/Users/PC/Documents/GitHub/Fawaz_ALharbi_test/backend-laravel/vendor/laravel/framework/src/Illuminate/Database/Query/Processors/MySqlProcessor.php(35): Illuminate/Database/MySqlConnection->insert('insert into `bo...', Array, NULL)
#5 C:/Users/PC/Documents/GitHub/Fawaz_ALharbi_test/backend-laravel/vendor/laravel/framework/src/Illuminate/Database/Query/Builder.php(3549): Illuminate/Database/Query/Processors/MySqlProcessor->processInsertGetId(Object(Illuminate/Database/Query/Builder), 'insert into `bo...', Array, NULL)
#6 C:/Users/PC/Documents/GitHub/Fawaz_ALharbi_test/backend-laravel/app/Http/Controllers/Api/BookingController.php(103): Illuminate/Database/Query/Builder->insertGetId(Array)
#7 C:/Users/PC/Documents/GitHub/Fawaz_ALharbi_test/backend-laravel/vendor/laravel/framework/src/Illuminate/Routing/Controller.php(54): App/Http/Controllers/Api/BookingController->store(Object(Illuminate/Http/Request))
#8 C:/Users/PC/Documents/GitHub/Fawaz_ALharbi_test/backend-laravel/vendor/laravel/framework/src/Illuminate/Routing/ControllerDispatcher.php(43): Illuminate/Routing/Controller->callAction('store', Array)
#9 C:/Users/PC/Documents/GitHub/Fawaz_ALharbi_test/backend-laravel/vendor/laravel/framework/src/Illuminate/Routing/Route.php(260): Illuminate/Routing/ControllerDispatcher->dispatch(Object(Illuminate/Routing/Route), Object(App/Http/Controllers/Api/BookingController), 'store')
#10 C:/Users/PC/Documents/GitHub/Fawaz_ALharbi_test/backend-laravel/vendor/laravel/framework/src/Illuminate/Routing/Route.php(205): Illuminate/Routing/Route->runController()
#11 C:/Users/PC/Documents/GitHub/Fawaz_ALharbi_test/backend-laravel/vendor/laravel/framework/src/Illuminate/Routing/Router.php(806): Illuminate/Routing/Route->run()
#12 C:/Users/PC/Documents/GitHub/Fawaz_ALharbi_test/backend-laravel/vendor/laravel/framework/src/Illuminate/Pipeline/Pipeline.php(144): Illuminate/Routing/Router->Illuminate/Routing/{closure}(Object(Illuminate/Http/Request))
#13 C:/Users/PC/Documents/GitHub/Fawaz_ALharbi_test/backend-laravel/vendor/laravel/framework/src/Illuminate/Routing/Middleware/SubstituteBindings.php(50): Illuminate/Pipeline/Pipeline->Illuminate/Pipeline/{closure}(Object(Illuminate/Http/Request))
#14 C:/Users/PC/Documents/GitHub/Fawaz_ALharbi_test/backend-laravel/vendor/laravel/framework/src/Illuminate/Pipeline/Pipeline.php(183): Illuminate/Routing/Middleware/SubstituteBindings->handle(Object(Illuminate/Http/Request), Object(Closure))
#15 C:/Users/PC/Documents/GitHub/Fawaz_ALharbi_test/backend-laravel/vendor/laravel/framework/src/Illuminate/Routing/Middleware/ThrottleRequests.php(159): Illuminate/Pipeline/Pipeline->Illuminate/Pipeline/{closure}(Object(Illuminate/Http/Request))
#16 C:/Users/PC/Documents/GitHub/Fawaz_ALharbi_test/backend-laravel/vendor/laravel/framework/src/Illuminate/Routing/Middleware/ThrottleRequests.php(135): Illuminate/Routing/Middleware/ThrottleRequests->handleRequest(Object(Illuminate/Http/Request), Object(Closure), Array)
#17 C:/Users/PC/Documents/GitHub/Fawaz_ALharbi_test/backend-laravel/vendor/laravel/framework/src/Illuminate/Routing/Middleware/ThrottleRequests.php(87): Illuminate/Routing/Middleware/ThrottleRequests->handleRequestUsingNamedLimiter(Object(Illuminate/Http/Request), Object(Closure), 'api', Object(Closure))
#18 C:/Users/PC/Documents/GitHub/Fawaz_ALharbi_test/backend-laravel/vendor/laravel/framework/src/Illuminate/Pipeline/Pipeline.php(183): Illuminate/Routing/Middleware/ThrottleRequests->handle(Object(Illuminate/Http/Request), Object(Closure), 'api')
#19 C:/Users/PC/Documents/GitHub/Fawaz_ALharbi_test/backend-laravel/vendor/laravel/framework/src/Illuminate/Auth/Middleware/Authenticate.php(57): Illuminate/Pipeline/Pipeline->Illuminate/Pipeline/{closure}(Object(Illuminate/Http/Request))
#20 C:/Users/PC/Documents/GitHub/Fawaz_ALharbi_test/backend-laravel/vendor/laravel/framework/src/Illuminate/Pipeline/Pipeline.php(183): Illuminate/Auth/Middleware/Authenticate->handle(Object(Illuminate/Http/Request), Object(Closure), 'sanctum')
#21 C:/Users/PC/Documents/GitHub/Fawaz_ALharbi_test/backend-laravel/vendor/laravel/framework/src/Illuminate/Pipeline/Pipeline.php(119): Illuminate/Pipeline/Pipeline->Illuminate/Pipeline/{closure}(Object(Illuminate/Http/Request))
#22 C:/Users/PC/Documents/GitHub/Fawaz_ALharbi_test/backend-laravel/vendor/laravel/framework/src/Illuminate/Routing/Router.php(807): Illuminate/Pipeline/Pipeline->then(Object(Closure))
#23 C:/Users/PC/Documents/GitHub/Fawaz_ALharbi_test/backend-laravel/vendor/laravel/framework/src/Illuminate/Routing/Router.php(784): Illuminate/Routing/Router->runRouteWithinStack(Object(Illuminate/Routing/Route), Object(Illuminate/Http/Request))
#24 C:/Users/PC/Documents/GitHub/Fawaz_ALharbi_test/backend-laravel/vendor/laravel/framework/src/Illuminate/Routing/Router.php(748): Illuminate/Routing/Router->runRoute(Object(Illuminate/Http/Request), Object(Illuminate/Routing/Route))
#25 C:/Users/PC/Documents/GitHub/Fawaz_ALharbi_test/backend-laravel/vendor/laravel/framework/src/Illuminate/Routing/Router.php(737): Illuminate/Routing/Router->dispatchToRoute(Object(Illuminate/Http/Request))
#26 C:/Users/PC/Documents/GitHub/Fawaz_ALharbi_test/backend-laravel/vendor/laravel/framework/src/Illuminate/Foundation/Http/Kernel.php(200): Illuminate/Routing/Router->dispatch(Object(Illuminate/Http/Request))
#27 C:/Users/PC/Documents/GitHub/Fawaz_ALharbi_test/backend-laravel/vendor/laravel/framework/src/Illuminate/Pipeline/Pipeline.php(144): Illuminate/Foundation/Http/Kernel->Illuminate/Foundation/Http/{closure}(Object(Illuminate/Http/Request))
#28 C:/Users/PC/Documents/GitHub/Fawaz_ALharbi_test/backend-laravel/vendor/laravel/framework/src/Illuminate/Foundation/Http/Middleware/TransformsRequest.php(21): Illuminate/Pipeline/Pipeline->Illuminate/Pipeline/{closure}(Object(Illuminate/Http/Request))
#29 C:/Users/PC/Documents/GitHub/Fawaz_ALharbi_test/backend-laravel/vendor/laravel/framework/src/Illuminate/Foundation/Http/Middleware/ConvertEmptyStringsToNull.php(31): Illuminate/Foundation/Http/Middleware/TransformsRequest->handle(Object(Illuminate/Http/Request), Object(Closure))
#30 C:/Users/PC/Documents/GitHub/Fawaz_ALharbi_test/backend-laravel/vendor/laravel/framework/src/Illuminate/Pipeline/Pipeline.php(183): Illuminate/Foundation/Http/Middleware/ConvertEmptyStringsToNull->handle(Object(Illuminate/Http/Request), Object(Closure))
#31 C:/Users/PC/Documents/GitHub/Fawaz_ALharbi_test/backend-laravel/vendor/laravel/framework/src/Illuminate/Foundation/Http/Middleware/TransformsRequest.php(21): Illuminate/Pipeline/Pipeline->Illuminate/Pipeline/{closure}(Object(Illuminate/Http/Request))
#32 C:/Users/PC/Documents/GitHub/Fawaz_ALharbi_test/backend-laravel/vendor/laravel/framework/src/Illuminate/Foundation/Http/Middleware/TrimStrings.php(40): Illuminate/Foundation/Http/Middleware/TransformsRequest->handle(Object(Illuminate/Http/Request), Object(Closure))
#33 C:/Users/PC/Documents/GitHub/Fawaz_ALharbi_test/backend-laravel/vendor/laravel/framework/src/Illuminate/Pipeline/Pipeline.php(183): Illuminate/Foundation/Http/Middleware/TrimStrings->handle(Object(Illuminate/Http/Request), Object(Closure))
#34 C:/Users/PC/Documents/GitHub/Fawaz_ALharbi_test/backend-laravel/vendor/laravel/framework/src/Illuminate/Foundation/Http/Middleware/ValidatePostSize.php(27): Illuminate/Pipeline/Pipeline->Illuminate/Pipeline/{closure}(Object(Illuminate/Http/Request))
#35 C:/Users/PC/Documents/GitHub/Fawaz_ALharbi_test/backend-laravel/vendor/laravel/framework/src/Illuminate/Pipeline/Pipeline.php(183): Illuminate/Foundation/Http/Middleware/ValidatePostSize->handle(Object(Illuminate/Http/Request), Object(Closure))
#36 C:/Users/PC/Documents/GitHub/Fawaz_ALharbi_test/backend-laravel/vendor/laravel/framework/src/Illuminate/Foundation/Http/Middleware/PreventRequestsDuringMaintenance.php(99): Illuminate/Pipeline/Pipeline->Illuminate/Pipeline/{closure}(Object(Illuminate/Http/Request))
#37 C:/Users/PC/Documents/GitHub/Fawaz_ALharbi_test/backend-laravel/vendor/laravel/framework/src/Illuminate/Pipeline/Pipeline.php(183): Illuminate/Foundation/Http/Middleware/PreventRequestsDuringMaintenance->handle(Object(Illuminate/Http/Request), Object(Closure))
#38 C:/Users/PC/Documents/GitHub/Fawaz_ALharbi_test/backend-laravel/vendor/laravel/framework/src/Illuminate/Http/Middleware/HandleCors.php(62): Illuminate/Pipeline/Pipeline->Illuminate/Pipeline/{closure}(Object(Illuminate/Http/Request))
#39 C:/Users/PC/Documents/GitHub/Fawaz_ALharbi_test/backend-laravel/vendor/laravel/framework/src/Illuminate/Pipeline/Pipeline.php(183): Illuminate/Http/Middleware/HandleCors->handle(Object(Illuminate/Http/Request), Object(Closure))
#40 C:/Users/PC/Documents/GitHub/Fawaz_ALharbi_test/backend-laravel/vendor/laravel/framework/src/Illuminate/Http/Middleware/TrustProxies.php(39): Illuminate/Pipeline/Pipeline->Illuminate/Pipeline/{closure}(Object(Illuminate/Http/Request))
#41 C:/Users/PC/Documents/GitHub/Fawaz_ALharbi_test/backend-laravel/vendor/laravel/framework/src/Illuminate/Pipeline/Pipeline.php(183): Illuminate/Http/Middleware/TrustProxies->handle(Object(Illuminate/Http/Request), Object(Closure))
#42 C:/Users/PC/Documents/GitHub/Fawaz_ALharbi_test/backend-laravel/vendor/laravel/framework/src/Illuminate/Pipeline/Pipeline.php(119): Illuminate/Pipeline/Pipeline->Illuminate/Pipeline/{closure}(Object(Illuminate/Http/Request))
#43 C:/Users/PC/Documents/GitHub/Fawaz_ALharbi_test/backend-laravel/vendor/laravel/framework/src/Illuminate/Foundation/Http/Kernel.php(175): Illuminate/Pipeline/Pipeline->then(Object(Closure))
#44 C:/Users/PC/Documents/GitHub/Fawaz_ALharbi_test/backend-laravel/vendor/laravel/framework/src/Illuminate/Foundation/Http/Kernel.php(144): Illuminate/Foundation/Http/Kernel->sendRequestThroughRouter(Object(Illuminate/Http/Request))
#45 C:/Users/PC/Documents/GitHub/Fawaz_ALharbi_test/backend-laravel/public/index.php(52): Illuminate/Foundation/Http/Kernel->handle(Object(Illuminate/Http/Request))
#46 C:/Users/PC/Documents/GitHub/Fawaz_ALharbi_test/backend-laravel/vendor/laravel/framework/src/Illuminate/Foundation/resources/server.php(16): require_once('C://Users//PC//Doc...')
#47 {main}
"} 
[2026-08-14 13:43:49] local.ERROR: SQLSTATE[01000]: Warning: 1265 Data truncated for column 'payment_status' at row 1 (Connection: mysql, SQL: insert into `bookings` (`tenant_id`, `customer_id`, `merchant_id`, `service_id`, `client`, `merchant`, `service`, `scheduled_at`, `duration_minutes`, `base_price`, `discount_amount`, `tax_amount`, `total_price`, `payment_status`, `payment_method`, `status`, `customer_notes`, `created_at`, `updated_at`) values (1, 1, 1, 1, FAWAZ, Kuhic, Mertz and Schuppe, Networked coherent intranet, 2026-08-15 10:00:00, 60, 182, 0, 27.3, 182, paid, card, confirmed, ?, 2026-08-14 13:43:49, 2026-08-14 13:43:49)) {"userId":2,"exception":"[object] (Illuminate\\Database\\QueryException(code: 01000): SQLSTATE[01000]: Warning: 1265 Data truncated for column 'payment_status' at row 1 (Connection: mysql, SQL: insert into `bookings` (`tenant_id`, `customer_id`, `merchant_id`, `service_id`, `client`, `merchant`, `service`, `scheduled_at`, `duration_minutes`, `base_price`, `discount_amount`, `tax_amount`, `total_price`, `payment_status`, `payment_method`, `status`, `customer_notes`, `created_at`, `updated_at`) values (1, 1, 1, 1, FAWAZ, Kuhic, Mertz and Schuppe, Networked coherent intranet, 2026-08-15 10:00:00, 60, 182, 0, 27.3, 182, paid, card, confirmed, ?, 2026-08-14 13:43:49, 2026-08-14 13:43:49)) at C:/Users/PC/Documents/GitHub/Fawaz_ALharbi_test/backend-laravel/vendor/laravel/framework/src/Illuminate/Database/Connection.php:829)
[stacktrace]
#0 C:/Users/PC/Documents/GitHub/Fawaz_ALharbi_test/backend-laravel/vendor/laravel/framework/src/Illuminate/Database/Connection.php(783): Illuminate/Database/Connection->runQueryCallback('insert into `bo...', Array, Object(Closure))
#1 C:/Users/PC/Documents/GitHub/Fawaz_ALharbi_test/backend-laravel/vendor/laravel/framework/src/Illuminate/Database/MySqlConnection.php(50): Illuminate/Database/Connection->run('insert into `bo...', Array, Object(Closure))
#2 C:/Users/PC/Documents/GitHub/Fawaz_ALharbi_test/backend-laravel/vendor/laravel/framework/src/Illuminate/Database/Query/Processors/MySqlProcessor.php(35): Illuminate/Database/MySqlConnection->insert('insert into `bo...', Array, NULL)
#3 C:/Users/PC/Documents/GitHub/Fawaz_ALharbi_test/backend-laravel/vendor/laravel/framework/src/Illuminate/Database/Query/Builder.php(3549): Illuminate/Database/Query/Processors/MySqlProcessor->processInsertGetId(Object(Illuminate/Database/Query/Builder), 'insert into `bo...', Array, NULL)
#4 C:/Users/PC/Documents/GitHub/Fawaz_ALharbi_test/backend-laravel/app/Http/Controllers/Api/BookingController.php(103): Illuminate/Database/Query/Builder->insertGetId(Array)
#5 C:/Users/PC/Documents/GitHub/Fawaz_ALharbi_test/backend-laravel/vendor/laravel/framework/src/Illuminate/Routing/Controller.php(54): App/Http/Controllers/Api/BookingController->store(Object(Illuminate/Http/Request))
#6 C:/Users/PC/Documents/GitHub/Fawaz_ALharbi_test/backend-laravel/vendor/laravel/framework/src/Illuminate/Routing/ControllerDispatcher.php(43): Illuminate/Routing/Controller->callAction('store', Array)
#7 C:/Users/PC/Documents/GitHub/Fawaz_ALharbi_test/backend-laravel/vendor/laravel/framework/src/Illuminate/Routing/Route.php(260): Illuminate/Routing/ControllerDispatcher->dispatch(Object(Illuminate/Routing/Route), Object(App/Http/Controllers/Api/BookingController), 'store')
#8 C:/Users/PC/Documents/GitHub/Fawaz_ALharbi_test/backend-laravel/vendor/laravel/framework/src/Illuminate/Routing/Route.php(205): Illuminate/Routing/Route->runController()
#9 C:/Users/PC/Documents/GitHub/Fawaz_ALharbi_test/backend-laravel/vendor/laravel/framework/src/Illuminate/Routing/Router.php(806): Illuminate/Routing/Route->run()
#10 C:/Users/PC/Documents/GitHub/Fawaz_ALharbi_test/backend-laravel/vendor/laravel/framework/src/Illuminate/Pipeline/Pipeline.php(144): Illuminate/Routing/Router->Illuminate/Routing/{closure}(Object(Illuminate/Http/Request))
#11 C:/Users/PC/Documents/GitHub/Fawaz_ALharbi_test/backend-laravel/vendor/laravel/framework/src/Illuminate/Routing/Middleware/SubstituteBindings.php(50): Illuminate/Pipeline/Pipeline->Illuminate/Pipeline/{closure}(Object(Illuminate/Http/Request))
#12 C:/Users/PC/Documents/GitHub/Fawaz_ALharbi_test/backend-laravel/vendor/laravel/framework/src/Illuminate/Pipeline/Pipeline.php(183): Illuminate/Routing/Middleware/SubstituteBindings->handle(Object(Illuminate/Http/Request), Object(Closure))
#13 C:/Users/PC/Documents/GitHub/Fawaz_ALharbi_test/backend-laravel/vendor/laravel/framework/src/Illuminate/Routing/Middleware/ThrottleRequests.php(159): Illuminate/Pipeline/Pipeline->Illuminate/Pipeline/{closure}(Object(Illuminate/Http/Request))
#14 C:/Users/PC/Documents/GitHub/Fawaz_ALharbi_test/backend-laravel/vendor/laravel/framework/src/Illuminate/Routing/Middleware/ThrottleRequests.php(135): Illuminate/Routing/Middleware/ThrottleRequests->handleRequest(Object(Illuminate/Http/Request), Object(Closure), Array)
#15 C:/Users/PC/Documents/GitHub/Fawaz_ALharbi_test/backend-laravel/vendor/laravel/framework/src/Illuminate/Routing/Middleware/ThrottleRequests.php(87): Illuminate/Routing/Middleware/ThrottleRequests->handleRequestUsingNamedLimiter(Object(Illuminate/Http/Request), Object(Closure), 'api', Object(Closure))
#16 C:/Users/PC/Documents/GitHub/Fawaz_ALharbi_test/backend-laravel/vendor/laravel/framework/src/Illuminate/Pipeline/Pipeline.php(183): Illuminate/Routing/Middleware/ThrottleRequests->handle(Object(Illuminate/Http/Request), Object(Closure), 'api')
#17 C:/Users/PC/Documents/GitHub/Fawaz_ALharbi_test/backend-laravel/vendor/laravel/framework/src/Illuminate/Auth/Middleware/Authenticate.php(57): Illuminate/Pipeline/Pipeline->Illuminate/Pipeline/{closure}(Object(Illuminate/Http/Request))
#18 C:/Users/PC/Documents/GitHub/Fawaz_ALharbi_test/backend-laravel/vendor/laravel/framework/src/Illuminate/Pipeline/Pipeline.php(183): Illuminate/Auth/Middleware/Authenticate->handle(Object(Illuminate/Http/Request), Object(Closure), 'sanctum')
#19 C:/Users/PC/Documents/GitHub/Fawaz_ALharbi_test/backend-laravel/vendor/laravel/framework/src/Illuminate/Pipeline/Pipeline.php(119): Illuminate/Pipeline/Pipeline->Illuminate/Pipeline/{closure}(Object(Illuminate/Http/Request))
#20 C:/Users/PC/Documents/GitHub/Fawaz_ALharbi_test/backend-laravel/vendor/laravel/framework/src/Illuminate/Routing/Router.php(807): Illuminate/Pipeline/Pipeline->then(Object(Closure))
#21 C:/Users/PC/Documents/GitHub/Fawaz_ALharbi_test/backend-laravel/vendor/laravel/framework/src/Illuminate/Routing/Router.php(784): Illuminate/Routing/Router->runRouteWithinStack(Object(Illuminate/Routing/Route), Object(Illuminate/Http/Request))
#22 C:/Users/PC/Documents/GitHub/Fawaz_ALharbi_test/backend-laravel/vendor/laravel/framework/src/Illuminate/Routing/Router.php(748): Illuminate/Routing/Router->runRoute(Object(Illuminate/Http/Request), Object(Illuminate/Routing/Route))
#23 C:/Users/PC/Documents/GitHub/Fawaz_ALharbi_test/backend-laravel/vendor/laravel/framework/src/Illuminate/Routing/Router.php(737): Illuminate/Routing/Router->dispatchToRoute(Object(Illuminate/Http/Request))
#24 C:/Users/PC/Documents/GitHub/Fawaz_ALharbi_test/backend-laravel/vendor/laravel/framework/src/Illuminate/Foundation/Http/Kernel.php(200): Illuminate/Routing/Router->dispatch(Object(Illuminate/Http/Request))
#25 C:/Users/PC/Documents/GitHub/Fawaz_ALharbi_test/backend-laravel/vendor/laravel/framework/src/Illuminate/Pipeline/Pipeline.php(144): Illuminate/Foundation/Http/Kernel->Illuminate/Foundation/Http/{closure}(Object(Illuminate/Http/Request))
#26 C:/Users/PC/Documents/GitHub/Fawaz_ALharbi_test/backend-laravel/vendor/laravel/framework/src/Illuminate/Foundation/Http/Middleware/TransformsRequest.php(21): Illuminate/Pipeline/Pipeline->Illuminate/Pipeline/{closure}(Object(Illuminate/Http/Request))
#27 C:/Users/PC/Documents/GitHub/Fawaz_ALharbi_test/backend-laravel/vendor/laravel/framework/src/Illuminate/Foundation/Http/Middleware/ConvertEmptyStringsToNull.php(31): Illuminate/Foundation/Http/Middleware/TransformsRequest->handle(Object(Illuminate/Http/Request), Object(Closure))
#28 C:/Users/PC/Documents/GitHub/Fawaz_ALharbi_test/backend-laravel/vendor/laravel/framework/src/Illuminate/Pipeline/Pipeline.php(183): Illuminate/Foundation/Http/Middleware/ConvertEmptyStringsToNull->handle(Object(Illuminate/Http/Request), Object(Closure))
#29 C:/Users/PC/Documents/GitHub/Fawaz_ALharbi_test/backend-laravel/vendor/laravel/framework/src/Illuminate/Foundation/Http/Middleware/TransformsRequest.php(21): Illuminate/Pipeline/Pipeline->Illuminate/Pipeline/{closure}(Object(Illuminate/Http/Request))
#30 C:/Users/PC/Documents/GitHub/Fawaz_ALharbi_test/backend-laravel/vendor/laravel/framework/src/Illuminate/Foundation/Http/Middleware/TrimStrings.php(40): Illuminate/Foundation/Http/Middleware/TransformsRequest->handle(Object(Illuminate/Http/Request), Object(Closure))
#31 C:/Users/PC/Documents/GitHub/Fawaz_ALharbi_test/backend-laravel/vendor/laravel/framework/src/Illuminate/Pipeline/Pipeline.php(183): Illuminate/Foundation/Http/Middleware/TrimStrings->handle(Object(Illuminate/Http/Request), Object(Closure))
#32 C:/Users/PC/Documents/GitHub/Fawaz_ALharbi_test/backend-laravel/vendor/laravel/framework/src/Illuminate/Foundation/Http/Middleware/ValidatePostSize.php(27): Illuminate/Pipeline/Pipeline->Illuminate/Pipeline/{closure}(Object(Illuminate/Http/Request))
#33 C:/Users/PC/Documents/GitHub/Fawaz_ALharbi_test/backend-laravel/vendor/laravel/framework/src/Illuminate/Pipeline/Pipeline.php(183): Illuminate/Foundation/Http/Middleware/ValidatePostSize->handle(Object(Illuminate/Http/Request), Object(Closure))
#34 C:/Users/PC/Documents/GitHub/Fawaz_ALharbi_test/backend-laravel/vendor/laravel/framework/src/Illuminate/Foundation/Http/Middleware/PreventRequestsDuringMaintenance.php(99): Illuminate/Pipeline/Pipeline->Illuminate/Pipeline/{closure}(Object(Illuminate/Http/Request))
#35 C:/Users/PC/Documents/GitHub/Fawaz_ALharbi_test/backend-laravel/vendor/laravel/framework/src/Illuminate/Pipeline/Pipeline.php(183): Illuminate/Foundation/Http/Middleware/PreventRequestsDuringMaintenance->handle(Object(Illuminate/Http/Request), Object(Closure))
#36 C:/Users/PC/Documents/GitHub/Fawaz_ALharbi_test/backend-laravel/vendor/laravel/framework/src/Illuminate/Http/Middleware/HandleCors.php(62): Illuminate/Pipeline/Pipeline->Illuminate/Pipeline/{closure}(Object(Illuminate/Http/Request))
#37 C:/Users/PC/Documents/GitHub/Fawaz_ALharbi_test/backend-laravel/vendor/laravel/framework/src/Illuminate/Pipeline/Pipeline.php(183): Illuminate/Http/Middleware/HandleCors->handle(Object(Illuminate/Http/Request), Object(Closure))
#38 C:/Users/PC/Documents/GitHub/Fawaz_ALharbi_test/backend-laravel/vendor/laravel/framework/src/Illuminate/Http/Middleware/TrustProxies.php(39): Illuminate/Pipeline/Pipeline->Illuminate/Pipeline/{closure}(Object(Illuminate/Http/Request))
#39 C:/Users/PC/Documents/GitHub/Fawaz_ALharbi_test/backend-laravel/vendor/laravel/framework/src/Illuminate/Pipeline/Pipeline.php(183): Illuminate/Http/Middleware/TrustProxies->handle(Object(Illuminate/Http/Request), Object(Closure))
#40 C:/Users/PC/Documents/GitHub/Fawaz_ALharbi_test/backend-laravel/vendor/laravel/framework/src/Illuminate/Pipeline/Pipeline.php(119): Illuminate/Pipeline/Pipeline->Illuminate/Pipeline/{closure}(Object(Illuminate/Http/Request))
#41 C:/Users/PC/Documents/GitHub/Fawaz_ALharbi_test/backend-laravel/vendor/laravel/framework/src/Illuminate/Foundation/Http/Kernel.php(175): Illuminate/Pipeline/Pipeline->then(Object(Closure))
#42 C:/Users/PC/Documents/GitHub/Fawaz_ALharbi_test/backend-laravel/vendor/laravel/framework/src/Illuminate/Foundation/Http/Kernel.php(144): Illuminate/Foundation/Http/Kernel->sendRequestThroughRouter(Object(Illuminate/Http/Request))
#43 C:/Users/PC/Documents/GitHub/Fawaz_ALharbi_test/backend-laravel/public/index.php(52): Illuminate/Foundation/Http/Kernel->handle(Object(Illuminate/Http/Request))
#44 C:/Users/PC/Documents/GitHub/Fawaz_ALharbi_test/backend-laravel/vendor/laravel/framework/src/Illuminate/Foundation/resources/server.php(16): require_once('C://Users//PC//Doc...')
#45 {main}

[previous exception] [object] (PDOException(code: 01000): SQLSTATE[01000]: Warning: 1265 Data truncated for column 'payment_status' at row 1 at C:/Users/PC/Documents/GitHub/Fawaz_ALharbi_test/backend-laravel/vendor/laravel/framework/src/Illuminate/Database/MySqlConnection.php:45)
[stacktrace]
#0 C:/Users/PC/Documents/GitHub/Fawaz_ALharbi_test/backend-laravel/vendor/laravel/framework/src/Illuminate/Database/MySqlConnection.php(45): PDOStatement->execute()
#1 C:/Users/PC/Documents/GitHub/Fawaz_ALharbi_test/backend-laravel/vendor/laravel/framework/src/Illuminate/Database/Connection.php(816): Illuminate/Database/MySqlConnection->Illuminate/Database/{closure}('insert into `bo...', Array)
#2 C:/Users/PC/Documents/GitHub/Fawaz_ALharbi_test/backend-laravel/vendor/laravel/framework/src/Illuminate/Database/Connection.php(783): Illuminate/Database/Connection->runQueryCallback('insert into `bo...', Array, Object(Closure))
#3 C:/Users/PC/Documents/GitHub/Fawaz_ALharbi_test/backend-laravel/vendor/laravel/framework/src/Illuminate/Database/MySqlConnection.php(50): Illuminate/Database/Connection->run('insert into `bo...', Array, Object(Closure))
#4 C:/Users/PC/Documents/GitHub/Fawaz_ALharbi_test/backend-laravel/vendor/laravel/framework/src/Illuminate/Database/Query/Processors/MySqlProcessor.php(35): Illuminate/Database/MySqlConnection->insert('insert into `bo...', Array, NULL)
#5 C:/Users/PC/Documents/GitHub/Fawaz_ALharbi_test/backend-laravel/vendor/laravel/framework/src/Illuminate/Database/Query/Builder.php(3549): Illuminate/Database/Query/Processors/MySqlProcessor->processInsertGetId(Object(Illuminate/Database/Query/Builder), 'insert into `bo...', Array, NULL)
#6 C:/Users/PC/Documents/GitHub/Fawaz_ALharbi_test/backend-laravel/app/Http/Controllers/Api/BookingController.php(103): Illuminate/Database/Query/Builder->insertGetId(Array)
#7 C:/Users/PC/Documents/GitHub/Fawaz_ALharbi_test/backend-laravel/vendor/laravel/framework/src/Illuminate/Routing/Controller.php(54): App/Http/Controllers/Api/BookingController->store(Object(Illuminate/Http/Request))
#8 C:/Users/PC/Documents/GitHub/Fawaz_ALharbi_test/backend-laravel/vendor/laravel/framework/src/Illuminate/Routing/ControllerDispatcher.php(43): Illuminate/Routing/Controller->callAction('store', Array)
#9 C:/Users/PC/Documents/GitHub/Fawaz_ALharbi_test/backend-laravel/vendor/laravel/framework/src/Illuminate/Routing/Route.php(260): Illuminate/Routing/ControllerDispatcher->dispatch(Object(Illuminate/Routing/Route), Object(App/Http/Controllers/Api/BookingController), 'store')
#10 C:/Users/PC/Documents/GitHub/Fawaz_ALharbi_test/backend-laravel/vendor/laravel/framework/src/Illuminate/Routing/Route.php(205): Illuminate/Routing/Route->runController()
#11 C:/Users/PC/Documents/GitHub/Fawaz_ALharbi_test/backend-laravel/vendor/laravel/framework/src/Illuminate/Routing/Router.php(806): Illuminate/Routing/Route->run()
#12 C:/Users/PC/Documents/GitHub/Fawaz_ALharbi_test/backend-laravel/vendor/laravel/framework/src/Illuminate/Pipeline/Pipeline.php(144): Illuminate/Routing/Router->Illuminate/Routing/{closure}(Object(Illuminate/Http/Request))
#13 C:/Users/PC/Documents/GitHub/Fawaz_ALharbi_test/backend-laravel/vendor/laravel/framework/src/Illuminate/Routing/Middleware/SubstituteBindings.php(50): Illuminate/Pipeline/Pipeline->Illuminate/Pipeline/{closure}(Object(Illuminate/Http/Request))
#14 C:/Users/PC/Documents/GitHub/Fawaz_ALharbi_test/backend-laravel/vendor/laravel/framework/src/Illuminate/Pipeline/Pipeline.php(183): Illuminate/Routing/Middleware/SubstituteBindings->handle(Object(Illuminate/Http/Request), Object(Closure))
#15 C:/Users/PC/Documents/GitHub/Fawaz_ALharbi_test/backend-laravel/vendor/laravel/framework/src/Illuminate/Routing/Middleware/ThrottleRequests.php(159): Illuminate/Pipeline/Pipeline->Illuminate/Pipeline/{closure}(Object(Illuminate/Http/Request))
#16 C:/Users/PC/Documents/GitHub/Fawaz_ALharbi_test/backend-laravel/vendor/laravel/framework/src/Illuminate/Routing/Middleware/ThrottleRequests.php(135): Illuminate/Routing/Middleware/ThrottleRequests->handleRequest(Object(Illuminate/Http/Request), Object(Closure), Array)
#17 C:/Users/PC/Documents/GitHub/Fawaz_ALharbi_test/backend-laravel/vendor/laravel/framework/src/Illuminate/Routing/Middleware/ThrottleRequests.php(87): Illuminate/Routing/Middleware/ThrottleRequests->handleRequestUsingNamedLimiter(Object(Illuminate/Http/Request), Object(Closure), 'api', Object(Closure))
#18 C:/Users/PC/Documents/GitHub/Fawaz_ALharbi_test/backend-laravel/vendor/laravel/framework/src/Illuminate/Pipeline/Pipeline.php(183): Illuminate/Routing/Middleware/ThrottleRequests->handle(Object(Illuminate/Http/Request), Object(Closure), 'api')
#19 C:/Users/PC/Documents/GitHub/Fawaz_ALharbi_test/backend-laravel/vendor/laravel/framework/src/Illuminate/Auth/Middleware/Authenticate.php(57): Illuminate/Pipeline/Pipeline->Illuminate/Pipeline/{closure}(Object(Illuminate/Http/Request))
#20 C:/Users/PC/Documents/GitHub/Fawaz_ALharbi_test/backend-laravel/vendor/laravel/framework/src/Illuminate/Pipeline/Pipeline.php(183): Illuminate/Auth/Middleware/Authenticate->handle(Object(Illuminate/Http/Request), Object(Closure), 'sanctum')
#21 C:/Users/PC/Documents/GitHub/Fawaz_ALharbi_test/backend-laravel/vendor/laravel/framework/src/Illuminate/Pipeline/Pipeline.php(119): Illuminate/Pipeline/Pipeline->Illuminate/Pipeline/{closure}(Object(Illuminate/Http/Request))
#22 C:/Users/PC/Documents/GitHub/Fawaz_ALharbi_test/backend-laravel/vendor/laravel/framework/src/Illuminate/Routing/Router.php(807): Illuminate/Pipeline/Pipeline->then(Object(Closure))
#23 C:/Users/PC/Documents/GitHub/Fawaz_ALharbi_test/backend-laravel/vendor/laravel/framework/src/Illuminate/Routing/Router.php(784): Illuminate/Routing/Router->runRouteWithinStack(Object(Illuminate/Routing/Route), Object(Illuminate/Http/Request))
#24 C:/Users/PC/Documents/GitHub/Fawaz_ALharbi_test/backend-laravel/vendor/laravel/framework/src/Illuminate/Routing/Router.php(748): Illuminate/Routing/Router->runRoute(Object(Illuminate/Http/Request), Object(Illuminate/Routing/Route))
#25 C:/Users/PC/Documents/GitHub/Fawaz_ALharbi_test/backend-laravel/vendor/laravel/framework/src/Illuminate/Routing/Router.php(737): Illuminate/Routing/Router->dispatchToRoute(Object(Illuminate/Http/Request))
#26 C:/Users/PC/Documents/GitHub/Fawaz_ALharbi_test/backend-laravel/vendor/laravel/framework/src/Illuminate/Foundation/Http/Kernel.php(200): Illuminate/Routing/Router->dispatch(Object(Illuminate/Http/Request))
#27 C:/Users/PC/Documents/GitHub/Fawaz_ALharbi_test/backend-laravel/vendor/laravel/framework/src/Illuminate/Pipeline/Pipeline.php(144): Illuminate/Foundation/Http/Kernel->Illuminate/Foundation/Http/{closure}(Object(Illuminate/Http/Request))
#28 C:/Users/PC/Documents/GitHub/Fawaz_ALharbi_test/backend-laravel/vendor/laravel/framework/src/Illuminate/Foundation/Http/Middleware/TransformsRequest.php(21): Illuminate/Pipeline/Pipeline->Illuminate/Pipeline/{closure}(Object(Illuminate/Http/Request))
#29 C:/Users/PC/Documents/GitHub/Fawaz_ALharbi_test/backend-laravel/vendor/laravel/framework/src/Illuminate/Foundation/Http/Middleware/ConvertEmptyStringsToNull.php(31): Illuminate/Foundation/Http/Middleware/TransformsRequest->handle(Object(Illuminate/Http/Request), Object(Closure))
#30 C:/Users/PC/Documents/GitHub/Fawaz_ALharbi_test/backend-laravel/vendor/laravel/framework/src/Illuminate/Pipeline/Pipeline.php(183): Illuminate/Foundation/Http/Middleware/ConvertEmptyStringsToNull->handle(Object(Illuminate/Http/Request), Object(Closure))
#31 C:/Users/PC/Documents/GitHub/Fawaz_ALharbi_test/backend-laravel/vendor/laravel/framework/src/Illuminate/Foundation/Http/Middleware/TransformsRequest.php(21): Illuminate/Pipeline/Pipeline->Illuminate/Pipeline/{closure}(Object(Illuminate/Http/Request))
#32 C:/Users/PC/Documents/GitHub/Fawaz_ALharbi_test/backend-laravel/vendor/laravel/framework/src/Illuminate/Foundation/Http/Middleware/TrimStrings.php(40): Illuminate/Foundation/Http/Middleware/TransformsRequest->handle(Object(Illuminate/Http/Request), Object(Closure))
#33 C:/Users/PC/Documents/GitHub/Fawaz_ALharbi_test/backend-laravel/vendor/laravel/framework/src/Illuminate/Pipeline/Pipeline.php(183): Illuminate/Foundation/Http/Middleware/TrimStrings->handle(Object(Illuminate/Http/Request), Object(Closure))
#34 C:/Users/PC/Documents/GitHub/Fawaz_ALharbi_test/backend-laravel/vendor/laravel/framework/src/Illuminate/Foundation/Http/Middleware/ValidatePostSize.php(27): Illuminate/Pipeline/Pipeline->Illuminate/Pipeline/{closure}(Object(Illuminate/Http/Request))
#35 C:/Users/PC/Documents/GitHub/Fawaz_ALharbi_test/backend-laravel/vendor/laravel/framework/src/Illuminate/Pipeline/Pipeline.php(183): Illuminate/Foundation/Http/Middleware/ValidatePostSize->handle(Object(Illuminate/Http/Request), Object(Closure))
#36 C:/Users/PC/Documents/GitHub/Fawaz_ALharbi_test/backend-laravel/vendor/laravel/framework/src/Illuminate/Foundation/Http/Middleware/PreventRequestsDuringMaintenance.php(99): Illuminate/Pipeline/Pipeline->Illuminate/Pipeline/{closure}(Object(Illuminate/Http/Request))
#37 C:/Users/PC/Documents/GitHub/Fawaz_ALharbi_test/backend-laravel/vendor/laravel/framework/src/Illuminate/Pipeline/Pipeline.php(183): Illuminate/Foundation/Http/Middleware/PreventRequestsDuringMaintenance->handle(Object(Illuminate/Http/Request), Object(Closure))
#38 C:/Users/PC/Documents/GitHub/Fawaz_ALharbi_test/backend-laravel/vendor/laravel/framework/src/Illuminate/Http/Middleware/HandleCors.php(62): Illuminate/Pipeline/Pipeline->Illuminate/Pipeline/{closure}(Object(Illuminate/Http/Request))
#39 C:/Users/PC/Documents/GitHub/Fawaz_ALharbi_test/backend-laravel/vendor/laravel/framework/src/Illuminate/Pipeline/Pipeline.php(183): Illuminate/Http/Middleware/HandleCors->handle(Object(Illuminate/Http/Request), Object(Closure))
#40 C:/Users/PC/Documents/GitHub/Fawaz_ALharbi_test/backend-laravel/vendor/laravel/framework/src/Illuminate/Http/Middleware/TrustProxies.php(39): Illuminate/Pipeline/Pipeline->Illuminate/Pipeline/{closure}(Object(Illuminate/Http/Request))
#41 C:/Users/PC/Documents/GitHub/Fawaz_ALharbi_test/backend-laravel/vendor/laravel/framework/src/Illuminate/Pipeline/Pipeline.php(183): Illuminate/Http/Middleware/TrustProxies->handle(Object(Illuminate/Http/Request), Object(Closure))
#42 C:/Users/PC/Documents/GitHub/Fawaz_ALharbi_test/backend-laravel/vendor/laravel/framework/src/Illuminate/Pipeline/Pipeline.php(119): Illuminate/Pipeline/Pipeline->Illuminate/Pipeline/{closure}(Object(Illuminate/Http/Request))
#43 C:/Users/PC/Documents/GitHub/Fawaz_ALharbi_test/backend-laravel/vendor/laravel/framework/src/Illuminate/Foundation/Http/Kernel.php(175): Illuminate/Pipeline/Pipeline->then(Object(Closure))
#44 C:/Users/PC/Documents/GitHub/Fawaz_ALharbi_test/backend-laravel/vendor/laravel/framework/src/Illuminate/Foundation/Http/Kernel.php(144): Illuminate/Foundation/Http/Kernel->sendRequestThroughRouter(Object(Illuminate/Http/Request))
#45 C:/Users/PC/Documents/GitHub/Fawaz_ALharbi_test/backend-laravel/public/index.php(52): Illuminate/Foundation/Http/Kernel->handle(Object(Illuminate/Http/Request))
#46 C:/Users/PC/Documents/GitHub/Fawaz_ALharbi_test/backend-laravel/vendor/laravel/framework/src/Illuminate/Foundation/resources/server.php(16): require_once('C://Users//PC//Doc...')
#47 {main}
"} 
[2026-08-14 13:43:52] local.ERROR: SQLSTATE[01000]: Warning: 1265 Data truncated for column 'payment_status' at row 1 (Connection: mysql, SQL: insert into `bookings` (`tenant_id`, `customer_id`, `merchant_id`, `service_id`, `client`, `merchant`, `service`, `scheduled_at`, `duration_minutes`, `base_price`, `discount_amount`, `tax_amount`, `total_price`, `payment_status`, `payment_method`, `status`, `customer_notes`, `created_at`, `updated_at`) values (1, 1, 1, 1, FAWAZ, Wolff and Sons, Networked coherent intranet, 2026-08-15 10:00:00, 60, 182, 0, 27.3, 182, paid, card, confirmed, ?, 2026-08-14 13:43:52, 2026-08-14 13:43:52)) {"userId":2,"exception":"[object] (Illuminate\\Database\\QueryException(code: 01000): SQLSTATE[01000]: Warning: 1265 Data truncated for column 'payment_status' at row 1 (Connection: mysql, SQL: insert into `bookings` (`tenant_id`, `customer_id`, `merchant_id`, `service_id`, `client`, `merchant`, `service`, `scheduled_at`, `duration_minutes`, `base_price`, `discount_amount`, `tax_amount`, `total_price`, `payment_status`, `payment_method`, `status`, `customer_notes`, `created_at`, `updated_at`) values (1, 1, 1, 1, FAWAZ, Wolff and Sons, Networked coherent intranet, 2026-08-15 10:00:00, 60, 182, 0, 27.3, 182, paid, card, confirmed, ?, 2026-08-14 13:43:52, 2026-08-14 13:43:52)) at C:/Users/PC/Documents/GitHub/Fawaz_ALharbi_test/backend-laravel/vendor/laravel/framework/src/Illuminate/Database/Connection.php:829)
[stacktrace]
#0 C:/Users/PC/Documents/GitHub/Fawaz_ALharbi_test/backend-laravel/vendor/laravel/framework/src/Illuminate/Database/Connection.php(783): Illuminate/Database/Connection->runQueryCallback('insert into `bo...', Array, Object(Closure))
#1 C:/Users/PC/Documents/GitHub/Fawaz_ALharbi_test/backend-laravel/vendor/laravel/framework/src/Illuminate/Database/MySqlConnection.php(50): Illuminate/Database/Connection->run('insert into `bo...', Array, Object(Closure))
#2 C:/Users/PC/Documents/GitHub/Fawaz_ALharbi_test/backend-laravel/vendor/laravel/framework/src/Illuminate/Database/Query/Processors/MySqlProcessor.php(35): Illuminate/Database/MySqlConnection->insert('insert into `bo...', Array, NULL)
#3 C:/Users/PC/Documents/GitHub/Fawaz_ALharbi_test/backend-laravel/vendor/laravel/framework/src/Illuminate/Database/Query/Builder.php(3549): Illuminate/Database/Query/Processors/MySqlProcessor->processInsertGetId(Object(Illuminate/Database/Query/Builder), 'insert into `bo...', Array, NULL)
#4 C:/Users/PC/Documents/GitHub/Fawaz_ALharbi_test/backend-laravel/app/Http/Controllers/Api/BookingController.php(103): Illuminate/Database/Query/Builder->insertGetId(Array)
#5 C:/Users/PC/Documents/GitHub/Fawaz_ALharbi_test/backend-laravel/vendor/laravel/framework/src/Illuminate/Routing/Controller.php(54): App/Http/Controllers/Api/BookingController->store(Object(Illuminate/Http/Request))
#6 C:/Users/PC/Documents/GitHub/Fawaz_ALharbi_test/backend-laravel/vendor/laravel/framework/src/Illuminate/Routing/ControllerDispatcher.php(43): Illuminate/Routing/Controller->callAction('store', Array)
#7 C:/Users/PC/Documents/GitHub/Fawaz_ALharbi_test/backend-laravel/vendor/laravel/framework/src/Illuminate/Routing/Route.php(260): Illuminate/Routing/ControllerDispatcher->dispatch(Object(Illuminate/Routing/Route), Object(App/Http/Controllers/Api/BookingController), 'store')
#8 C:/Users/PC/Documents/GitHub/Fawaz_ALharbi_test/backend-laravel/vendor/laravel/framework/src/Illuminate/Routing/Route.php(205): Illuminate/Routing/Route->runController()
#9 C:/Users/PC/Documents/GitHub/Fawaz_ALharbi_test/backend-laravel/vendor/laravel/framework/src/Illuminate/Routing/Router.php(806): Illuminate/Routing/Route->run()
#10 C:/Users/PC/Documents/GitHub/Fawaz_ALharbi_test/backend-laravel/vendor/laravel/framework/src/Illuminate/Pipeline/Pipeline.php(144): Illuminate/Routing/Router->Illuminate/Routing/{closure}(Object(Illuminate/Http/Request))
#11 C:/Users/PC/Documents/GitHub/Fawaz_ALharbi_test/backend-laravel/vendor/laravel/framework/src/Illuminate/Routing/Middleware/SubstituteBindings.php(50): Illuminate/Pipeline/Pipeline->Illuminate/Pipeline/{closure}(Object(Illuminate/Http/Request))
#12 C:/Users/PC/Documents/GitHub/Fawaz_ALharbi_test/backend-laravel/vendor/laravel/framework/src/Illuminate/Pipeline/Pipeline.php(183): Illuminate/Routing/Middleware/SubstituteBindings->handle(Object(Illuminate/Http/Request), Object(Closure))
#13 C:/Users/PC/Documents/GitHub/Fawaz_ALharbi_test/backend-laravel/vendor/laravel/framework/src/Illuminate/Routing/Middleware/ThrottleRequests.php(159): Illuminate/Pipeline/Pipeline->Illuminate/Pipeline/{closure}(Object(Illuminate/Http/Request))
#14 C:/Users/PC/Documents/GitHub/Fawaz_ALharbi_test/backend-laravel/vendor/laravel/framework/src/Illuminate/Routing/Middleware/ThrottleRequests.php(135): Illuminate/Routing/Middleware/ThrottleRequests->handleRequest(Object(Illuminate/Http/Request), Object(Closure), Array)
#15 C:/Users/PC/Documents/GitHub/Fawaz_ALharbi_test/backend-laravel/vendor/laravel/framework/src/Illuminate/Routing/Middleware/ThrottleRequests.php(87): Illuminate/Routing/Middleware/ThrottleRequests->handleRequestUsingNamedLimiter(Object(Illuminate/Http/Request), Object(Closure), 'api', Object(Closure))
#16 C:/Users/PC/Documents/GitHub/Fawaz_ALharbi_test/backend-laravel/vendor/laravel/framework/src/Illuminate/Pipeline/Pipeline.php(183): Illuminate/Routing/Middleware/ThrottleRequests->handle(Object(Illuminate/Http/Request), Object(Closure), 'api')
#17 C:/Users/PC/Documents/GitHub/Fawaz_ALharbi_test/backend-laravel/vendor/laravel/framework/src/Illuminate/Auth/Middleware/Authenticate.php(57): Illuminate/Pipeline/Pipeline->Illuminate/Pipeline/{closure}(Object(Illuminate/Http/Request))
#18 C:/Users/PC/Documents/GitHub/Fawaz_ALharbi_test/backend-laravel/vendor/laravel/framework/src/Illuminate/Pipeline/Pipeline.php(183): Illuminate/Auth/Middleware/Authenticate->handle(Object(Illuminate/Http/Request), Object(Closure), 'sanctum')
#19 C:/Users/PC/Documents/GitHub/Fawaz_ALharbi_test/backend-laravel/vendor/laravel/framework/src/Illuminate/Pipeline/Pipeline.php(119): Illuminate/Pipeline/Pipeline->Illuminate/Pipeline/{closure}(Object(Illuminate/Http/Request))
#20 C:/Users/PC/Documents/GitHub/Fawaz_ALharbi_test/backend-laravel/vendor/laravel/framework/src/Illuminate/Routing/Router.php(807): Illuminate/Pipeline/Pipeline->then(Object(Closure))
#21 C:/Users/PC/Documents/GitHub/Fawaz_ALharbi_test/backend-laravel/vendor/laravel/framework/src/Illuminate/Routing/Router.php(784): Illuminate/Routing/Router->runRouteWithinStack(Object(Illuminate/Routing/Route), Object(Illuminate/Http/Request))
#22 C:/Users/PC/Documents/GitHub/Fawaz_ALharbi_test/backend-laravel/vendor/laravel/framework/src/Illuminate/Routing/Router.php(748): Illuminate/Routing/Router->runRoute(Object(Illuminate/Http/Request), Object(Illuminate/Routing/Route))
#23 C:/Users/PC/Documents/GitHub/Fawaz_ALharbi_test/backend-laravel/vendor/laravel/framework/src/Illuminate/Routing/Router.php(737): Illuminate/Routing/Router->dispatchToRoute(Object(Illuminate/Http/Request))
#24 C:/Users/PC/Documents/GitHub/Fawaz_ALharbi_test/backend-laravel/vendor/laravel/framework/src/Illuminate/Foundation/Http/Kernel.php(200): Illuminate/Routing/Router->dispatch(Object(Illuminate/Http/Request))
#25 C:/Users/PC/Documents/GitHub/Fawaz_ALharbi_test/backend-laravel/vendor/laravel/framework/src/Illuminate/Pipeline/Pipeline.php(144): Illuminate/Foundation/Http/Kernel->Illuminate/Foundation/Http/{closure}(Object(Illuminate/Http/Request))
#26 C:/Users/PC/Documents/GitHub/Fawaz_ALharbi_test/backend-laravel/vendor/laravel/framework/src/Illuminate/Foundation/Http/Middleware/TransformsRequest.php(21): Illuminate/Pipeline/Pipeline->Illuminate/Pipeline/{closure}(Object(Illuminate/Http/Request))
#27 C:/Users/PC/Documents/GitHub/Fawaz_ALharbi_test/backend-laravel/vendor/laravel/framework/src/Illuminate/Foundation/Http/Middleware/ConvertEmptyStringsToNull.php(31): Illuminate/Foundation/Http/Middleware/TransformsRequest->handle(Object(Illuminate/Http/Request), Object(Closure))
#28 C:/Users/PC/Documents/GitHub/Fawaz_ALharbi_test/backend-laravel/vendor/laravel/framework/src/Illuminate/Pipeline/Pipeline.php(183): Illuminate/Foundation/Http/Middleware/ConvertEmptyStringsToNull->handle(Object(Illuminate/Http/Request), Object(Closure))
#29 C:/Users/PC/Documents/GitHub/Fawaz_ALharbi_test/backend-laravel/vendor/laravel/framework/src/Illuminate/Foundation/Http/Middleware/TransformsRequest.php(21): Illuminate/Pipeline/Pipeline->Illuminate/Pipeline/{closure}(Object(Illuminate/Http/Request))
#30 C:/Users/PC/Documents/GitHub/Fawaz_ALharbi_test/backend-laravel/vendor/laravel/framework/src/Illuminate/Foundation/Http/Middleware/TrimStrings.php(40): Illuminate/Foundation/Http/Middleware/TransformsRequest->handle(Object(Illuminate/Http/Request), Object(Closure))
#31 C:/Users/PC/Documents/GitHub/Fawaz_ALharbi_test/backend-laravel/vendor/laravel/framework/src/Illuminate/Pipeline/Pipeline.php(183): Illuminate/Foundation/Http/Middleware/TrimStrings->handle(Object(Illuminate/Http/Request), Object(Closure))
#32 C:/Users/PC/Documents/GitHub/Fawaz_ALharbi_test/backend-laravel/vendor/laravel/framework/src/Illuminate/Foundation/Http/Middleware/ValidatePostSize.php(27): Illuminate/Pipeline/Pipeline->Illuminate/Pipeline/{closure}(Object(Illuminate/Http/Request))
#33 C:/Users/PC/Documents/GitHub/Fawaz_ALharbi_test/backend-laravel/vendor/laravel/framework/src/Illuminate/Pipeline/Pipeline.php(183): Illuminate/Foundation/Http/Middleware/ValidatePostSize->handle(Object(Illuminate/Http/Request), Object(Closure))
#34 C:/Users/PC/Documents/GitHub/Fawaz_ALharbi_test/backend-laravel/vendor/laravel/framework/src/Illuminate/Foundation/Http/Middleware/PreventRequestsDuringMaintenance.php(99): Illuminate/Pipeline/Pipeline->Illuminate/Pipeline/{closure}(Object(Illuminate/Http/Request))
#35 C:/Users/PC/Documents/GitHub/Fawaz_ALharbi_test/backend-laravel/vendor/laravel/framework/src/Illuminate/Pipeline/Pipeline.php(183): Illuminate/Foundation/Http/Middleware/PreventRequestsDuringMaintenance->handle(Object(Illuminate/Http/Request), Object(Closure))
#36 C:/Users/PC/Documents/GitHub/Fawaz_ALharbi_test/backend-laravel/vendor/laravel/framework/src/Illuminate/Http/Middleware/HandleCors.php(62): Illuminate/Pipeline/Pipeline->Illuminate/Pipeline/{closure}(Object(Illuminate/Http/Request))
#37 C:/Users/PC/Documents/GitHub/Fawaz_ALharbi_test/backend-laravel/vendor/laravel/framework/src/Illuminate/Pipeline/Pipeline.php(183): Illuminate/Http/Middleware/HandleCors->handle(Object(Illuminate/Http/Request), Object(Closure))
#38 C:/Users/PC/Documents/GitHub/Fawaz_ALharbi_test/backend-laravel/vendor/laravel/framework/src/Illuminate/Http/Middleware/TrustProxies.php(39): Illuminate/Pipeline/Pipeline->Illuminate/Pipeline/{closure}(Object(Illuminate/Http/Request))
#39 C:/Users/PC/Documents/GitHub/Fawaz_ALharbi_test/backend-laravel/vendor/laravel/framework/src/Illuminate/Pipeline/Pipeline.php(183): Illuminate/Http/Middleware/TrustProxies->handle(Object(Illuminate/Http/Request), Object(Closure))
#40 C:/Users/PC/Documents/GitHub/Fawaz_ALharbi_test/backend-laravel/vendor/laravel/framework/src/Illuminate/Pipeline/Pipeline.php(119): Illuminate/Pipeline/Pipeline->Illuminate/Pipeline/{closure}(Object(Illuminate/Http/Request))
#41 C:/Users/PC/Documents/GitHub/Fawaz_ALharbi_test/backend-laravel/vendor/laravel/framework/src/Illuminate/Foundation/Http/Kernel.php(175): Illuminate/Pipeline/Pipeline->then(Object(Closure))
#42 C:/Users/PC/Documents/GitHub/Fawaz_ALharbi_test/backend-laravel/vendor/laravel/framework/src/Illuminate/Foundation/Http/Kernel.php(144): Illuminate/Foundation/Http/Kernel->sendRequestThroughRouter(Object(Illuminate/Http/Request))
#43 C:/Users/PC/Documents/GitHub/Fawaz_ALharbi_test/backend-laravel/public/index.php(52): Illuminate/Foundation/Http/Kernel->handle(Object(Illuminate/Http/Request))
#44 C:/Users/PC/Documents/GitHub/Fawaz_ALharbi_test/backend-laravel/vendor/laravel/framework/src/Illuminate/Foundation/resources/server.php(16): require_once('C://Users//PC//Doc...')
#45 {main}

[previous exception] [object] (PDOException(code: 01000): SQLSTATE[01000]: Warning: 1265 Data truncated for column 'payment_status' at row 1 at C:/Users/PC/Documents/GitHub/Fawaz_ALharbi_test/backend-laravel/vendor/laravel/framework/src/Illuminate/Database/MySqlConnection.php:45)
[stacktrace]
#0 C:/Users/PC/Documents/GitHub/Fawaz_ALharbi_test/backend-laravel/vendor/laravel/framework/src/Illuminate/Database/MySqlConnection.php(45): PDOStatement->execute()
#1 C:/Users/PC/Documents/GitHub/Fawaz_ALharbi_test/backend-laravel/vendor/laravel/framework/src/Illuminate/Database/Connection.php(816): Illuminate/Database/MySqlConnection->Illuminate/Database/{closure}('insert into `bo...', Array)
#2 C:/Users/PC/Documents/GitHub/Fawaz_ALharbi_test/backend-laravel/vendor/laravel/framework/src/Illuminate/Database/Connection.php(783): Illuminate/Database/Connection->runQueryCallback('insert into `bo...', Array, Object(Closure))
#3 C:/Users/PC/Documents/GitHub/Fawaz_ALharbi_test/backend-laravel/vendor/laravel/framework/src/Illuminate/Database/MySqlConnection.php(50): Illuminate/Database/Connection->run('insert into `bo...', Array, Object(Closure))
#4 C:/Users/PC/Documents/GitHub/Fawaz_ALharbi_test/backend-laravel/vendor/laravel/framework/src/Illuminate/Database/Query/Processors/MySqlProcessor.php(35): Illuminate/Database/MySqlConnection->insert('insert into `bo...', Array, NULL)
#5 C:/Users/PC/Documents/GitHub/Fawaz_ALharbi_test/backend-laravel/vendor/laravel/framework/src/Illuminate/Database/Query/Builder.php(3549): Illuminate/Database/Query/Processors/MySqlProcessor->processInsertGetId(Object(Illuminate/Database/Query/Builder), 'insert into `bo...', Array, NULL)
#6 C:/Users/PC/Documents/GitHub/Fawaz_ALharbi_test/backend-laravel/app/Http/Controllers/Api/BookingController.php(103): Illuminate/Database/Query/Builder->insertGetId(Array)
#7 C:/Users/PC/Documents/GitHub/Fawaz_ALharbi_test/backend-laravel/vendor/laravel/framework/src/Illuminate/Routing/Controller.php(54): App/Http/Controllers/Api/BookingController->store(Object(Illuminate/Http/Request))
#8 C:/Users/PC/Documents/GitHub/Fawaz_ALharbi_test/backend-laravel/vendor/laravel/framework/src/Illuminate/Routing/ControllerDispatcher.php(43): Illuminate/Routing/Controller->callAction('store', Array)
#9 C:/Users/PC/Documents/GitHub/Fawaz_ALharbi_test/backend-laravel/vendor/laravel/framework/src/Illuminate/Routing/Route.php(260): Illuminate/Routing/ControllerDispatcher->dispatch(Object(Illuminate/Routing/Route), Object(App/Http/Controllers/Api/BookingController), 'store')
#10 C:/Users/PC/Documents/GitHub/Fawaz_ALharbi_test/backend-laravel/vendor/laravel/framework/src/Illuminate/Routing/Route.php(205): Illuminate/Routing/Route->runController()
#11 C:/Users/PC/Documents/GitHub/Fawaz_ALharbi_test/backend-laravel/vendor/laravel/framework/src/Illuminate/Routing/Router.php(806): Illuminate/Routing/Route->run()
#12 C:/Users/PC/Documents/GitHub/Fawaz_ALharbi_test/backend-laravel/vendor/laravel/framework/src/Illuminate/Pipeline/Pipeline.php(144): Illuminate/Routing/Router->Illuminate/Routing/{closure}(Object(Illuminate/Http/Request))
#13 C:/Users/PC/Documents/GitHub/Fawaz_ALharbi_test/backend-laravel/vendor/laravel/framework/src/Illuminate/Routing/Middleware/SubstituteBindings.php(50): Illuminate/Pipeline/Pipeline->Illuminate/Pipeline/{closure}(Object(Illuminate/Http/Request))
#14 C:/Users/PC/Documents/GitHub/Fawaz_ALharbi_test/backend-laravel/vendor/laravel/framework/src/Illuminate/Pipeline/Pipeline.php(183): Illuminate/Routing/Middleware/SubstituteBindings->handle(Object(Illuminate/Http/Request), Object(Closure))
#15 C:/Users/PC/Documents/GitHub/Fawaz_ALharbi_test/backend-laravel/vendor/laravel/framework/src/Illuminate/Routing/Middleware/ThrottleRequests.php(159): Illuminate/Pipeline/Pipeline->Illuminate/Pipeline/{closure}(Object(Illuminate/Http/Request))
#16 C:/Users/PC/Documents/GitHub/Fawaz_ALharbi_test/backend-laravel/vendor/laravel/framework/src/Illuminate/Routing/Middleware/ThrottleRequests.php(135): Illuminate/Routing/Middleware/ThrottleRequests->handleRequest(Object(Illuminate/Http/Request), Object(Closure), Array)
#17 C:/Users/PC/Documents/GitHub/Fawaz_ALharbi_test/backend-laravel/vendor/laravel/framework/src/Illuminate/Routing/Middleware/ThrottleRequests.php(87): Illuminate/Routing/Middleware/ThrottleRequests->handleRequestUsingNamedLimiter(Object(Illuminate/Http/Request), Object(Closure), 'api', Object(Closure))
#18 C:/Users/PC/Documents/GitHub/Fawaz_ALharbi_test/backend-laravel/vendor/laravel/framework/src/Illuminate/Pipeline/Pipeline.php(183): Illuminate/Routing/Middleware/ThrottleRequests->handle(Object(Illuminate/Http/Request), Object(Closure), 'api')
#19 C:/Users/PC/Documents/GitHub/Fawaz_ALharbi_test/backend-laravel/vendor/laravel/framework/src/Illuminate/Auth/Middleware/Authenticate.php(57): Illuminate/Pipeline/Pipeline->Illuminate/Pipeline/{closure}(Object(Illuminate/Http/Request))
#20 C:/Users/PC/Documents/GitHub/Fawaz_ALharbi_test/backend-laravel/vendor/laravel/framework/src/Illuminate/Pipeline/Pipeline.php(183): Illuminate/Auth/Middleware/Authenticate->handle(Object(Illuminate/Http/Request), Object(Closure), 'sanctum')
#21 C:/Users/PC/Documents/GitHub/Fawaz_ALharbi_test/backend-laravel/vendor/laravel/framework/src/Illuminate/Pipeline/Pipeline.php(119): Illuminate/Pipeline/Pipeline->Illuminate/Pipeline/{closure}(Object(Illuminate/Http/Request))
#22 C:/Users/PC/Documents/GitHub/Fawaz_ALharbi_test/backend-laravel/vendor/laravel/framework/src/Illuminate/Routing/Router.php(807): Illuminate/Pipeline/Pipeline->then(Object(Closure))
#23 C:/Users/PC/Documents/GitHub/Fawaz_ALharbi_test/backend-laravel/vendor/laravel/framework/src/Illuminate/Routing/Router.php(784): Illuminate/Routing/Router->runRouteWithinStack(Object(Illuminate/Routing/Route), Object(Illuminate/Http/Request))
#24 C:/Users/PC/Documents/GitHub/Fawaz_ALharbi_test/backend-laravel/vendor/laravel/framework/src/Illuminate/Routing/Router.php(748): Illuminate/Routing/Router->runRoute(Object(Illuminate/Http/Request), Object(Illuminate/Routing/Route))
#25 C:/Users/PC/Documents/GitHub/Fawaz_ALharbi_test/backend-laravel/vendor/laravel/framework/src/Illuminate/Routing/Router.php(737): Illuminate/Routing/Router->dispatchToRoute(Object(Illuminate/Http/Request))
#26 C:/Users/PC/Documents/GitHub/Fawaz_ALharbi_test/backend-laravel/vendor/laravel/framework/src/Illuminate/Foundation/Http/Kernel.php(200): Illuminate/Routing/Router->dispatch(Object(Illuminate/Http/Request))
#27 C:/Users/PC/Documents/GitHub/Fawaz_ALharbi_test/backend-laravel/vendor/laravel/framework/src/Illuminate/Pipeline/Pipeline.php(144): Illuminate/Foundation/Http/Kernel->Illuminate/Foundation/Http/{closure}(Object(Illuminate/Http/Request))
#28 C:/Users/PC/Documents/GitHub/Fawaz_ALharbi_test/backend-laravel/vendor/laravel/framework/src/Illuminate/Foundation/Http/Middleware/TransformsRequest.php(21): Illuminate/Pipeline/Pipeline->Illuminate/Pipeline/{closure}(Object(Illuminate/Http/Request))
#29 C:/Users/PC/Documents/GitHub/Fawaz_ALharbi_test/backend-laravel/vendor/laravel/framework/src/Illuminate/Foundation/Http/Middleware/ConvertEmptyStringsToNull.php(31): Illuminate/Foundation/Http/Middleware/TransformsRequest->handle(Object(Illuminate/Http/Request), Object(Closure))
#30 C:/Users/PC/Documents/GitHub/Fawaz_ALharbi_test/backend-laravel/vendor/laravel/framework/src/Illuminate/Pipeline/Pipeline.php(183): Illuminate/Foundation/Http/Middleware/ConvertEmptyStringsToNull->handle(Object(Illuminate/Http/Request), Object(Closure))
#31 C:/Users/PC/Documents/GitHub/Fawaz_ALharbi_test/backend-laravel/vendor/laravel/framework/src/Illuminate/Foundation/Http/Middleware/TransformsRequest.php(21): Illuminate/Pipeline/Pipeline->Illuminate/Pipeline/{closure}(Object(Illuminate/Http/Request))
#32 C:/Users/PC/Documents/GitHub/Fawaz_ALharbi_test/backend-laravel/vendor/laravel/framework/src/Illuminate/Foundation/Http/Middleware/TrimStrings.php(40): Illuminate/Foundation/Http/Middleware/TransformsRequest->handle(Object(Illuminate/Http/Request), Object(Closure))
#33 C:/Users/PC/Documents/GitHub/Fawaz_ALharbi_test/backend-laravel/vendor/laravel/framework/src/Illuminate/Pipeline/Pipeline.php(183): Illuminate/Foundation/Http/Middleware/TrimStrings->handle(Object(Illuminate/Http/Request), Object(Closure))
#34 C:/Users/PC/Documents/GitHub/Fawaz_ALharbi_test/backend-laravel/vendor/laravel/framework/src/Illuminate/Foundation/Http/Middleware/ValidatePostSize.php(27): Illuminate/Pipeline/Pipeline->Illuminate/Pipeline/{closure}(Object(Illuminate/Http/Request))
#35 C:/Users/PC/Documents/GitHub/Fawaz_ALharbi_test/backend-laravel/vendor/laravel/framework/src/Illuminate/Pipeline/Pipeline.php(183): Illuminate/Foundation/Http/Middleware/ValidatePostSize->handle(Object(Illuminate/Http/Request), Object(Closure))
#36 C:/Users/PC/Documents/GitHub/Fawaz_ALharbi_test/backend-laravel/vendor/laravel/framework/src/Illuminate/Foundation/Http/Middleware/PreventRequestsDuringMaintenance.php(99): Illuminate/Pipeline/Pipeline->Illuminate/Pipeline/{closure}(Object(Illuminate/Http/Request))
#37 C:/Users/PC/Documents/GitHub/Fawaz_ALharbi_test/backend-laravel/vendor/laravel/framework/src/Illuminate/Pipeline/Pipeline.php(183): Illuminate/Foundation/Http/Middleware/PreventRequestsDuringMaintenance->handle(Object(Illuminate/Http/Request), Object(Closure))
#38 C:/Users/PC/Documents/GitHub/Fawaz_ALharbi_test/backend-laravel/vendor/laravel/framework/src/Illuminate/Http/Middleware/HandleCors.php(62): Illuminate/Pipeline/Pipeline->Illuminate/Pipeline/{closure}(Object(Illuminate/Http/Request))
#39 C:/Users/PC/Documents/GitHub/Fawaz_ALharbi_test/backend-laravel/vendor/laravel/framework/src/Illuminate/Pipeline/Pipeline.php(183): Illuminate/Http/Middleware/HandleCors->handle(Object(Illuminate/Http/Request), Object(Closure))
#40 C:/Users/PC/Documents/GitHub/Fawaz_ALharbi_test/backend-laravel/vendor/laravel/framework/src/Illuminate/Http/Middleware/TrustProxies.php(39): Illuminate/Pipeline/Pipeline->Illuminate/Pipeline/{closure}(Object(Illuminate/Http/Request))
#41 C:/Users/PC/Documents/GitHub/Fawaz_ALharbi_test/backend-laravel/vendor/laravel/framework/src/Illuminate/Pipeline/Pipeline.php(183): Illuminate/Http/Middleware/TrustProxies->handle(Object(Illuminate/Http/Request), Object(Closure))
#42 C:/Users/PC/Documents/GitHub/Fawaz_ALharbi_test/backend-laravel/vendor/laravel/framework/src/Illuminate/Pipeline/Pipeline.php(119): Illuminate/Pipeline/Pipeline->Illuminate/Pipeline/{closure}(Object(Illuminate/Http/Request))
#43 C:/Users/PC/Documents/GitHub/Fawaz_ALharbi_test/backend-laravel/vendor/laravel/framework/src/Illuminate/Foundation/Http/Kernel.php(175): Illuminate/Pipeline/Pipeline->then(Object(Closure))
#44 C:/Users/PC/Documents/GitHub/Fawaz_ALharbi_test/backend-laravel/vendor/laravel/framework/src/Illuminate/Foundation/Http/Kernel.php(144): Illuminate/Foundation/Http/Kernel->sendRequestThroughRouter(Object(Illuminate/Http/Request))
#45 C:/Users/PC/Documents/GitHub/Fawaz_ALharbi_test/backend-laravel/public/index.php(52): Illuminate/Foundation/Http/Kernel->handle(Object(Illuminate/Http/Request))
#46 C:/Users/PC/Documents/GitHub/Fawaz_ALharbi_test/backend-laravel/vendor/laravel/framework/src/Illuminate/Foundation/resources/server.php(16): require_once('C://Users//PC//Doc...')
#47 {main}
"} 
[2026-08-14 13:43:52] local.ERROR: SQLSTATE[01000]: Warning: 1265 Data truncated for column 'payment_status' at row 1 (Connection: mysql, SQL: insert into `bookings` (`tenant_id`, `customer_id`, `merchant_id`, `service_id`, `client`, `merchant`, `service`, `scheduled_at`, `duration_minutes`, `base_price`, `discount_amount`, `tax_amount`, `total_price`, `payment_status`, `payment_method`, `status`, `customer_notes`, `created_at`, `updated_at`) values (1, 1, 1, 1, FAWAZ, Wolff and Sons, Networked coherent intranet, 2026-08-15 10:00:00, 60, 182, 0, 27.3, 182, paid, card, confirmed, ?, 2026-08-14 13:43:52, 2026-08-14 13:43:52)) {"userId":2,"exception":"[object] (Illuminate\\Database\\QueryException(code: 01000): SQLSTATE[01000]: Warning: 1265 Data truncated for column 'payment_status' at row 1 (Connection: mysql, SQL: insert into `bookings` (`tenant_id`, `customer_id`, `merchant_id`, `service_id`, `client`, `merchant`, `service`, `scheduled_at`, `duration_minutes`, `base_price`, `discount_amount`, `tax_amount`, `total_price`, `payment_status`, `payment_method`, `status`, `customer_notes`, `created_at`, `updated_at`) values (1, 1, 1, 1, FAWAZ, Wolff and Sons, Networked coherent intranet, 2026-08-15 10:00:00, 60, 182, 0, 27.3, 182, paid, card, confirmed, ?, 2026-08-14 13:43:52, 2026-08-14 13:43:52)) at C:/Users/PC/Documents/GitHub/Fawaz_ALharbi_test/backend-laravel/vendor/laravel/framework/src/Illuminate/Database/Connection.php:829)
[stacktrace]
#0 C:/Users/PC/Documents/GitHub/Fawaz_ALharbi_test/backend-laravel/vendor/laravel/framework/src/Illuminate/Database/Connection.php(783): Illuminate/Database/Connection->runQueryCallback('insert into `bo...', Array, Object(Closure))
#1 C:/Users/PC/Documents/GitHub/Fawaz_ALharbi_test/backend-laravel/vendor/laravel/framework/src/Illuminate/Database/MySqlConnection.php(50): Illuminate/Database/Connection->run('insert into `bo...', Array, Object(Closure))
#2 C:/Users/PC/Documents/GitHub/Fawaz_ALharbi_test/backend-laravel/vendor/laravel/framework/src/Illuminate/Database/Query/Processors/MySqlProcessor.php(35): Illuminate/Database/MySqlConnection->insert('insert into `bo...', Array, NULL)
#3 C:/Users/PC/Documents/GitHub/Fawaz_ALharbi_test/backend-laravel/vendor/laravel/framework/src/Illuminate/Database/Query/Builder.php(3549): Illuminate/Database/Query/Processors/MySqlProcessor->processInsertGetId(Object(Illuminate/Database/Query/Builder), 'insert into `bo...', Array, NULL)
#4 C:/Users/PC/Documents/GitHub/Fawaz_ALharbi_test/backend-laravel/app/Http/Controllers/Api/BookingController.php(103): Illuminate/Database/Query/Builder->insertGetId(Array)
#5 C:/Users/PC/Documents/GitHub/Fawaz_ALharbi_test/backend-laravel/vendor/laravel/framework/src/Illuminate/Routing/Controller.php(54): App/Http/Controllers/Api/BookingController->store(Object(Illuminate/Http/Request))
#6 C:/Users/PC/Documents/GitHub/Fawaz_ALharbi_test/backend-laravel/vendor/laravel/framework/src/Illuminate/Routing/ControllerDispatcher.php(43): Illuminate/Routing/Controller->callAction('store', Array)
#7 C:/Users/PC/Documents/GitHub/Fawaz_ALharbi_test/backend-laravel/vendor/laravel/framework/src/Illuminate/Routing/Route.php(260): Illuminate/Routing/ControllerDispatcher->dispatch(Object(Illuminate/Routing/Route), Object(App/Http/Controllers/Api/BookingController), 'store')
#8 C:/Users/PC/Documents/GitHub/Fawaz_ALharbi_test/backend-laravel/vendor/laravel/framework/src/Illuminate/Routing/Route.php(205): Illuminate/Routing/Route->runController()
#9 C:/Users/PC/Documents/GitHub/Fawaz_ALharbi_test/backend-laravel/vendor/laravel/framework/src/Illuminate/Routing/Router.php(806): Illuminate/Routing/Route->run()
#10 C:/Users/PC/Documents/GitHub/Fawaz_ALharbi_test/backend-laravel/vendor/laravel/framework/src/Illuminate/Pipeline/Pipeline.php(144): Illuminate/Routing/Router->Illuminate/Routing/{closure}(Object(Illuminate/Http/Request))
#11 C:/Users/PC/Documents/GitHub/Fawaz_ALharbi_test/backend-laravel/vendor/laravel/framework/src/Illuminate/Routing/Middleware/SubstituteBindings.php(50): Illuminate/Pipeline/Pipeline->Illuminate/Pipeline/{closure}(Object(Illuminate/Http/Request))
#12 C:/Users/PC/Documents/GitHub/Fawaz_ALharbi_test/backend-laravel/vendor/laravel/framework/src/Illuminate/Pipeline/Pipeline.php(183): Illuminate/Routing/Middleware/SubstituteBindings->handle(Object(Illuminate/Http/Request), Object(Closure))
#13 C:/Users/PC/Documents/GitHub/Fawaz_ALharbi_test/backend-laravel/vendor/laravel/framework/src/Illuminate/Routing/Middleware/ThrottleRequests.php(159): Illuminate/Pipeline/Pipeline->Illuminate/Pipeline/{closure}(Object(Illuminate/Http/Request))
#14 C:/Users/PC/Documents/GitHub/Fawaz_ALharbi_test/backend-laravel/vendor/laravel/framework/src/Illuminate/Routing/Middleware/ThrottleRequests.php(135): Illuminate/Routing/Middleware/ThrottleRequests->handleRequest(Object(Illuminate/Http/Request), Object(Closure), Array)
#15 C:/Users/PC/Documents/GitHub/Fawaz_ALharbi_test/backend-laravel/vendor/laravel/framework/src/Illuminate/Routing/Middleware/ThrottleRequests.php(87): Illuminate/Routing/Middleware/ThrottleRequests->handleRequestUsingNamedLimiter(Object(Illuminate/Http/Request), Object(Closure), 'api', Object(Closure))
#16 C:/Users/PC/Documents/GitHub/Fawaz_ALharbi_test/backend-laravel/vendor/laravel/framework/src/Illuminate/Pipeline/Pipeline.php(183): Illuminate/Routing/Middleware/ThrottleRequests->handle(Object(Illuminate/Http/Request), Object(Closure), 'api')
#17 C:/Users/PC/Documents/GitHub/Fawaz_ALharbi_test/backend-laravel/vendor/laravel/framework/src/Illuminate/Auth/Middleware/Authenticate.php(57): Illuminate/Pipeline/Pipeline->Illuminate/Pipeline/{closure}(Object(Illuminate/Http/Request))
#18 C:/Users/PC/Documents/GitHub/Fawaz_ALharbi_test/backend-laravel/vendor/laravel/framework/src/Illuminate/Pipeline/Pipeline.php(183): Illuminate/Auth/Middleware/Authenticate->handle(Object(Illuminate/Http/Request), Object(Closure), 'sanctum')
#19 C:/Users/PC/Documents/GitHub/Fawaz_ALharbi_test/backend-laravel/vendor/laravel/framework/src/Illuminate/Pipeline/Pipeline.php(119): Illuminate/Pipeline/Pipeline->Illuminate/Pipeline/{closure}(Object(Illuminate/Http/Request))
#20 C:/Users/PC/Documents/GitHub/Fawaz_ALharbi_test/backend-laravel/vendor/laravel/framework/src/Illuminate/Routing/Router.php(807): Illuminate/Pipeline/Pipeline->then(Object(Closure))
#21 C:/Users/PC/Documents/GitHub/Fawaz_ALharbi_test/backend-laravel/vendor/laravel/framework/src/Illuminate/Routing/Router.php(784): Illuminate/Routing/Router->runRouteWithinStack(Object(Illuminate/Routing/Route), Object(Illuminate/Http/Request))
#22 C:/Users/PC/Documents/GitHub/Fawaz_ALharbi_test/backend-laravel/vendor/laravel/framework/src/Illuminate/Routing/Router.php(748): Illuminate/Routing/Router->runRoute(Object(Illuminate/Http/Request), Object(Illuminate/Routing/Route))
#23 C:/Users/PC/Documents/GitHub/Fawaz_ALharbi_test/backend-laravel/vendor/laravel/framework/src/Illuminate/Routing/Router.php(737): Illuminate/Routing/Router->dispatchToRoute(Object(Illuminate/Http/Request))
#24 C:/Users/PC/Documents/GitHub/Fawaz_ALharbi_test/backend-laravel/vendor/laravel/framework/src/Illuminate/Foundation/Http/Kernel.php(200): Illuminate/Routing/Router->dispatch(Object(Illuminate/Http/Request))
#25 C:/Users/PC/Documents/GitHub/Fawaz_ALharbi_test/backend-laravel/vendor/laravel/framework/src/Illuminate/Pipeline/Pipeline.php(144): Illuminate/Foundation/Http/Kernel->Illuminate/Foundation/Http/{closure}(Object(Illuminate/Http/Request))
#26 C:/Users/PC/Documents/GitHub/Fawaz_ALharbi_test/backend-laravel/vendor/laravel/framework/src/Illuminate/Foundation/Http/Middleware/TransformsRequest.php(21): Illuminate/Pipeline/Pipeline->Illuminate/Pipeline/{closure}(Object(Illuminate/Http/Request))
#27 C:/Users/PC/Documents/GitHub/Fawaz_ALharbi_test/backend-laravel/vendor/laravel/framework/src/Illuminate/Foundation/Http/Middleware/ConvertEmptyStringsToNull.php(31): Illuminate/Foundation/Http/Middleware/TransformsRequest->handle(Object(Illuminate/Http/Request), Object(Closure))
#28 C:/Users/PC/Documents/GitHub/Fawaz_ALharbi_test/backend-laravel/vendor/laravel/framework/src/Illuminate/Pipeline/Pipeline.php(183): Illuminate/Foundation/Http/Middleware/ConvertEmptyStringsToNull->handle(Object(Illuminate/Http/Request), Object(Closure))
#29 C:/Users/PC/Documents/GitHub/Fawaz_ALharbi_test/backend-laravel/vendor/laravel/framework/src/Illuminate/Foundation/Http/Middleware/TransformsRequest.php(21): Illuminate/Pipeline/Pipeline->Illuminate/Pipeline/{closure}(Object(Illuminate/Http/Request))
#30 C:/Users/PC/Documents/GitHub/Fawaz_ALharbi_test/backend-laravel/vendor/laravel/framework/src/Illuminate/Foundation/Http/Middleware/TrimStrings.php(40): Illuminate/Foundation/Http/Middleware/TransformsRequest->handle(Object(Illuminate/Http/Request), Object(Closure))
#31 C:/Users/PC/Documents/GitHub/Fawaz_ALharbi_test/backend-laravel/vendor/laravel/framework/src/Illuminate/Pipeline/Pipeline.php(183): Illuminate/Foundation/Http/Middleware/TrimStrings->handle(Object(Illuminate/Http/Request), Object(Closure))
#32 C:/Users/PC/Documents/GitHub/Fawaz_ALharbi_test/backend-laravel/vendor/laravel/framework/src/Illuminate/Foundation/Http/Middleware/ValidatePostSize.php(27): Illuminate/Pipeline/Pipeline->Illuminate/Pipeline/{closure}(Object(Illuminate/Http/Request))
#33 C:/Users/PC/Documents/GitHub/Fawaz_ALharbi_test/backend-laravel/vendor/laravel/framework/src/Illuminate/Pipeline/Pipeline.php(183): Illuminate/Foundation/Http/Middleware/ValidatePostSize->handle(Object(Illuminate/Http/Request), Object(Closure))
#34 C:/Users/PC/Documents/GitHub/Fawaz_ALharbi_test/backend-laravel/vendor/laravel/framework/src/Illuminate/Foundation/Http/Middleware/PreventRequestsDuringMaintenance.php(99): Illuminate/Pipeline/Pipeline->Illuminate/Pipeline/{closure}(Object(Illuminate/Http/Request))
#35 C:/Users/PC/Documents/GitHub/Fawaz_ALharbi_test/backend-laravel/vendor/laravel/framework/src/Illuminate/Pipeline/Pipeline.php(183): Illuminate/Foundation/Http/Middleware/PreventRequestsDuringMaintenance->handle(Object(Illuminate/Http/Request), Object(Closure))
#36 C:/Users/PC/Documents/GitHub/Fawaz_ALharbi_test/backend-laravel/vendor/laravel/framework/src/Illuminate/Http/Middleware/HandleCors.php(62): Illuminate/Pipeline/Pipeline->Illuminate/Pipeline/{closure}(Object(Illuminate/Http/Request))
#37 C:/Users/PC/Documents/GitHub/Fawaz_ALharbi_test/backend-laravel/vendor/laravel/framework/src/Illuminate/Pipeline/Pipeline.php(183): Illuminate/Http/Middleware/HandleCors->handle(Object(Illuminate/Http/Request), Object(Closure))
#38 C:/Users/PC/Documents/GitHub/Fawaz_ALharbi_test/backend-laravel/vendor/laravel/framework/src/Illuminate/Http/Middleware/TrustProxies.php(39): Illuminate/Pipeline/Pipeline->Illuminate/Pipeline/{closure}(Object(Illuminate/Http/Request))
#39 C:/Users/PC/Documents/GitHub/Fawaz_ALharbi_test/backend-laravel/vendor/laravel/framework/src/Illuminate/Pipeline/Pipeline.php(183): Illuminate/Http/Middleware/TrustProxies->handle(Object(Illuminate/Http/Request), Object(Closure))
#40 C:/Users/PC/Documents/GitHub/Fawaz_ALharbi_test/backend-laravel/vendor/laravel/framework/src/Illuminate/Pipeline/Pipeline.php(119): Illuminate/Pipeline/Pipeline->Illuminate/Pipeline/{closure}(Object(Illuminate/Http/Request))
#41 C:/Users/PC/Documents/GitHub/Fawaz_ALharbi_test/backend-laravel/vendor/laravel/framework/src/Illuminate/Foundation/Http/Kernel.php(175): Illuminate/Pipeline/Pipeline->then(Object(Closure))
#42 C:/Users/PC/Documents/GitHub/Fawaz_ALharbi_test/backend-laravel/vendor/laravel/framework/src/Illuminate/Foundation/Http/Kernel.php(144): Illuminate/Foundation/Http/Kernel->sendRequestThroughRouter(Object(Illuminate/Http/Request))
#43 C:/Users/PC/Documents/GitHub/Fawaz_ALharbi_test/backend-laravel/public/index.php(52): Illuminate/Foundation/Http/Kernel->handle(Object(Illuminate/Http/Request))
#44 C:/Users/PC/Documents/GitHub/Fawaz_ALharbi_test/backend-laravel/vendor/laravel/framework/src/Illuminate/Foundation/resources/server.php(16): require_once('C://Users//PC//Doc...')
#45 {main}

[previous exception] [object] (PDOException(code: 01000): SQLSTATE[01000]: Warning: 1265 Data truncated for column 'payment_status' at row 1 at C:/Users/PC/Documents/GitHub/Fawaz_ALharbi_test/backend-laravel/vendor/laravel/framework/src/Illuminate/Database/MySqlConnection.php:45)
[stacktrace]
#0 C:/Users/PC/Documents/GitHub/Fawaz_ALharbi_test/backend-laravel/vendor/laravel/framework/src/Illuminate/Database/MySqlConnection.php(45): PDOStatement->execute()
#1 C:/Users/PC/Documents/GitHub/Fawaz_ALharbi_test/backend-laravel/vendor/laravel/framework/src/Illuminate/Database/Connection.php(816): Illuminate/Database/MySqlConnection->Illuminate/Database/{closure}('insert into `bo...', Array)
#2 C:/Users/PC/Documents/GitHub/Fawaz_ALharbi_test/backend-laravel/vendor/laravel/framework/src/Illuminate/Database/Connection.php(783): Illuminate/Database/Connection->runQueryCallback('insert into `bo...', Array, Object(Closure))
#3 C:/Users/PC/Documents/GitHub/Fawaz_ALharbi_test/backend-laravel/vendor/laravel/framework/src/Illuminate/Database/MySqlConnection.php(50): Illuminate/Database/Connection->run('insert into `bo...', Array, Object(Closure))
#4 C:/Users/PC/Documents/GitHub/Fawaz_ALharbi_test/backend-laravel/vendor/laravel/framework/src/Illuminate/Database/Query/Processors/MySqlProcessor.php(35): Illuminate/Database/MySqlConnection->insert('insert into `bo...', Array, NULL)
#5 C:/Users/PC/Documents/GitHub/Fawaz_ALharbi_test/backend-laravel/vendor/laravel/framework/src/Illuminate/Database/Query/Builder.php(3549): Illuminate/Database/Query/Processors/MySqlProcessor->processInsertGetId(Object(Illuminate/Database/Query/Builder), 'insert into `bo...', Array, NULL)
#6 C:/Users/PC/Documents/GitHub/Fawaz_ALharbi_test/backend-laravel/app/Http/Controllers/Api/BookingController.php(103): Illuminate/Database/Query/Builder->insertGetId(Array)
#7 C:/Users/PC/Documents/GitHub/Fawaz_ALharbi_test/backend-laravel/vendor/laravel/framework/src/Illuminate/Routing/Controller.php(54): App/Http/Controllers/Api/BookingController->store(Object(Illuminate/Http/Request))
#8 C:/Users/PC/Documents/GitHub/Fawaz_ALharbi_test/backend-laravel/vendor/laravel/framework/src/Illuminate/Routing/ControllerDispatcher.php(43): Illuminate/Routing/Controller->callAction('store', Array)
#9 C:/Users/PC/Documents/GitHub/Fawaz_ALharbi_test/backend-laravel/vendor/laravel/framework/src/Illuminate/Routing/Route.php(260): Illuminate/Routing/ControllerDispatcher->dispatch(Object(Illuminate/Routing/Route), Object(App/Http/Controllers/Api/BookingController), 'store')
#10 C:/Users/PC/Documents/GitHub/Fawaz_ALharbi_test/backend-laravel/vendor/laravel/framework/src/Illuminate/Routing/Route.php(205): Illuminate/Routing/Route->runController()
#11 C:/Users/PC/Documents/GitHub/Fawaz_ALharbi_test/backend-laravel/vendor/laravel/framework/src/Illuminate/Routing/Router.php(806): Illuminate/Routing/Route->run()
#12 C:/Users/PC/Documents/GitHub/Fawaz_ALharbi_test/backend-laravel/vendor/laravel/framework/src/Illuminate/Pipeline/Pipeline.php(144): Illuminate/Routing/Router->Illuminate/Routing/{closure}(Object(Illuminate/Http/Request))
#13 C:/Users/PC/Documents/GitHub/Fawaz_ALharbi_test/backend-laravel/vendor/laravel/framework/src/Illuminate/Routing/Middleware/SubstituteBindings.php(50): Illuminate/Pipeline/Pipeline->Illuminate/Pipeline/{closure}(Object(Illuminate/Http/Request))
#14 C:/Users/PC/Documents/GitHub/Fawaz_ALharbi_test/backend-laravel/vendor/laravel/framework/src/Illuminate/Pipeline/Pipeline.php(183): Illuminate/Routing/Middleware/SubstituteBindings->handle(Object(Illuminate/Http/Request), Object(Closure))
#15 C:/Users/PC/Documents/GitHub/Fawaz_ALharbi_test/backend-laravel/vendor/laravel/framework/src/Illuminate/Routing/Middleware/ThrottleRequests.php(159): Illuminate/Pipeline/Pipeline->Illuminate/Pipeline/{closure}(Object(Illuminate/Http/Request))
#16 C:/Users/PC/Documents/GitHub/Fawaz_ALharbi_test/backend-laravel/vendor/laravel/framework/src/Illuminate/Routing/Middleware/ThrottleRequests.php(135): Illuminate/Routing/Middleware/ThrottleRequests->handleRequest(Object(Illuminate/Http/Request), Object(Closure), Array)
#17 C:/Users/PC/Documents/GitHub/Fawaz_ALharbi_test/backend-laravel/vendor/laravel/framework/src/Illuminate/Routing/Middleware/ThrottleRequests.php(87): Illuminate/Routing/Middleware/ThrottleRequests->handleRequestUsingNamedLimiter(Object(Illuminate/Http/Request), Object(Closure), 'api', Object(Closure))
#18 C:/Users/PC/Documents/GitHub/Fawaz_ALharbi_test/backend-laravel/vendor/laravel/framework/src/Illuminate/Pipeline/Pipeline.php(183): Illuminate/Routing/Middleware/ThrottleRequests->handle(Object(Illuminate/Http/Request), Object(Closure), 'api')
#19 C:/Users/PC/Documents/GitHub/Fawaz_ALharbi_test/backend-laravel/vendor/laravel/framework/src/Illuminate/Auth/Middleware/Authenticate.php(57): Illuminate/Pipeline/Pipeline->Illuminate/Pipeline/{closure}(Object(Illuminate/Http/Request))
#20 C:/Users/PC/Documents/GitHub/Fawaz_ALharbi_test/backend-laravel/vendor/laravel/framework/src/Illuminate/Pipeline/Pipeline.php(183): Illuminate/Auth/Middleware/Authenticate->handle(Object(Illuminate/Http/Request), Object(Closure), 'sanctum')
#21 C:/Users/PC/Documents/GitHub/Fawaz_ALharbi_test/backend-laravel/vendor/laravel/framework/src/Illuminate/Pipeline/Pipeline.php(119): Illuminate/Pipeline/Pipeline->Illuminate/Pipeline/{closure}(Object(Illuminate/Http/Request))
#22 C:/Users/PC/Documents/GitHub/Fawaz_ALharbi_test/backend-laravel/vendor/laravel/framework/src/Illuminate/Routing/Router.php(807): Illuminate/Pipeline/Pipeline->then(Object(Closure))
#23 C:/Users/PC/Documents/GitHub/Fawaz_ALharbi_test/backend-laravel/vendor/laravel/framework/src/Illuminate/Routing/Router.php(784): Illuminate/Routing/Router->runRouteWithinStack(Object(Illuminate/Routing/Route), Object(Illuminate/Http/Request))
#24 C:/Users/PC/Documents/GitHub/Fawaz_ALharbi_test/backend-laravel/vendor/laravel/framework/src/Illuminate/Routing/Router.php(748): Illuminate/Routing/Router->runRoute(Object(Illuminate/Http/Request), Object(Illuminate/Routing/Route))
#25 C:/Users/PC/Documents/GitHub/Fawaz_ALharbi_test/backend-laravel/vendor/laravel/framework/src/Illuminate/Routing/Router.php(737): Illuminate/Routing/Router->dispatchToRoute(Object(Illuminate/Http/Request))
#26 C:/Users/PC/Documents/GitHub/Fawaz_ALharbi_test/backend-laravel/vendor/laravel/framework/src/Illuminate/Foundation/Http/Kernel.php(200): Illuminate/Routing/Router->dispatch(Object(Illuminate/Http/Request))
#27 C:/Users/PC/Documents/GitHub/Fawaz_ALharbi_test/backend-laravel/vendor/laravel/framework/src/Illuminate/Pipeline/Pipeline.php(144): Illuminate/Foundation/Http/Kernel->Illuminate/Foundation/Http/{closure}(Object(Illuminate/Http/Request))
#28 C:/Users/PC/Documents/GitHub/Fawaz_ALharbi_test/backend-laravel/vendor/laravel/framework/src/Illuminate/Foundation/Http/Middleware/TransformsRequest.php(21): Illuminate/Pipeline/Pipeline->Illuminate/Pipeline/{closure}(Object(Illuminate/Http/Request))
#29 C:/Users/PC/Documents/GitHub/Fawaz_ALharbi_test/backend-laravel/vendor/laravel/framework/src/Illuminate/Foundation/Http/Middleware/ConvertEmptyStringsToNull.php(31): Illuminate/Foundation/Http/Middleware/TransformsRequest->handle(Object(Illuminate/Http/Request), Object(Closure))
#30 C:/Users/PC/Documents/GitHub/Fawaz_ALharbi_test/backend-laravel/vendor/laravel/framework/src/Illuminate/Pipeline/Pipeline.php(183): Illuminate/Foundation/Http/Middleware/ConvertEmptyStringsToNull->handle(Object(Illuminate/Http/Request), Object(Closure))
#31 C:/Users/PC/Documents/GitHub/Fawaz_ALharbi_test/backend-laravel/vendor/laravel/framework/src/Illuminate/Foundation/Http/Middleware/TransformsRequest.php(21): Illuminate/Pipeline/Pipeline->Illuminate/Pipeline/{closure}(Object(Illuminate/Http/Request))
#32 C:/Users/PC/Documents/GitHub/Fawaz_ALharbi_test/backend-laravel/vendor/laravel/framework/src/Illuminate/Foundation/Http/Middleware/TrimStrings.php(40): Illuminate/Foundation/Http/Middleware/TransformsRequest->handle(Object(Illuminate/Http/Request), Object(Closure))
#33 C:/Users/PC/Documents/GitHub/Fawaz_ALharbi_test/backend-laravel/vendor/laravel/framework/src/Illuminate/Pipeline/Pipeline.php(183): Illuminate/Foundation/Http/Middleware/TrimStrings->handle(Object(Illuminate/Http/Request), Object(Closure))
#34 C:/Users/PC/Documents/GitHub/Fawaz_ALharbi_test/backend-laravel/vendor/laravel/framework/src/Illuminate/Foundation/Http/Middleware/ValidatePostSize.php(27): Illuminate/Pipeline/Pipeline->Illuminate/Pipeline/{closure}(Object(Illuminate/Http/Request))
#35 C:/Users/PC/Documents/GitHub/Fawaz_ALharbi_test/backend-laravel/vendor/laravel/framework/src/Illuminate/Pipeline/Pipeline.php(183): Illuminate/Foundation/Http/Middleware/ValidatePostSize->handle(Object(Illuminate/Http/Request), Object(Closure))
#36 C:/Users/PC/Documents/GitHub/Fawaz_ALharbi_test/backend-laravel/vendor/laravel/framework/src/Illuminate/Foundation/Http/Middleware/PreventRequestsDuringMaintenance.php(99): Illuminate/Pipeline/Pipeline->Illuminate/Pipeline/{closure}(Object(Illuminate/Http/Request))
#37 C:/Users/PC/Documents/GitHub/Fawaz_ALharbi_test/backend-laravel/vendor/laravel/framework/src/Illuminate/Pipeline/Pipeline.php(183): Illuminate/Foundation/Http/Middleware/PreventRequestsDuringMaintenance->handle(Object(Illuminate/Http/Request), Object(Closure))
#38 C:/Users/PC/Documents/GitHub/Fawaz_ALharbi_test/backend-laravel/vendor/laravel/framework/src/Illuminate/Http/Middleware/HandleCors.php(62): Illuminate/Pipeline/Pipeline->Illuminate/Pipeline/{closure}(Object(Illuminate/Http/Request))
#39 C:/Users/PC/Documents/GitHub/Fawaz_ALharbi_test/backend-laravel/vendor/laravel/framework/src/Illuminate/Pipeline/Pipeline.php(183): Illuminate/Http/Middleware/HandleCors->handle(Object(Illuminate/Http/Request), Object(Closure))
#40 C:/Users/PC/Documents/GitHub/Fawaz_ALharbi_test/backend-laravel/vendor/laravel/framework/src/Illuminate/Http/Middleware/TrustProxies.php(39): Illuminate/Pipeline/Pipeline->Illuminate/Pipeline/{closure}(Object(Illuminate/Http/Request))
#41 C:/Users/PC/Documents/GitHub/Fawaz_ALharbi_test/backend-laravel/vendor/laravel/framework/src/Illuminate/Pipeline/Pipeline.php(183): Illuminate/Http/Middleware/TrustProxies->handle(Object(Illuminate/Http/Request), Object(Closure))
#42 C:/Users/PC/Documents/GitHub/Fawaz_ALharbi_test/backend-laravel/vendor/laravel/framework/src/Illuminate/Pipeline/Pipeline.php(119): Illuminate/Pipeline/Pipeline->Illuminate/Pipeline/{closure}(Object(Illuminate/Http/Request))
#43 C:/Users/PC/Documents/GitHub/Fawaz_ALharbi_test/backend-laravel/vendor/laravel/framework/src/Illuminate/Foundation/Http/Kernel.php(175): Illuminate/Pipeline/Pipeline->then(Object(Closure))
#44 C:/Users/PC/Documents/GitHub/Fawaz_ALharbi_test/backend-laravel/vendor/laravel/framework/src/Illuminate/Foundation/Http/Kernel.php(144): Illuminate/Foundation/Http/Kernel->sendRequestThroughRouter(Object(Illuminate/Http/Request))
#45 C:/Users/PC/Documents/GitHub/Fawaz_ALharbi_test/backend-laravel/public/index.php(52): Illuminate/Foundation/Http/Kernel->handle(Object(Illuminate/Http/Request))
#46 C:/Users/PC/Documents/GitHub/Fawaz_ALharbi_test/backend-laravel/vendor/laravel/framework/src/Illuminate/Foundation/resources/server.php(16): require_once('C://Users//PC//Doc...')
#47 {main}
"} 
[2026-08-14 13:43:53] local.ERROR: SQLSTATE[01000]: Warning: 1265 Data truncated for column 'payment_status' at row 1 (Connection: mysql, SQL: insert into `bookings` (`tenant_id`, `customer_id`, `merchant_id`, `service_id`, `client`, `merchant`, `service`, `scheduled_at`, `duration_minutes`, `base_price`, `discount_amount`, `tax_amount`, `total_price`, `payment_status`, `payment_method`, `status`, `customer_notes`, `created_at`, `updated_at`) values (1, 1, 1, 1, FAWAZ, Wolff and Sons, Networked coherent intranet, 2026-08-15 10:00:00, 60, 182, 0, 27.3, 182, paid, card, confirmed, ?, 2026-08-14 13:43:53, 2026-08-14 13:43:53)) {"userId":2,"exception":"[object] (Illuminate\\Database\\QueryException(code: 01000): SQLSTATE[01000]: Warning: 1265 Data truncated for column 'payment_status' at row 1 (Connection: mysql, SQL: insert into `bookings` (`tenant_id`, `customer_id`, `merchant_id`, `service_id`, `client`, `merchant`, `service`, `scheduled_at`, `duration_minutes`, `base_price`, `discount_amount`, `tax_amount`, `total_price`, `payment_status`, `payment_method`, `status`, `customer_notes`, `created_at`, `updated_at`) values (1, 1, 1, 1, FAWAZ, Wolff and Sons, Networked coherent intranet, 2026-08-15 10:00:00, 60, 182, 0, 27.3, 182, paid, card, confirmed, ?, 2026-08-14 13:43:53, 2026-08-14 13:43:53)) at C:/Users/PC/Documents/GitHub/Fawaz_ALharbi_test/backend-laravel/vendor/laravel/framework/src/Illuminate/Database/Connection.php:829)
[stacktrace]
#0 C:/Users/PC/Documents/GitHub/Fawaz_ALharbi_test/backend-laravel/vendor/laravel/framework/src/Illuminate/Database/Connection.php(783): Illuminate/Database/Connection->runQueryCallback('insert into `bo...', Array, Object(Closure))
#1 C:/Users/PC/Documents/GitHub/Fawaz_ALharbi_test/backend-laravel/vendor/laravel/framework/src/Illuminate/Database/MySqlConnection.php(50): Illuminate/Database/Connection->run('insert into `bo...', Array, Object(Closure))
#2 C:/Users/PC/Documents/GitHub/Fawaz_ALharbi_test/backend-laravel/vendor/laravel/framework/src/Illuminate/Database/Query/Processors/MySqlProcessor.php(35): Illuminate/Database/MySqlConnection->insert('insert into `bo...', Array, NULL)
#3 C:/Users/PC/Documents/GitHub/Fawaz_ALharbi_test/backend-laravel/vendor/laravel/framework/src/Illuminate/Database/Query/Builder.php(3549): Illuminate/Database/Query/Processors/MySqlProcessor->processInsertGetId(Object(Illuminate/Database/Query/Builder), 'insert into `bo...', Array, NULL)
#4 C:/Users/PC/Documents/GitHub/Fawaz_ALharbi_test/backend-laravel/app/Http/Controllers/Api/BookingController.php(103): Illuminate/Database/Query/Builder->insertGetId(Array)
#5 C:/Users/PC/Documents/GitHub/Fawaz_ALharbi_test/backend-laravel/vendor/laravel/framework/src/Illuminate/Routing/Controller.php(54): App/Http/Controllers/Api/BookingController->store(Object(Illuminate/Http/Request))
#6 C:/Users/PC/Documents/GitHub/Fawaz_ALharbi_test/backend-laravel/vendor/laravel/framework/src/Illuminate/Routing/ControllerDispatcher.php(43): Illuminate/Routing/Controller->callAction('store', Array)
#7 C:/Users/PC/Documents/GitHub/Fawaz_ALharbi_test/backend-laravel/vendor/laravel/framework/src/Illuminate/Routing/Route.php(260): Illuminate/Routing/ControllerDispatcher->dispatch(Object(Illuminate/Routing/Route), Object(App/Http/Controllers/Api/BookingController), 'store')
#8 C:/Users/PC/Documents/GitHub/Fawaz_ALharbi_test/backend-laravel/vendor/laravel/framework/src/Illuminate/Routing/Route.php(205): Illuminate/Routing/Route->runController()
#9 C:/Users/PC/Documents/GitHub/Fawaz_ALharbi_test/backend-laravel/vendor/laravel/framework/src/Illuminate/Routing/Router.php(806): Illuminate/Routing/Route->run()
#10 C:/Users/PC/Documents/GitHub/Fawaz_ALharbi_test/backend-laravel/vendor/laravel/framework/src/Illuminate/Pipeline/Pipeline.php(144): Illuminate/Routing/Router->Illuminate/Routing/{closure}(Object(Illuminate/Http/Request))
#11 C:/Users/PC/Documents/GitHub/Fawaz_ALharbi_test/backend-laravel/vendor/laravel/framework/src/Illuminate/Routing/Middleware/SubstituteBindings.php(50): Illuminate/Pipeline/Pipeline->Illuminate/Pipeline/{closure}(Object(Illuminate/Http/Request))
#12 C:/Users/PC/Documents/GitHub/Fawaz_ALharbi_test/backend-laravel/vendor/laravel/framework/src/Illuminate/Pipeline/Pipeline.php(183): Illuminate/Routing/Middleware/SubstituteBindings->handle(Object(Illuminate/Http/Request), Object(Closure))
#13 C:/Users/PC/Documents/GitHub/Fawaz_ALharbi_test/backend-laravel/vendor/laravel/framework/src/Illuminate/Routing/Middleware/ThrottleRequests.php(159): Illuminate/Pipeline/Pipeline->Illuminate/Pipeline/{closure}(Object(Illuminate/Http/Request))
#14 C:/Users/PC/Documents/GitHub/Fawaz_ALharbi_test/backend-laravel/vendor/laravel/framework/src/Illuminate/Routing/Middleware/ThrottleRequests.php(135): Illuminate/Routing/Middleware/ThrottleRequests->handleRequest(Object(Illuminate/Http/Request), Object(Closure), Array)
#15 C:/Users/PC/Documents/GitHub/Fawaz_ALharbi_test/backend-laravel/vendor/laravel/framework/src/Illuminate/Routing/Middleware/ThrottleRequests.php(87): Illuminate/Routing/Middleware/ThrottleRequests->handleRequestUsingNamedLimiter(Object(Illuminate/Http/Request), Object(Closure), 'api', Object(Closure))
#16 C:/Users/PC/Documents/GitHub/Fawaz_ALharbi_test/backend-laravel/vendor/laravel/framework/src/Illuminate/Pipeline/Pipeline.php(183): Illuminate/Routing/Middleware/ThrottleRequests->handle(Object(Illuminate/Http/Request), Object(Closure), 'api')
#17 C:/Users/PC/Documents/GitHub/Fawaz_ALharbi_test/backend-laravel/vendor/laravel/framework/src/Illuminate/Auth/Middleware/Authenticate.php(57): Illuminate/Pipeline/Pipeline->Illuminate/Pipeline/{closure}(Object(Illuminate/Http/Request))
#18 C:/Users/PC/Documents/GitHub/Fawaz_ALharbi_test/backend-laravel/vendor/laravel/framework/src/Illuminate/Pipeline/Pipeline.php(183): Illuminate/Auth/Middleware/Authenticate->handle(Object(Illuminate/Http/Request), Object(Closure), 'sanctum')
#19 C:/Users/PC/Documents/GitHub/Fawaz_ALharbi_test/backend-laravel/vendor/laravel/framework/src/Illuminate/Pipeline/Pipeline.php(119): Illuminate/Pipeline/Pipeline->Illuminate/Pipeline/{closure}(Object(Illuminate/Http/Request))
#20 C:/Users/PC/Documents/GitHub/Fawaz_ALharbi_test/backend-laravel/vendor/laravel/framework/src/Illuminate/Routing/Router.php(807): Illuminate/Pipeline/Pipeline->then(Object(Closure))
#21 C:/Users/PC/Documents/GitHub/Fawaz_ALharbi_test/backend-laravel/vendor/laravel/framework/src/Illuminate/Routing/Router.php(784): Illuminate/Routing/Router->runRouteWithinStack(Object(Illuminate/Routing/Route), Object(Illuminate/Http/Request))
#22 C:/Users/PC/Documents/GitHub/Fawaz_ALharbi_test/backend-laravel/vendor/laravel/framework/src/Illuminate/Routing/Router.php(748): Illuminate/Routing/Router->runRoute(Object(Illuminate/Http/Request), Object(Illuminate/Routing/Route))
#23 C:/Users/PC/Documents/GitHub/Fawaz_ALharbi_test/backend-laravel/vendor/laravel/framework/src/Illuminate/Routing/Router.php(737): Illuminate/Routing/Router->dispatchToRoute(Object(Illuminate/Http/Request))
#24 C:/Users/PC/Documents/GitHub/Fawaz_ALharbi_test/backend-laravel/vendor/laravel/framework/src/Illuminate/Foundation/Http/Kernel.php(200): Illuminate/Routing/Router->dispatch(Object(Illuminate/Http/Request))
#25 C:/Users/PC/Documents/GitHub/Fawaz_ALharbi_test/backend-laravel/vendor/laravel/framework/src/Illuminate/Pipeline/Pipeline.php(144): Illuminate/Foundation/Http/Kernel->Illuminate/Foundation/Http/{closure}(Object(Illuminate/Http/Request))
#26 C:/Users/PC/Documents/GitHub/Fawaz_ALharbi_test/backend-laravel/vendor/laravel/framework/src/Illuminate/Foundation/Http/Middleware/TransformsRequest.php(21): Illuminate/Pipeline/Pipeline->Illuminate/Pipeline/{closure}(Object(Illuminate/Http/Request))
#27 C:/Users/PC/Documents/GitHub/Fawaz_ALharbi_test/backend-laravel/vendor/laravel/framework/src/Illuminate/Foundation/Http/Middleware/ConvertEmptyStringsToNull.php(31): Illuminate/Foundation/Http/Middleware/TransformsRequest->handle(Object(Illuminate/Http/Request), Object(Closure))
#28 C:/Users/PC/Documents/GitHub/Fawaz_ALharbi_test/backend-laravel/vendor/laravel/framework/src/Illuminate/Pipeline/Pipeline.php(183): Illuminate/Foundation/Http/Middleware/ConvertEmptyStringsToNull->handle(Object(Illuminate/Http/Request), Object(Closure))
#29 C:/Users/PC/Documents/GitHub/Fawaz_ALharbi_test/backend-laravel/vendor/laravel/framework/src/Illuminate/Foundation/Http/Middleware/TransformsRequest.php(21): Illuminate/Pipeline/Pipeline->Illuminate/Pipeline/{closure}(Object(Illuminate/Http/Request))
#30 C:/Users/PC/Documents/GitHub/Fawaz_ALharbi_test/backend-laravel/vendor/laravel/framework/src/Illuminate/Foundation/Http/Middleware/TrimStrings.php(40): Illuminate/Foundation/Http/Middleware/TransformsRequest->handle(Object(Illuminate/Http/Request), Object(Closure))
#31 C:/Users/PC/Documents/GitHub/Fawaz_ALharbi_test/backend-laravel/vendor/laravel/framework/src/Illuminate/Pipeline/Pipeline.php(183): Illuminate/Foundation/Http/Middleware/TrimStrings->handle(Object(Illuminate/Http/Request), Object(Closure))
#32 C:/Users/PC/Documents/GitHub/Fawaz_ALharbi_test/backend-laravel/vendor/laravel/framework/src/Illuminate/Foundation/Http/Middleware/ValidatePostSize.php(27): Illuminate/Pipeline/Pipeline->Illuminate/Pipeline/{closure}(Object(Illuminate/Http/Request))
#33 C:/Users/PC/Documents/GitHub/Fawaz_ALharbi_test/backend-laravel/vendor/laravel/framework/src/Illuminate/Pipeline/Pipeline.php(183): Illuminate/Foundation/Http/Middleware/ValidatePostSize->handle(Object(Illuminate/Http/Request), Object(Closure))
#34 C:/Users/PC/Documents/GitHub/Fawaz_ALharbi_test/backend-laravel/vendor/laravel/framework/src/Illuminate/Foundation/Http/Middleware/PreventRequestsDuringMaintenance.php(99): Illuminate/Pipeline/Pipeline->Illuminate/Pipeline/{closure}(Object(Illuminate/Http/Request))
#35 C:/Users/PC/Documents/GitHub/Fawaz_ALharbi_test/backend-laravel/vendor/laravel/framework/src/Illuminate/Pipeline/Pipeline.php(183): Illuminate/Foundation/Http/Middleware/PreventRequestsDuringMaintenance->handle(Object(Illuminate/Http/Request), Object(Closure))
#36 C:/Users/PC/Documents/GitHub/Fawaz_ALharbi_test/backend-laravel/vendor/laravel/framework/src/Illuminate/Http/Middleware/HandleCors.php(62): Illuminate/Pipeline/Pipeline->Illuminate/Pipeline/{closure}(Object(Illuminate/Http/Request))
#37 C:/Users/PC/Documents/GitHub/Fawaz_ALharbi_test/backend-laravel/vendor/laravel/framework/src/Illuminate/Pipeline/Pipeline.php(183): Illuminate/Http/Middleware/HandleCors->handle(Object(Illuminate/Http/Request), Object(Closure))
#38 C:/Users/PC/Documents/GitHub/Fawaz_ALharbi_test/backend-laravel/vendor/laravel/framework/src/Illuminate/Http/Middleware/TrustProxies.php(39): Illuminate/Pipeline/Pipeline->Illuminate/Pipeline/{closure}(Object(Illuminate/Http/Request))
#39 C:/Users/PC/Documents/GitHub/Fawaz_ALharbi_test/backend-laravel/vendor/laravel/framework/src/Illuminate/Pipeline/Pipeline.php(183): Illuminate/Http/Middleware/TrustProxies->handle(Object(Illuminate/Http/Request), Object(Closure))
#40 C:/Users/PC/Documents/GitHub/Fawaz_ALharbi_test/backend-laravel/vendor/laravel/framework/src/Illuminate/Pipeline/Pipeline.php(119): Illuminate/Pipeline/Pipeline->Illuminate/Pipeline/{closure}(Object(Illuminate/Http/Request))
#41 C:/Users/PC/Documents/GitHub/Fawaz_ALharbi_test/backend-laravel/vendor/laravel/framework/src/Illuminate/Foundation/Http/Kernel.php(175): Illuminate/Pipeline/Pipeline->then(Object(Closure))
#42 C:/Users/PC/Documents/GitHub/Fawaz_ALharbi_test/backend-laravel/vendor/laravel/framework/src/Illuminate/Foundation/Http/Kernel.php(144): Illuminate/Foundation/Http/Kernel->sendRequestThroughRouter(Object(Illuminate/Http/Request))
#43 C:/Users/PC/Documents/GitHub/Fawaz_ALharbi_test/backend-laravel/public/index.php(52): Illuminate/Foundation/Http/Kernel->handle(Object(Illuminate/Http/Request))
#44 C:/Users/PC/Documents/GitHub/Fawaz_ALharbi_test/backend-laravel/vendor/laravel/framework/src/Illuminate/Foundation/resources/server.php(16): require_once('C://Users//PC//Doc...')
#45 {main}

[previous exception] [object] (PDOException(code: 01000): SQLSTATE[01000]: Warning: 1265 Data truncated for column 'payment_status' at row 1 at C:/Users/PC/Documents/GitHub/Fawaz_ALharbi_test/backend-laravel/vendor/laravel/framework/src/Illuminate/Database/MySqlConnection.php:45)
[stacktrace]
#0 C:/Users/PC/Documents/GitHub/Fawaz_ALharbi_test/backend-laravel/vendor/laravel/framework/src/Illuminate/Database/MySqlConnection.php(45): PDOStatement->execute()
#1 C:/Users/PC/Documents/GitHub/Fawaz_ALharbi_test/backend-laravel/vendor/laravel/framework/src/Illuminate/Database/Connection.php(816): Illuminate/Database/MySqlConnection->Illuminate/Database/{closure}('insert into `bo...', Array)
#2 C:/Users/PC/Documents/GitHub/Fawaz_ALharbi_test/backend-laravel/vendor/laravel/framework/src/Illuminate/Database/Connection.php(783): Illuminate/Database/Connection->runQueryCallback('insert into `bo...', Array, Object(Closure))
#3 C:/Users/PC/Documents/GitHub/Fawaz_ALharbi_test/backend-laravel/vendor/laravel/framework/src/Illuminate/Database/MySqlConnection.php(50): Illuminate/Database/Connection->run('insert into `bo...', Array, Object(Closure))
#4 C:/Users/PC/Documents/GitHub/Fawaz_ALharbi_test/backend-laravel/vendor/laravel/framework/src/Illuminate/Database/Query/Processors/MySqlProcessor.php(35): Illuminate/Database/MySqlConnection->insert('insert into `bo...', Array, NULL)
#5 C:/Users/PC/Documents/GitHub/Fawaz_ALharbi_test/backend-laravel/vendor/laravel/framework/src/Illuminate/Database/Query/Builder.php(3549): Illuminate/Database/Query/Processors/MySqlProcessor->processInsertGetId(Object(Illuminate/Database/Query/Builder), 'insert into `bo...', Array, NULL)
#6 C:/Users/PC/Documents/GitHub/Fawaz_ALharbi_test/backend-laravel/app/Http/Controllers/Api/BookingController.php(103): Illuminate/Database/Query/Builder->insertGetId(Array)
#7 C:/Users/PC/Documents/GitHub/Fawaz_ALharbi_test/backend-laravel/vendor/laravel/framework/src/Illuminate/Routing/Controller.php(54): App/Http/Controllers/Api/BookingController->store(Object(Illuminate/Http/Request))
#8 C:/Users/PC/Documents/GitHub/Fawaz_ALharbi_test/backend-laravel/vendor/laravel/framework/src/Illuminate/Routing/ControllerDispatcher.php(43): Illuminate/Routing/Controller->callAction('store', Array)
#9 C:/Users/PC/Documents/GitHub/Fawaz_ALharbi_test/backend-laravel/vendor/laravel/framework/src/Illuminate/Routing/Route.php(260): Illuminate/Routing/ControllerDispatcher->dispatch(Object(Illuminate/Routing/Route), Object(App/Http/Controllers/Api/BookingController), 'store')
#10 C:/Users/PC/Documents/GitHub/Fawaz_ALharbi_test/backend-laravel/vendor/laravel/framework/src/Illuminate/Routing/Route.php(205): Illuminate/Routing/Route->runController()
#11 C:/Users/PC/Documents/GitHub/Fawaz_ALharbi_test/backend-laravel/vendor/laravel/framework/src/Illuminate/Routing/Router.php(806): Illuminate/Routing/Route->run()
#12 C:/Users/PC/Documents/GitHub/Fawaz_ALharbi_test/backend-laravel/vendor/laravel/framework/src/Illuminate/Pipeline/Pipeline.php(144): Illuminate/Routing/Router->Illuminate/Routing/{closure}(Object(Illuminate/Http/Request))
#13 C:/Users/PC/Documents/GitHub/Fawaz_ALharbi_test/backend-laravel/vendor/laravel/framework/src/Illuminate/Routing/Middleware/SubstituteBindings.php(50): Illuminate/Pipeline/Pipeline->Illuminate/Pipeline/{closure}(Object(Illuminate/Http/Request))
#14 C:/Users/PC/Documents/GitHub/Fawaz_ALharbi_test/backend-laravel/vendor/laravel/framework/src/Illuminate/Pipeline/Pipeline.php(183): Illuminate/Routing/Middleware/SubstituteBindings->handle(Object(Illuminate/Http/Request), Object(Closure))
#15 C:/Users/PC/Documents/GitHub/Fawaz_ALharbi_test/backend-laravel/vendor/laravel/framework/src/Illuminate/Routing/Middleware/ThrottleRequests.php(159): Illuminate/Pipeline/Pipeline->Illuminate/Pipeline/{closure}(Object(Illuminate/Http/Request))
#16 C:/Users/PC/Documents/GitHub/Fawaz_ALharbi_test/backend-laravel/vendor/laravel/framework/src/Illuminate/Routing/Middleware/ThrottleRequests.php(135): Illuminate/Routing/Middleware/ThrottleRequests->handleRequest(Object(Illuminate/Http/Request), Object(Closure), Array)
#17 C:/Users/PC/Documents/GitHub/Fawaz_ALharbi_test/backend-laravel/vendor/laravel/framework/src/Illuminate/Routing/Middleware/ThrottleRequests.php(87): Illuminate/Routing/Middleware/ThrottleRequests->handleRequestUsingNamedLimiter(Object(Illuminate/Http/Request), Object(Closure), 'api', Object(Closure))
#18 C:/Users/PC/Documents/GitHub/Fawaz_ALharbi_test/backend-laravel/vendor/laravel/framework/src/Illuminate/Pipeline/Pipeline.php(183): Illuminate/Routing/Middleware/ThrottleRequests->handle(Object(Illuminate/Http/Request), Object(Closure), 'api')
#19 C:/Users/PC/Documents/GitHub/Fawaz_ALharbi_test/backend-laravel/vendor/laravel/framework/src/Illuminate/Auth/Middleware/Authenticate.php(57): Illuminate/Pipeline/Pipeline->Illuminate/Pipeline/{closure}(Object(Illuminate/Http/Request))
#20 C:/Users/PC/Documents/GitHub/Fawaz_ALharbi_test/backend-laravel/vendor/laravel/framework/src/Illuminate/Pipeline/Pipeline.php(183): Illuminate/Auth/Middleware/Authenticate->handle(Object(Illuminate/Http/Request), Object(Closure), 'sanctum')
#21 C:/Users/PC/Documents/GitHub/Fawaz_ALharbi_test/backend-laravel/vendor/laravel/framework/src/Illuminate/Pipeline/Pipeline.php(119): Illuminate/Pipeline/Pipeline->Illuminate/Pipeline/{closure}(Object(Illuminate/Http/Request))
#22 C:/Users/PC/Documents/GitHub/Fawaz_ALharbi_test/backend-laravel/vendor/laravel/framework/src/Illuminate/Routing/Router.php(807): Illuminate/Pipeline/Pipeline->then(Object(Closure))
#23 C:/Users/PC/Documents/GitHub/Fawaz_ALharbi_test/backend-laravel/vendor/laravel/framework/src/Illuminate/Routing/Router.php(784): Illuminate/Routing/Router->runRouteWithinStack(Object(Illuminate/Routing/Route), Object(Illuminate/Http/Request))
#24 C:/Users/PC/Documents/GitHub/Fawaz_ALharbi_test/backend-laravel/vendor/laravel/framework/src/Illuminate/Routing/Router.php(748): Illuminate/Routing/Router->runRoute(Object(Illuminate/Http/Request), Object(Illuminate/Routing/Route))
#25 C:/Users/PC/Documents/GitHub/Fawaz_ALharbi_test/backend-laravel/vendor/laravel/framework/src/Illuminate/Routing/Router.php(737): Illuminate/Routing/Router->dispatchToRoute(Object(Illuminate/Http/Request))
#26 C:/Users/PC/Documents/GitHub/Fawaz_ALharbi_test/backend-laravel/vendor/laravel/framework/src/Illuminate/Foundation/Http/Kernel.php(200): Illuminate/Routing/Router->dispatch(Object(Illuminate/Http/Request))
#27 C:/Users/PC/Documents/GitHub/Fawaz_ALharbi_test/backend-laravel/vendor/laravel/framework/src/Illuminate/Pipeline/Pipeline.php(144): Illuminate/Foundation/Http/Kernel->Illuminate/Foundation/Http/{closure}(Object(Illuminate/Http/Request))
#28 C:/Users/PC/Documents/GitHub/Fawaz_ALharbi_test/backend-laravel/vendor/laravel/framework/src/Illuminate/Foundation/Http/Middleware/TransformsRequest.php(21): Illuminate/Pipeline/Pipeline->Illuminate/Pipeline/{closure}(Object(Illuminate/Http/Request))
#29 C:/Users/PC/Documents/GitHub/Fawaz_ALharbi_test/backend-laravel/vendor/laravel/framework/src/Illuminate/Foundation/Http/Middleware/ConvertEmptyStringsToNull.php(31): Illuminate/Foundation/Http/Middleware/TransformsRequest->handle(Object(Illuminate/Http/Request), Object(Closure))
#30 C:/Users/PC/Documents/GitHub/Fawaz_ALharbi_test/backend-laravel/vendor/laravel/framework/src/Illuminate/Pipeline/Pipeline.php(183): Illuminate/Foundation/Http/Middleware/ConvertEmptyStringsToNull->handle(Object(Illuminate/Http/Request), Object(Closure))
#31 C:/Users/PC/Documents/GitHub/Fawaz_ALharbi_test/backend-laravel/vendor/laravel/framework/src/Illuminate/Foundation/Http/Middleware/TransformsRequest.php(21): Illuminate/Pipeline/Pipeline->Illuminate/Pipeline/{closure}(Object(Illuminate/Http/Request))
#32 C:/Users/PC/Documents/GitHub/Fawaz_ALharbi_test/backend-laravel/vendor/laravel/framework/src/Illuminate/Foundation/Http/Middleware/TrimStrings.php(40): Illuminate/Foundation/Http/Middleware/TransformsRequest->handle(Object(Illuminate/Http/Request), Object(Closure))
#33 C:/Users/PC/Documents/GitHub/Fawaz_ALharbi_test/backend-laravel/vendor/laravel/framework/src/Illuminate/Pipeline/Pipeline.php(183): Illuminate/Foundation/Http/Middleware/TrimStrings->handle(Object(Illuminate/Http/Request), Object(Closure))
#34 C:/Users/PC/Documents/GitHub/Fawaz_ALharbi_test/backend-laravel/vendor/laravel/framework/src/Illuminate/Foundation/Http/Middleware/ValidatePostSize.php(27): Illuminate/Pipeline/Pipeline->Illuminate/Pipeline/{closure}(Object(Illuminate/Http/Request))
#35 C:/Users/PC/Documents/GitHub/Fawaz_ALharbi_test/backend-laravel/vendor/laravel/framework/src/Illuminate/Pipeline/Pipeline.php(183): Illuminate/Foundation/Http/Middleware/ValidatePostSize->handle(Object(Illuminate/Http/Request), Object(Closure))
#36 C:/Users/PC/Documents/GitHub/Fawaz_ALharbi_test/backend-laravel/vendor/laravel/framework/src/Illuminate/Foundation/Http/Middleware/PreventRequestsDuringMaintenance.php(99): Illuminate/Pipeline/Pipeline->Illuminate/Pipeline/{closure}(Object(Illuminate/Http/Request))
#37 C:/Users/PC/Documents/GitHub/Fawaz_ALharbi_test/backend-laravel/vendor/laravel/framework/src/Illuminate/Pipeline/Pipeline.php(183): Illuminate/Foundation/Http/Middleware/PreventRequestsDuringMaintenance->handle(Object(Illuminate/Http/Request), Object(Closure))
#38 C:/Users/PC/Documents/GitHub/Fawaz_ALharbi_test/backend-laravel/vendor/laravel/framework/src/Illuminate/Http/Middleware/HandleCors.php(62): Illuminate/Pipeline/Pipeline->Illuminate/Pipeline/{closure}(Object(Illuminate/Http/Request))
#39 C:/Users/PC/Documents/GitHub/Fawaz_ALharbi_test/backend-laravel/vendor/laravel/framework/src/Illuminate/Pipeline/Pipeline.php(183): Illuminate/Http/Middleware/HandleCors->handle(Object(Illuminate/Http/Request), Object(Closure))
#40 C:/Users/PC/Documents/GitHub/Fawaz_ALharbi_test/backend-laravel/vendor/laravel/framework/src/Illuminate/Http/Middleware/TrustProxies.php(39): Illuminate/Pipeline/Pipeline->Illuminate/Pipeline/{closure}(Object(Illuminate/Http/Request))
#41 C:/Users/PC/Documents/GitHub/Fawaz_ALharbi_test/backend-laravel/vendor/laravel/framework/src/Illuminate/Pipeline/Pipeline.php(183): Illuminate/Http/Middleware/TrustProxies->handle(Object(Illuminate/Http/Request), Object(Closure))
#42 C:/Users/PC/Documents/GitHub/Fawaz_ALharbi_test/backend-laravel/vendor/laravel/framework/src/Illuminate/Pipeline/Pipeline.php(119): Illuminate/Pipeline/Pipeline->Illuminate/Pipeline/{closure}(Object(Illuminate/Http/Request))
#43 C:/Users/PC/Documents/GitHub/Fawaz_ALharbi_test/backend-laravel/vendor/laravel/framework/src/Illuminate/Foundation/Http/Kernel.php(175): Illuminate/Pipeline/Pipeline->then(Object(Closure))
#44 C:/Users/PC/Documents/GitHub/Fawaz_ALharbi_test/backend-laravel/vendor/laravel/framework/src/Illuminate/Foundation/Http/Kernel.php(144): Illuminate/Foundation/Http/Kernel->sendRequestThroughRouter(Object(Illuminate/Http/Request))
#45 C:/Users/PC/Documents/GitHub/Fawaz_ALharbi_test/backend-laravel/public/index.php(52): Illuminate/Foundation/Http/Kernel->handle(Object(Illuminate/Http/Request))
#46 C:/Users/PC/Documents/GitHub/Fawaz_ALharbi_test/backend-laravel/vendor/laravel/framework/src/Illuminate/Foundation/resources/server.php(16): require_once('C://Users//PC//Doc...')
#47 {main}
"} 
[2026-08-14 13:43:53] local.ERROR: SQLSTATE[01000]: Warning: 1265 Data truncated for column 'payment_status' at row 1 (Connection: mysql, SQL: insert into `bookings` (`tenant_id`, `customer_id`, `merchant_id`, `service_id`, `client`, `merchant`, `service`, `scheduled_at`, `duration_minutes`, `base_price`, `discount_amount`, `tax_amount`, `total_price`, `payment_status`, `payment_method`, `status`, `customer_notes`, `created_at`, `updated_at`) values (1, 1, 1, 1, FAWAZ, Wolff and Sons, Networked coherent intranet, 2026-08-15 10:00:00, 60, 182, 0, 27.3, 182, paid, card, confirmed, ?, 2026-08-14 13:43:53, 2026-08-14 13:43:53)) {"userId":2,"exception":"[object] (Illuminate\\Database\\QueryException(code: 01000): SQLSTATE[01000]: Warning: 1265 Data truncated for column 'payment_status' at row 1 (Connection: mysql, SQL: insert into `bookings` (`tenant_id`, `customer_id`, `merchant_id`, `service_id`, `client`, `merchant`, `service`, `scheduled_at`, `duration_minutes`, `base_price`, `discount_amount`, `tax_amount`, `total_price`, `payment_status`, `payment_method`, `status`, `customer_notes`, `created_at`, `updated_at`) values (1, 1, 1, 1, FAWAZ, Wolff and Sons, Networked coherent intranet, 2026-08-15 10:00:00, 60, 182, 0, 27.3, 182, paid, card, confirmed, ?, 2026-08-14 13:43:53, 2026-08-14 13:43:53)) at C:/Users/PC/Documents/GitHub/Fawaz_ALharbi_test/backend-laravel/vendor/laravel/framework/src/Illuminate/Database/Connection.php:829)
[stacktrace]
#0 C:/Users/PC/Documents/GitHub/Fawaz_ALharbi_test/backend-laravel/vendor/laravel/framework/src/Illuminate/Database/Connection.php(783): Illuminate/Database/Connection->runQueryCallback('insert into `bo...', Array, Object(Closure))
#1 C:/Users/PC/Documents/GitHub/Fawaz_ALharbi_test/backend-laravel/vendor/laravel/framework/src/Illuminate/Database/MySqlConnection.php(50): Illuminate/Database/Connection->run('insert into `bo...', Array, Object(Closure))
#2 C:/Users/PC/Documents/GitHub/Fawaz_ALharbi_test/backend-laravel/vendor/laravel/framework/src/Illuminate/Database/Query/Processors/MySqlProcessor.php(35): Illuminate/Database/MySqlConnection->insert('insert into `bo...', Array, NULL)
#3 C:/Users/PC/Documents/GitHub/Fawaz_ALharbi_test/backend-laravel/vendor/laravel/framework/src/Illuminate/Database/Query/Builder.php(3549): Illuminate/Database/Query/Processors/MySqlProcessor->processInsertGetId(Object(Illuminate/Database/Query/Builder), 'insert into `bo...', Array, NULL)
#4 C:/Users/PC/Documents/GitHub/Fawaz_ALharbi_test/backend-laravel/app/Http/Controllers/Api/BookingController.php(103): Illuminate/Database/Query/Builder->insertGetId(Array)
#5 C:/Users/PC/Documents/GitHub/Fawaz_ALharbi_test/backend-laravel/vendor/laravel/framework/src/Illuminate/Routing/Controller.php(54): App/Http/Controllers/Api/BookingController->store(Object(Illuminate/Http/Request))
#6 C:/Users/PC/Documents/GitHub/Fawaz_ALharbi_test/backend-laravel/vendor/laravel/framework/src/Illuminate/Routing/ControllerDispatcher.php(43): Illuminate/Routing/Controller->callAction('store', Array)
#7 C:/Users/PC/Documents/GitHub/Fawaz_ALharbi_test/backend-laravel/vendor/laravel/framework/src/Illuminate/Routing/Route.php(260): Illuminate/Routing/ControllerDispatcher->dispatch(Object(Illuminate/Routing/Route), Object(App/Http/Controllers/Api/BookingController), 'store')
#8 C:/Users/PC/Documents/GitHub/Fawaz_ALharbi_test/backend-laravel/vendor/laravel/framework/src/Illuminate/Routing/Route.php(205): Illuminate/Routing/Route->runController()
#9 C:/Users/PC/Documents/GitHub/Fawaz_ALharbi_test/backend-laravel/vendor/laravel/framework/src/Illuminate/Routing/Router.php(806): Illuminate/Routing/Route->run()
#10 C:/Users/PC/Documents/GitHub/Fawaz_ALharbi_test/backend-laravel/vendor/laravel/framework/src/Illuminate/Pipeline/Pipeline.php(144): Illuminate/Routing/Router->Illuminate/Routing/{closure}(Object(Illuminate/Http/Request))
#11 C:/Users/PC/Documents/GitHub/Fawaz_ALharbi_test/backend-laravel/vendor/laravel/framework/src/Illuminate/Routing/Middleware/SubstituteBindings.php(50): Illuminate/Pipeline/Pipeline->Illuminate/Pipeline/{closure}(Object(Illuminate/Http/Request))
#12 C:/Users/PC/Documents/GitHub/Fawaz_ALharbi_test/backend-laravel/vendor/laravel/framework/src/Illuminate/Pipeline/Pipeline.php(183): Illuminate/Routing/Middleware/SubstituteBindings->handle(Object(Illuminate/Http/Request), Object(Closure))
#13 C:/Users/PC/Documents/GitHub/Fawaz_ALharbi_test/backend-laravel/vendor/laravel/framework/src/Illuminate/Routing/Middleware/ThrottleRequests.php(159): Illuminate/Pipeline/Pipeline->Illuminate/Pipeline/{closure}(Object(Illuminate/Http/Request))
#14 C:/Users/PC/Documents/GitHub/Fawaz_ALharbi_test/backend-laravel/vendor/laravel/framework/src/Illuminate/Routing/Middleware/ThrottleRequests.php(135): Illuminate/Routing/Middleware/ThrottleRequests->handleRequest(Object(Illuminate/Http/Request), Object(Closure), Array)
#15 C:/Users/PC/Documents/GitHub/Fawaz_ALharbi_test/backend-laravel/vendor/laravel/framework/src/Illuminate/Routing/Middleware/ThrottleRequests.php(87): Illuminate/Routing/Middleware/ThrottleRequests->handleRequestUsingNamedLimiter(Object(Illuminate/Http/Request), Object(Closure), 'api', Object(Closure))
#16 C:/Users/PC/Documents/GitHub/Fawaz_ALharbi_test/backend-laravel/vendor/laravel/framework/src/Illuminate/Pipeline/Pipeline.php(183): Illuminate/Routing/Middleware/ThrottleRequests->handle(Object(Illuminate/Http/Request), Object(Closure), 'api')
#17 C:/Users/PC/Documents/GitHub/Fawaz_ALharbi_test/backend-laravel/vendor/laravel/framework/src/Illuminate/Auth/Middleware/Authenticate.php(57): Illuminate/Pipeline/Pipeline->Illuminate/Pipeline/{closure}(Object(Illuminate/Http/Request))
#18 C:/Users/PC/Documents/GitHub/Fawaz_ALharbi_test/backend-laravel/vendor/laravel/framework/src/Illuminate/Pipeline/Pipeline.php(183): Illuminate/Auth/Middleware/Authenticate->handle(Object(Illuminate/Http/Request), Object(Closure), 'sanctum')
#19 C:/Users/PC/Documents/GitHub/Fawaz_ALharbi_test/backend-laravel/vendor/laravel/framework/src/Illuminate/Pipeline/Pipeline.php(119): Illuminate/Pipeline/Pipeline->Illuminate/Pipeline/{closure}(Object(Illuminate/Http/Request))
#20 C:/Users/PC/Documents/GitHub/Fawaz_ALharbi_test/backend-laravel/vendor/laravel/framework/src/Illuminate/Routing/Router.php(807): Illuminate/Pipeline/Pipeline->then(Object(Closure))
#21 C:/Users/PC/Documents/GitHub/Fawaz_ALharbi_test/backend-laravel/vendor/laravel/framework/src/Illuminate/Routing/Router.php(784): Illuminate/Routing/Router->runRouteWithinStack(Object(Illuminate/Routing/Route), Object(Illuminate/Http/Request))
#22 C:/Users/PC/Documents/GitHub/Fawaz_ALharbi_test/backend-laravel/vendor/laravel/framework/src/Illuminate/Routing/Router.php(748): Illuminate/Routing/Router->runRoute(Object(Illuminate/Http/Request), Object(Illuminate/Routing/Route))
#23 C:/Users/PC/Documents/GitHub/Fawaz_ALharbi_test/backend-laravel/vendor/laravel/framework/src/Illuminate/Routing/Router.php(737): Illuminate/Routing/Router->dispatchToRoute(Object(Illuminate/Http/Request))
#24 C:/Users/PC/Documents/GitHub/Fawaz_ALharbi_test/backend-laravel/vendor/laravel/framework/src/Illuminate/Foundation/Http/Kernel.php(200): Illuminate/Routing/Router->dispatch(Object(Illuminate/Http/Request))
#25 C:/Users/PC/Documents/GitHub/Fawaz_ALharbi_test/backend-laravel/vendor/laravel/framework/src/Illuminate/Pipeline/Pipeline.php(144): Illuminate/Foundation/Http/Kernel->Illuminate/Foundation/Http/{closure}(Object(Illuminate/Http/Request))
#26 C:/Users/PC/Documents/GitHub/Fawaz_ALharbi_test/backend-laravel/vendor/laravel/framework/src/Illuminate/Foundation/Http/Middleware/TransformsRequest.php(21): Illuminate/Pipeline/Pipeline->Illuminate/Pipeline/{closure}(Object(Illuminate/Http/Request))
#27 C:/Users/PC/Documents/GitHub/Fawaz_ALharbi_test/backend-laravel/vendor/laravel/framework/src/Illuminate/Foundation/Http/Middleware/ConvertEmptyStringsToNull.php(31): Illuminate/Foundation/Http/Middleware/TransformsRequest->handle(Object(Illuminate/Http/Request), Object(Closure))
#28 C:/Users/PC/Documents/GitHub/Fawaz_ALharbi_test/backend-laravel/vendor/laravel/framework/src/Illuminate/Pipeline/Pipeline.php(183): Illuminate/Foundation/Http/Middleware/ConvertEmptyStringsToNull->handle(Object(Illuminate/Http/Request), Object(Closure))
#29 C:/Users/PC/Documents/GitHub/Fawaz_ALharbi_test/backend-laravel/vendor/laravel/framework/src/Illuminate/Foundation/Http/Middleware/TransformsRequest.php(21): Illuminate/Pipeline/Pipeline->Illuminate/Pipeline/{closure}(Object(Illuminate/Http/Request))
#30 C:/Users/PC/Documents/GitHub/Fawaz_ALharbi_test/backend-laravel/vendor/laravel/framework/src/Illuminate/Foundation/Http/Middleware/TrimStrings.php(40): Illuminate/Foundation/Http/Middleware/TransformsRequest->handle(Object(Illuminate/Http/Request), Object(Closure))
#31 C:/Users/PC/Documents/GitHub/Fawaz_ALharbi_test/backend-laravel/vendor/laravel/framework/src/Illuminate/Pipeline/Pipeline.php(183): Illuminate/Foundation/Http/Middleware/TrimStrings->handle(Object(Illuminate/Http/Request), Object(Closure))
#32 C:/Users/PC/Documents/GitHub/Fawaz_ALharbi_test/backend-laravel/vendor/laravel/framework/src/Illuminate/Foundation/Http/Middleware/ValidatePostSize.php(27): Illuminate/Pipeline/Pipeline->Illuminate/Pipeline/{closure}(Object(Illuminate/Http/Request))
#33 C:/Users/PC/Documents/GitHub/Fawaz_ALharbi_test/backend-laravel/vendor/laravel/framework/src/Illuminate/Pipeline/Pipeline.php(183): Illuminate/Foundation/Http/Middleware/ValidatePostSize->handle(Object(Illuminate/Http/Request), Object(Closure))
#34 C:/Users/PC/Documents/GitHub/Fawaz_ALharbi_test/backend-laravel/vendor/laravel/framework/src/Illuminate/Foundation/Http/Middleware/PreventRequestsDuringMaintenance.php(99): Illuminate/Pipeline/Pipeline->Illuminate/Pipeline/{closure}(Object(Illuminate/Http/Request))
#35 C:/Users/PC/Documents/GitHub/Fawaz_ALharbi_test/backend-laravel/vendor/laravel/framework/src/Illuminate/Pipeline/Pipeline.php(183): Illuminate/Foundation/Http/Middleware/PreventRequestsDuringMaintenance->handle(Object(Illuminate/Http/Request), Object(Closure))
#36 C:/Users/PC/Documents/GitHub/Fawaz_ALharbi_test/backend-laravel/vendor/laravel/framework/src/Illuminate/Http/Middleware/HandleCors.php(62): Illuminate/Pipeline/Pipeline->Illuminate/Pipeline/{closure}(Object(Illuminate/Http/Request))
#37 C:/Users/PC/Documents/GitHub/Fawaz_ALharbi_test/backend-laravel/vendor/laravel/framework/src/Illuminate/Pipeline/Pipeline.php(183): Illuminate/Http/Middleware/HandleCors->handle(Object(Illuminate/Http/Request), Object(Closure))
#38 C:/Users/PC/Documents/GitHub/Fawaz_ALharbi_test/backend-laravel/vendor/laravel/framework/src/Illuminate/Http/Middleware/TrustProxies.php(39): Illuminate/Pipeline/Pipeline->Illuminate/Pipeline/{closure}(Object(Illuminate/Http/Request))
#39 C:/Users/PC/Documents/GitHub/Fawaz_ALharbi_test/backend-laravel/vendor/laravel/framework/src/Illuminate/Pipeline/Pipeline.php(183): Illuminate/Http/Middleware/TrustProxies->handle(Object(Illuminate/Http/Request), Object(Closure))
#40 C:/Users/PC/Documents/GitHub/Fawaz_ALharbi_test/backend-laravel/vendor/laravel/framework/src/Illuminate/Pipeline/Pipeline.php(119): Illuminate/Pipeline/Pipeline->Illuminate/Pipeline/{closure}(Object(Illuminate/Http/Request))
#41 C:/Users/PC/Documents/GitHub/Fawaz_ALharbi_test/backend-laravel/vendor/laravel/framework/src/Illuminate/Foundation/Http/Kernel.php(175): Illuminate/Pipeline/Pipeline->then(Object(Closure))
#42 C:/Users/PC/Documents/GitHub/Fawaz_ALharbi_test/backend-laravel/vendor/laravel/framework/src/Illuminate/Foundation/Http/Kernel.php(144): Illuminate/Foundation/Http/Kernel->sendRequestThroughRouter(Object(Illuminate/Http/Request))
#43 C:/Users/PC/Documents/GitHub/Fawaz_ALharbi_test/backend-laravel/public/index.php(52): Illuminate/Foundation/Http/Kernel->handle(Object(Illuminate/Http/Request))
#44 C:/Users/PC/Documents/GitHub/Fawaz_ALharbi_test/backend-laravel/vendor/laravel/framework/src/Illuminate/Foundation/resources/server.php(16): require_once('C://Users//PC//Doc...')
#45 {main}

[previous exception] [object] (PDOException(code: 01000): SQLSTATE[01000]: Warning: 1265 Data truncated for column 'payment_status' at row 1 at C:/Users/PC/Documents/GitHub/Fawaz_ALharbi_test/backend-laravel/vendor/laravel/framework/src/Illuminate/Database/MySqlConnection.php:45)
[stacktrace]
#0 C:/Users/PC/Documents/GitHub/Fawaz_ALharbi_test/backend-laravel/vendor/laravel/framework/src/Illuminate/Database/MySqlConnection.php(45): PDOStatement->execute()
#1 C:/Users/PC/Documents/GitHub/Fawaz_ALharbi_test/backend-laravel/vendor/laravel/framework/src/Illuminate/Database/Connection.php(816): Illuminate/Database/MySqlConnection->Illuminate/Database/{closure}('insert into `bo...', Array)
#2 C:/Users/PC/Documents/GitHub/Fawaz_ALharbi_test/backend-laravel/vendor/laravel/framework/src/Illuminate/Database/Connection.php(783): Illuminate/Database/Connection->runQueryCallback('insert into `bo...', Array, Object(Closure))
#3 C:/Users/PC/Documents/GitHub/Fawaz_ALharbi_test/backend-laravel/vendor/laravel/framework/src/Illuminate/Database/MySqlConnection.php(50): Illuminate/Database/Connection->run('insert into `bo...', Array, Object(Closure))
#4 C:/Users/PC/Documents/GitHub/Fawaz_ALharbi_test/backend-laravel/vendor/laravel/framework/src/Illuminate/Database/Query/Processors/MySqlProcessor.php(35): Illuminate/Database/MySqlConnection->insert('insert into `bo...', Array, NULL)
#5 C:/Users/PC/Documents/GitHub/Fawaz_ALharbi_test/backend-laravel/vendor/laravel/framework/src/Illuminate/Database/Query/Builder.php(3549): Illuminate/Database/Query/Processors/MySqlProcessor->processInsertGetId(Object(Illuminate/Database/Query/Builder), 'insert into `bo...', Array, NULL)
#6 C:/Users/PC/Documents/GitHub/Fawaz_ALharbi_test/backend-laravel/app/Http/Controllers/Api/BookingController.php(103): Illuminate/Database/Query/Builder->insertGetId(Array)
#7 C:/Users/PC/Documents/GitHub/Fawaz_ALharbi_test/backend-laravel/vendor/laravel/framework/src/Illuminate/Routing/Controller.php(54): App/Http/Controllers/Api/BookingController->store(Object(Illuminate/Http/Request))
#8 C:/Users/PC/Documents/GitHub/Fawaz_ALharbi_test/backend-laravel/vendor/laravel/framework/src/Illuminate/Routing/ControllerDispatcher.php(43): Illuminate/Routing/Controller->callAction('store', Array)
#9 C:/Users/PC/Documents/GitHub/Fawaz_ALharbi_test/backend-laravel/vendor/laravel/framework/src/Illuminate/Routing/Route.php(260): Illuminate/Routing/ControllerDispatcher->dispatch(Object(Illuminate/Routing/Route), Object(App/Http/Controllers/Api/BookingController), 'store')
#10 C:/Users/PC/Documents/GitHub/Fawaz_ALharbi_test/backend-laravel/vendor/laravel/framework/src/Illuminate/Routing/Route.php(205): Illuminate/Routing/Route->runController()
#11 C:/Users/PC/Documents/GitHub/Fawaz_ALharbi_test/backend-laravel/vendor/laravel/framework/src/Illuminate/Routing/Router.php(806): Illuminate/Routing/Route->run()
#12 C:/Users/PC/Documents/GitHub/Fawaz_ALharbi_test/backend-laravel/vendor/laravel/framework/src/Illuminate/Pipeline/Pipeline.php(144): Illuminate/Routing/Router->Illuminate/Routing/{closure}(Object(Illuminate/Http/Request))
#13 C:/Users/PC/Documents/GitHub/Fawaz_ALharbi_test/backend-laravel/vendor/laravel/framework/src/Illuminate/Routing/Middleware/SubstituteBindings.php(50): Illuminate/Pipeline/Pipeline->Illuminate/Pipeline/{closure}(Object(Illuminate/Http/Request))
#14 C:/Users/PC/Documents/GitHub/Fawaz_ALharbi_test/backend-laravel/vendor/laravel/framework/src/Illuminate/Pipeline/Pipeline.php(183): Illuminate/Routing/Middleware/SubstituteBindings->handle(Object(Illuminate/Http/Request), Object(Closure))
#15 C:/Users/PC/Documents/GitHub/Fawaz_ALharbi_test/backend-laravel/vendor/laravel/framework/src/Illuminate/Routing/Middleware/ThrottleRequests.php(159): Illuminate/Pipeline/Pipeline->Illuminate/Pipeline/{closure}(Object(Illuminate/Http/Request))
#16 C:/Users/PC/Documents/GitHub/Fawaz_ALharbi_test/backend-laravel/vendor/laravel/framework/src/Illuminate/Routing/Middleware/ThrottleRequests.php(135): Illuminate/Routing/Middleware/ThrottleRequests->handleRequest(Object(Illuminate/Http/Request), Object(Closure), Array)
#17 C:/Users/PC/Documents/GitHub/Fawaz_ALharbi_test/backend-laravel/vendor/laravel/framework/src/Illuminate/Routing/Middleware/ThrottleRequests.php(87): Illuminate/Routing/Middleware/ThrottleRequests->handleRequestUsingNamedLimiter(Object(Illuminate/Http/Request), Object(Closure), 'api', Object(Closure))
#18 C:/Users/PC/Documents/GitHub/Fawaz_ALharbi_test/backend-laravel/vendor/laravel/framework/src/Illuminate/Pipeline/Pipeline.php(183): Illuminate/Routing/Middleware/ThrottleRequests->handle(Object(Illuminate/Http/Request), Object(Closure), 'api')
#19 C:/Users/PC/Documents/GitHub/Fawaz_ALharbi_test/backend-laravel/vendor/laravel/framework/src/Illuminate/Auth/Middleware/Authenticate.php(57): Illuminate/Pipeline/Pipeline->Illuminate/Pipeline/{closure}(Object(Illuminate/Http/Request))
#20 C:/Users/PC/Documents/GitHub/Fawaz_ALharbi_test/backend-laravel/vendor/laravel/framework/src/Illuminate/Pipeline/Pipeline.php(183): Illuminate/Auth/Middleware/Authenticate->handle(Object(Illuminate/Http/Request), Object(Closure), 'sanctum')
#21 C:/Users/PC/Documents/GitHub/Fawaz_ALharbi_test/backend-laravel/vendor/laravel/framework/src/Illuminate/Pipeline/Pipeline.php(119): Illuminate/Pipeline/Pipeline->Illuminate/Pipeline/{closure}(Object(Illuminate/Http/Request))
#22 C:/Users/PC/Documents/GitHub/Fawaz_ALharbi_test/backend-laravel/vendor/laravel/framework/src/Illuminate/Routing/Router.php(807): Illuminate/Pipeline/Pipeline->then(Object(Closure))
#23 C:/Users/PC/Documents/GitHub/Fawaz_ALharbi_test/backend-laravel/vendor/laravel/framework/src/Illuminate/Routing/Router.php(784): Illuminate/Routing/Router->runRouteWithinStack(Object(Illuminate/Routing/Route), Object(Illuminate/Http/Request))
#24 C:/Users/PC/Documents/GitHub/Fawaz_ALharbi_test/backend-laravel/vendor/laravel/framework/src/Illuminate/Routing/Router.php(748): Illuminate/Routing/Router->runRoute(Object(Illuminate/Http/Request), Object(Illuminate/Routing/Route))
#25 C:/Users/PC/Documents/GitHub/Fawaz_ALharbi_test/backend-laravel/vendor/laravel/framework/src/Illuminate/Routing/Router.php(737): Illuminate/Routing/Router->dispatchToRoute(Object(Illuminate/Http/Request))
#26 C:/Users/PC/Documents/GitHub/Fawaz_ALharbi_test/backend-laravel/vendor/laravel/framework/src/Illuminate/Foundation/Http/Kernel.php(200): Illuminate/Routing/Router->dispatch(Object(Illuminate/Http/Request))
#27 C:/Users/PC/Documents/GitHub/Fawaz_ALharbi_test/backend-laravel/vendor/laravel/framework/src/Illuminate/Pipeline/Pipeline.php(144): Illuminate/Foundation/Http/Kernel->Illuminate/Foundation/Http/{closure}(Object(Illuminate/Http/Request))
#28 C:/Users/PC/Documents/GitHub/Fawaz_ALharbi_test/backend-laravel/vendor/laravel/framework/src/Illuminate/Foundation/Http/Middleware/TransformsRequest.php(21): Illuminate/Pipeline/Pipeline->Illuminate/Pipeline/{closure}(Object(Illuminate/Http/Request))
#29 C:/Users/PC/Documents/GitHub/Fawaz_ALharbi_test/backend-laravel/vendor/laravel/framework/src/Illuminate/Foundation/Http/Middleware/ConvertEmptyStringsToNull.php(31): Illuminate/Foundation/Http/Middleware/TransformsRequest->handle(Object(Illuminate/Http/Request), Object(Closure))
#30 C:/Users/PC/Documents/GitHub/Fawaz_ALharbi_test/backend-laravel/vendor/laravel/framework/src/Illuminate/Pipeline/Pipeline.php(183): Illuminate/Foundation/Http/Middleware/ConvertEmptyStringsToNull->handle(Object(Illuminate/Http/Request), Object(Closure))
#31 C:/Users/PC/Documents/GitHub/Fawaz_ALharbi_test/backend-laravel/vendor/laravel/framework/src/Illuminate/Foundation/Http/Middleware/TransformsRequest.php(21): Illuminate/Pipeline/Pipeline->Illuminate/Pipeline/{closure}(Object(Illuminate/Http/Request))
#32 C:/Users/PC/Documents/GitHub/Fawaz_ALharbi_test/backend-laravel/vendor/laravel/framework/src/Illuminate/Foundation/Http/Middleware/TrimStrings.php(40): Illuminate/Foundation/Http/Middleware/TransformsRequest->handle(Object(Illuminate/Http/Request), Object(Closure))
#33 C:/Users/PC/Documents/GitHub/Fawaz_ALharbi_test/backend-laravel/vendor/laravel/framework/src/Illuminate/Pipeline/Pipeline.php(183): Illuminate/Foundation/Http/Middleware/TrimStrings->handle(Object(Illuminate/Http/Request), Object(Closure))
#34 C:/Users/PC/Documents/GitHub/Fawaz_ALharbi_test/backend-laravel/vendor/laravel/framework/src/Illuminate/Foundation/Http/Middleware/ValidatePostSize.php(27): Illuminate/Pipeline/Pipeline->Illuminate/Pipeline/{closure}(Object(Illuminate/Http/Request))
#35 C:/Users/PC/Documents/GitHub/Fawaz_ALharbi_test/backend-laravel/vendor/laravel/framework/src/Illuminate/Pipeline/Pipeline.php(183): Illuminate/Foundation/Http/Middleware/ValidatePostSize->handle(Object(Illuminate/Http/Request), Object(Closure))
#36 C:/Users/PC/Documents/GitHub/Fawaz_ALharbi_test/backend-laravel/vendor/laravel/framework/src/Illuminate/Foundation/Http/Middleware/PreventRequestsDuringMaintenance.php(99): Illuminate/Pipeline/Pipeline->Illuminate/Pipeline/{closure}(Object(Illuminate/Http/Request))
#37 C:/Users/PC/Documents/GitHub/Fawaz_ALharbi_test/backend-laravel/vendor/laravel/framework/src/Illuminate/Pipeline/Pipeline.php(183): Illuminate/Foundation/Http/Middleware/PreventRequestsDuringMaintenance->handle(Object(Illuminate/Http/Request), Object(Closure))
#38 C:/Users/PC/Documents/GitHub/Fawaz_ALharbi_test/backend-laravel/vendor/laravel/framework/src/Illuminate/Http/Middleware/HandleCors.php(62): Illuminate/Pipeline/Pipeline->Illuminate/Pipeline/{closure}(Object(Illuminate/Http/Request))
#39 C:/Users/PC/Documents/GitHub/Fawaz_ALharbi_test/backend-laravel/vendor/laravel/framework/src/Illuminate/Pipeline/Pipeline.php(183): Illuminate/Http/Middleware/HandleCors->handle(Object(Illuminate/Http/Request), Object(Closure))
#40 C:/Users/PC/Documents/GitHub/Fawaz_ALharbi_test/backend-laravel/vendor/laravel/framework/src/Illuminate/Http/Middleware/TrustProxies.php(39): Illuminate/Pipeline/Pipeline->Illuminate/Pipeline/{closure}(Object(Illuminate/Http/Request))
#41 C:/Users/PC/Documents/GitHub/Fawaz_ALharbi_test/backend-laravel/vendor/laravel/framework/src/Illuminate/Pipeline/Pipeline.php(183): Illuminate/Http/Middleware/TrustProxies->handle(Object(Illuminate/Http/Request), Object(Closure))
#42 C:/Users/PC/Documents/GitHub/Fawaz_ALharbi_test/backend-laravel/vendor/laravel/framework/src/Illuminate/Pipeline/Pipeline.php(119): Illuminate/Pipeline/Pipeline->Illuminate/Pipeline/{closure}(Object(Illuminate/Http/Request))
#43 C:/Users/PC/Documents/GitHub/Fawaz_ALharbi_test/backend-laravel/vendor/laravel/framework/src/Illuminate/Foundation/Http/Kernel.php(175): Illuminate/Pipeline/Pipeline->then(Object(Closure))
#44 C:/Users/PC/Documents/GitHub/Fawaz_ALharbi_test/backend-laravel/vendor/laravel/framework/src/Illuminate/Foundation/Http/Kernel.php(144): Illuminate/Foundation/Http/Kernel->sendRequestThroughRouter(Object(Illuminate/Http/Request))
#45 C:/Users/PC/Documents/GitHub/Fawaz_ALharbi_test/backend-laravel/public/index.php(52): Illuminate/Foundation/Http/Kernel->handle(Object(Illuminate/Http/Request))
#46 C:/Users/PC/Documents/GitHub/Fawaz_ALharbi_test/backend-laravel/vendor/laravel/framework/src/Illuminate/Foundation/resources/server.php(16): require_once('C://Users//PC//Doc...')
#47 {main}
"} 
[2026-08-14 13:43:53] local.ERROR: SQLSTATE[01000]: Warning: 1265 Data truncated for column 'payment_status' at row 1 (Connection: mysql, SQL: insert into `bookings` (`tenant_id`, `customer_id`, `merchant_id`, `service_id`, `client`, `merchant`, `service`, `scheduled_at`, `duration_minutes`, `base_price`, `discount_amount`, `tax_amount`, `total_price`, `payment_status`, `payment_method`, `status`, `customer_notes`, `created_at`, `updated_at`) values (1, 1, 1, 1, FAWAZ, Wolff and Sons, Networked coherent intranet, 2026-08-15 10:00:00, 60, 182, 0, 27.3, 182, paid, card, confirmed, ?, 2026-08-14 13:43:53, 2026-08-14 13:43:53)) {"userId":2,"exception":"[object] (Illuminate\\Database\\QueryException(code: 01000): SQLSTATE[01000]: Warning: 1265 Data truncated for column 'payment_status' at row 1 (Connection: mysql, SQL: insert into `bookings` (`tenant_id`, `customer_id`, `merchant_id`, `service_id`, `client`, `merchant`, `service`, `scheduled_at`, `duration_minutes`, `base_price`, `discount_amount`, `tax_amount`, `total_price`, `payment_status`, `payment_method`, `status`, `customer_notes`, `created_at`, `updated_at`) values (1, 1, 1, 1, FAWAZ, Wolff and Sons, Networked coherent intranet, 2026-08-15 10:00:00, 60, 182, 0, 27.3, 182, paid, card, confirmed, ?, 2026-08-14 13:43:53, 2026-08-14 13:43:53)) at C:/Users/PC/Documents/GitHub/Fawaz_ALharbi_test/backend-laravel/vendor/laravel/framework/src/Illuminate/Database/Connection.php:829)
[stacktrace]
#0 C:/Users/PC/Documents/GitHub/Fawaz_ALharbi_test/backend-laravel/vendor/laravel/framework/src/Illuminate/Database/Connection.php(783): Illuminate/Database/Connection->runQueryCallback('insert into `bo...', Array, Object(Closure))
#1 C:/Users/PC/Documents/GitHub/Fawaz_ALharbi_test/backend-laravel/vendor/laravel/framework/src/Illuminate/Database/MySqlConnection.php(50): Illuminate/Database/Connection->run('insert into `bo...', Array, Object(Closure))
#2 C:/Users/PC/Documents/GitHub/Fawaz_ALharbi_test/backend-laravel/vendor/laravel/framework/src/Illuminate/Database/Query/Processors/MySqlProcessor.php(35): Illuminate/Database/MySqlConnection->insert('insert into `bo...', Array, NULL)
#3 C:/Users/PC/Documents/GitHub/Fawaz_ALharbi_test/backend-laravel/vendor/laravel/framework/src/Illuminate/Database/Query/Builder.php(3549): Illuminate/Database/Query/Processors/MySqlProcessor->processInsertGetId(Object(Illuminate/Database/Query/Builder), 'insert into `bo...', Array, NULL)
#4 C:/Users/PC/Documents/GitHub/Fawaz_ALharbi_test/backend-laravel/app/Http/Controllers/Api/BookingController.php(103): Illuminate/Database/Query/Builder->insertGetId(Array)
#5 C:/Users/PC/Documents/GitHub/Fawaz_ALharbi_test/backend-laravel/vendor/laravel/framework/src/Illuminate/Routing/Controller.php(54): App/Http/Controllers/Api/BookingController->store(Object(Illuminate/Http/Request))
#6 C:/Users/PC/Documents/GitHub/Fawaz_ALharbi_test/backend-laravel/vendor/laravel/framework/src/Illuminate/Routing/ControllerDispatcher.php(43): Illuminate/Routing/Controller->callAction('store', Array)
#7 C:/Users/PC/Documents/GitHub/Fawaz_ALharbi_test/backend-laravel/vendor/laravel/framework/src/Illuminate/Routing/Route.php(260): Illuminate/Routing/ControllerDispatcher->dispatch(Object(Illuminate/Routing/Route), Object(App/Http/Controllers/Api/BookingController), 'store')
#8 C:/Users/PC/Documents/GitHub/Fawaz_ALharbi_test/backend-laravel/vendor/laravel/framework/src/Illuminate/Routing/Route.php(205): Illuminate/Routing/Route->runController()
#9 C:/Users/PC/Documents/GitHub/Fawaz_ALharbi_test/backend-laravel/vendor/laravel/framework/src/Illuminate/Routing/Router.php(806): Illuminate/Routing/Route->run()
#10 C:/Users/PC/Documents/GitHub/Fawaz_ALharbi_test/backend-laravel/vendor/laravel/framework/src/Illuminate/Pipeline/Pipeline.php(144): Illuminate/Routing/Router->Illuminate/Routing/{closure}(Object(Illuminate/Http/Request))
#11 C:/Users/PC/Documents/GitHub/Fawaz_ALharbi_test/backend-laravel/vendor/laravel/framework/src/Illuminate/Routing/Middleware/SubstituteBindings.php(50): Illuminate/Pipeline/Pipeline->Illuminate/Pipeline/{closure}(Object(Illuminate/Http/Request))
#12 C:/Users/PC/Documents/GitHub/Fawaz_ALharbi_test/backend-laravel/vendor/laravel/framework/src/Illuminate/Pipeline/Pipeline.php(183): Illuminate/Routing/Middleware/SubstituteBindings->handle(Object(Illuminate/Http/Request), Object(Closure))
#13 C:/Users/PC/Documents/GitHub/Fawaz_ALharbi_test/backend-laravel/vendor/laravel/framework/src/Illuminate/Routing/Middleware/ThrottleRequests.php(159): Illuminate/Pipeline/Pipeline->Illuminate/Pipeline/{closure}(Object(Illuminate/Http/Request))
#14 C:/Users/PC/Documents/GitHub/Fawaz_ALharbi_test/backend-laravel/vendor/laravel/framework/src/Illuminate/Routing/Middleware/ThrottleRequests.php(135): Illuminate/Routing/Middleware/ThrottleRequests->handleRequest(Object(Illuminate/Http/Request), Object(Closure), Array)
#15 C:/Users/PC/Documents/GitHub/Fawaz_ALharbi_test/backend-laravel/vendor/laravel/framework/src/Illuminate/Routing/Middleware/ThrottleRequests.php(87): Illuminate/Routing/Middleware/ThrottleRequests->handleRequestUsingNamedLimiter(Object(Illuminate/Http/Request), Object(Closure), 'api', Object(Closure))
#16 C:/Users/PC/Documents/GitHub/Fawaz_ALharbi_test/backend-laravel/vendor/laravel/framework/src/Illuminate/Pipeline/Pipeline.php(183): Illuminate/Routing/Middleware/ThrottleRequests->handle(Object(Illuminate/Http/Request), Object(Closure), 'api')
#17 C:/Users/PC/Documents/GitHub/Fawaz_ALharbi_test/backend-laravel/vendor/laravel/framework/src/Illuminate/Auth/Middleware/Authenticate.php(57): Illuminate/Pipeline/Pipeline->Illuminate/Pipeline/{closure}(Object(Illuminate/Http/Request))
#18 C:/Users/PC/Documents/GitHub/Fawaz_ALharbi_test/backend-laravel/vendor/laravel/framework/src/Illuminate/Pipeline/Pipeline.php(183): Illuminate/Auth/Middleware/Authenticate->handle(Object(Illuminate/Http/Request), Object(Closure), 'sanctum')
#19 C:/Users/PC/Documents/GitHub/Fawaz_ALharbi_test/backend-laravel/vendor/laravel/framework/src/Illuminate/Pipeline/Pipeline.php(119): Illuminate/Pipeline/Pipeline->Illuminate/Pipeline/{closure}(Object(Illuminate/Http/Request))
#20 C:/Users/PC/Documents/GitHub/Fawaz_ALharbi_test/backend-laravel/vendor/laravel/framework/src/Illuminate/Routing/Router.php(807): Illuminate/Pipeline/Pipeline->then(Object(Closure))
#21 C:/Users/PC/Documents/GitHub/Fawaz_ALharbi_test/backend-laravel/vendor/laravel/framework/src/Illuminate/Routing/Router.php(784): Illuminate/Routing/Router->runRouteWithinStack(Object(Illuminate/Routing/Route), Object(Illuminate/Http/Request))
#22 C:/Users/PC/Documents/GitHub/Fawaz_ALharbi_test/backend-laravel/vendor/laravel/framework/src/Illuminate/Routing/Router.php(748): Illuminate/Routing/Router->runRoute(Object(Illuminate/Http/Request), Object(Illuminate/Routing/Route))
#23 C:/Users/PC/Documents/GitHub/Fawaz_ALharbi_test/backend-laravel/vendor/laravel/framework/src/Illuminate/Routing/Router.php(737): Illuminate/Routing/Router->dispatchToRoute(Object(Illuminate/Http/Request))
#24 C:/Users/PC/Documents/GitHub/Fawaz_ALharbi_test/backend-laravel/vendor/laravel/framework/src/Illuminate/Foundation/Http/Kernel.php(200): Illuminate/Routing/Router->dispatch(Object(Illuminate/Http/Request))
#25 C:/Users/PC/Documents/GitHub/Fawaz_ALharbi_test/backend-laravel/vendor/laravel/framework/src/Illuminate/Pipeline/Pipeline.php(144): Illuminate/Foundation/Http/Kernel->Illuminate/Foundation/Http/{closure}(Object(Illuminate/Http/Request))
#26 C:/Users/PC/Documents/GitHub/Fawaz_ALharbi_test/backend-laravel/vendor/laravel/framework/src/Illuminate/Foundation/Http/Middleware/TransformsRequest.php(21): Illuminate/Pipeline/Pipeline->Illuminate/Pipeline/{closure}(Object(Illuminate/Http/Request))
#27 C:/Users/PC/Documents/GitHub/Fawaz_ALharbi_test/backend-laravel/vendor/laravel/framework/src/Illuminate/Foundation/Http/Middleware/ConvertEmptyStringsToNull.php(31): Illuminate/Foundation/Http/Middleware/TransformsRequest->handle(Object(Illuminate/Http/Request), Object(Closure))
#28 C:/Users/PC/Documents/GitHub/Fawaz_ALharbi_test/backend-laravel/vendor/laravel/framework/src/Illuminate/Pipeline/Pipeline.php(183): Illuminate/Foundation/Http/Middleware/ConvertEmptyStringsToNull->handle(Object(Illuminate/Http/Request), Object(Closure))
#29 C:/Users/PC/Documents/GitHub/Fawaz_ALharbi_test/backend-laravel/vendor/laravel/framework/src/Illuminate/Foundation/Http/Middleware/TransformsRequest.php(21): Illuminate/Pipeline/Pipeline->Illuminate/Pipeline/{closure}(Object(Illuminate/Http/Request))
#30 C:/Users/PC/Documents/GitHub/Fawaz_ALharbi_test/backend-laravel/vendor/laravel/framework/src/Illuminate/Foundation/Http/Middleware/TrimStrings.php(40): Illuminate/Foundation/Http/Middleware/TransformsRequest->handle(Object(Illuminate/Http/Request), Object(Closure))
#31 C:/Users/PC/Documents/GitHub/Fawaz_ALharbi_test/backend-laravel/vendor/laravel/framework/src/Illuminate/Pipeline/Pipeline.php(183): Illuminate/Foundation/Http/Middleware/TrimStrings->handle(Object(Illuminate/Http/Request), Object(Closure))
#32 C:/Users/PC/Documents/GitHub/Fawaz_ALharbi_test/backend-laravel/vendor/laravel/framework/src/Illuminate/Foundation/Http/Middleware/ValidatePostSize.php(27): Illuminate/Pipeline/Pipeline->Illuminate/Pipeline/{closure}(Object(Illuminate/Http/Request))
#33 C:/Users/PC/Documents/GitHub/Fawaz_ALharbi_test/backend-laravel/vendor/laravel/framework/src/Illuminate/Pipeline/Pipeline.php(183): Illuminate/Foundation/Http/Middleware/ValidatePostSize->handle(Object(Illuminate/Http/Request), Object(Closure))
#34 C:/Users/PC/Documents/GitHub/Fawaz_ALharbi_test/backend-laravel/vendor/laravel/framework/src/Illuminate/Foundation/Http/Middleware/PreventRequestsDuringMaintenance.php(99): Illuminate/Pipeline/Pipeline->Illuminate/Pipeline/{closure}(Object(Illuminate/Http/Request))
#35 C:/Users/PC/Documents/GitHub/Fawaz_ALharbi_test/backend-laravel/vendor/laravel/framework/src/Illuminate/Pipeline/Pipeline.php(183): Illuminate/Foundation/Http/Middleware/PreventRequestsDuringMaintenance->handle(Object(Illuminate/Http/Request), Object(Closure))
#36 C:/Users/PC/Documents/GitHub/Fawaz_ALharbi_test/backend-laravel/vendor/laravel/framework/src/Illuminate/Http/Middleware/HandleCors.php(62): Illuminate/Pipeline/Pipeline->Illuminate/Pipeline/{closure}(Object(Illuminate/Http/Request))
#37 C:/Users/PC/Documents/GitHub/Fawaz_ALharbi_test/backend-laravel/vendor/laravel/framework/src/Illuminate/Pipeline/Pipeline.php(183): Illuminate/Http/Middleware/HandleCors->handle(Object(Illuminate/Http/Request), Object(Closure))
#38 C:/Users/PC/Documents/GitHub/Fawaz_ALharbi_test/backend-laravel/vendor/laravel/framework/src/Illuminate/Http/Middleware/TrustProxies.php(39): Illuminate/Pipeline/Pipeline->Illuminate/Pipeline/{closure}(Object(Illuminate/Http/Request))
#39 C:/Users/PC/Documents/GitHub/Fawaz_ALharbi_test/backend-laravel/vendor/laravel/framework/src/Illuminate/Pipeline/Pipeline.php(183): Illuminate/Http/Middleware/TrustProxies->handle(Object(Illuminate/Http/Request), Object(Closure))
#40 C:/Users/PC/Documents/GitHub/Fawaz_ALharbi_test/backend-laravel/vendor/laravel/framework/src/Illuminate/Pipeline/Pipeline.php(119): Illuminate/Pipeline/Pipeline->Illuminate/Pipeline/{closure}(Object(Illuminate/Http/Request))
#41 C:/Users/PC/Documents/GitHub/Fawaz_ALharbi_test/backend-laravel/vendor/laravel/framework/src/Illuminate/Foundation/Http/Kernel.php(175): Illuminate/Pipeline/Pipeline->then(Object(Closure))
#42 C:/Users/PC/Documents/GitHub/Fawaz_ALharbi_test/backend-laravel/vendor/laravel/framework/src/Illuminate/Foundation/Http/Kernel.php(144): Illuminate/Foundation/Http/Kernel->sendRequestThroughRouter(Object(Illuminate/Http/Request))
#43 C:/Users/PC/Documents/GitHub/Fawaz_ALharbi_test/backend-laravel/public/index.php(52): Illuminate/Foundation/Http/Kernel->handle(Object(Illuminate/Http/Request))
#44 C:/Users/PC/Documents/GitHub/Fawaz_ALharbi_test/backend-laravel/vendor/laravel/framework/src/Illuminate/Foundation/resources/server.php(16): require_once('C://Users//PC//Doc...')
#45 {main}

[previous exception] [object] (PDOException(code: 01000): SQLSTATE[01000]: Warning: 1265 Data truncated for column 'payment_status' at row 1 at C:/Users/PC/Documents/GitHub/Fawaz_ALharbi_test/backend-laravel/vendor/laravel/framework/src/Illuminate/Database/MySqlConnection.php:45)
[stacktrace]
#0 C:/Users/PC/Documents/GitHub/Fawaz_ALharbi_test/backend-laravel/vendor/laravel/framework/src/Illuminate/Database/MySqlConnection.php(45): PDOStatement->execute()
#1 C:/Users/PC/Documents/GitHub/Fawaz_ALharbi_test/backend-laravel/vendor/laravel/framework/src/Illuminate/Database/Connection.php(816): Illuminate/Database/MySqlConnection->Illuminate/Database/{closure}('insert into `bo...', Array)
#2 C:/Users/PC/Documents/GitHub/Fawaz_ALharbi_test/backend-laravel/vendor/laravel/framework/src/Illuminate/Database/Connection.php(783): Illuminate/Database/Connection->runQueryCallback('insert into `bo...', Array, Object(Closure))
#3 C:/Users/PC/Documents/GitHub/Fawaz_ALharbi_test/backend-laravel/vendor/laravel/framework/src/Illuminate/Database/MySqlConnection.php(50): Illuminate/Database/Connection->run('insert into `bo...', Array, Object(Closure))
#4 C:/Users/PC/Documents/GitHub/Fawaz_ALharbi_test/backend-laravel/vendor/laravel/framework/src/Illuminate/Database/Query/Processors/MySqlProcessor.php(35): Illuminate/Database/MySqlConnection->insert('insert into `bo...', Array, NULL)
#5 C:/Users/PC/Documents/GitHub/Fawaz_ALharbi_test/backend-laravel/vendor/laravel/framework/src/Illuminate/Database/Query/Builder.php(3549): Illuminate/Database/Query/Processors/MySqlProcessor->processInsertGetId(Object(Illuminate/Database/Query/Builder), 'insert into `bo...', Array, NULL)
#6 C:/Users/PC/Documents/GitHub/Fawaz_ALharbi_test/backend-laravel/app/Http/Controllers/Api/BookingController.php(103): Illuminate/Database/Query/Builder->insertGetId(Array)
#7 C:/Users/PC/Documents/GitHub/Fawaz_ALharbi_test/backend-laravel/vendor/laravel/framework/src/Illuminate/Routing/Controller.php(54): App/Http/Controllers/Api/BookingController->store(Object(Illuminate/Http/Request))
#8 C:/Users/PC/Documents/GitHub/Fawaz_ALharbi_test/backend-laravel/vendor/laravel/framework/src/Illuminate/Routing/ControllerDispatcher.php(43): Illuminate/Routing/Controller->callAction('store', Array)
#9 C:/Users/PC/Documents/GitHub/Fawaz_ALharbi_test/backend-laravel/vendor/laravel/framework/src/Illuminate/Routing/Route.php(260): Illuminate/Routing/ControllerDispatcher->dispatch(Object(Illuminate/Routing/Route), Object(App/Http/Controllers/Api/BookingController), 'store')
#10 C:/Users/PC/Documents/GitHub/Fawaz_ALharbi_test/backend-laravel/vendor/laravel/framework/src/Illuminate/Routing/Route.php(205): Illuminate/Routing/Route->runController()
#11 C:/Users/PC/Documents/GitHub/Fawaz_ALharbi_test/backend-laravel/vendor/laravel/framework/src/Illuminate/Routing/Router.php(806): Illuminate/Routing/Route->run()
#12 C:/Users/PC/Documents/GitHub/Fawaz_ALharbi_test/backend-laravel/vendor/laravel/framework/src/Illuminate/Pipeline/Pipeline.php(144): Illuminate/Routing/Router->Illuminate/Routing/{closure}(Object(Illuminate/Http/Request))
#13 C:/Users/PC/Documents/GitHub/Fawaz_ALharbi_test/backend-laravel/vendor/laravel/framework/src/Illuminate/Routing/Middleware/SubstituteBindings.php(50): Illuminate/Pipeline/Pipeline->Illuminate/Pipeline/{closure}(Object(Illuminate/Http/Request))
#14 C:/Users/PC/Documents/GitHub/Fawaz_ALharbi_test/backend-laravel/vendor/laravel/framework/src/Illuminate/Pipeline/Pipeline.php(183): Illuminate/Routing/Middleware/SubstituteBindings->handle(Object(Illuminate/Http/Request), Object(Closure))
#15 C:/Users/PC/Documents/GitHub/Fawaz_ALharbi_test/backend-laravel/vendor/laravel/framework/src/Illuminate/Routing/Middleware/ThrottleRequests.php(159): Illuminate/Pipeline/Pipeline->Illuminate/Pipeline/{closure}(Object(Illuminate/Http/Request))
#16 C:/Users/PC/Documents/GitHub/Fawaz_ALharbi_test/backend-laravel/vendor/laravel/framework/src/Illuminate/Routing/Middleware/ThrottleRequests.php(135): Illuminate/Routing/Middleware/ThrottleRequests->handleRequest(Object(Illuminate/Http/Request), Object(Closure), Array)
#17 C:/Users/PC/Documents/GitHub/Fawaz_ALharbi_test/backend-laravel/vendor/laravel/framework/src/Illuminate/Routing/Middleware/ThrottleRequests.php(87): Illuminate/Routing/Middleware/ThrottleRequests->handleRequestUsingNamedLimiter(Object(Illuminate/Http/Request), Object(Closure), 'api', Object(Closure))
#18 C:/Users/PC/Documents/GitHub/Fawaz_ALharbi_test/backend-laravel/vendor/laravel/framework/src/Illuminate/Pipeline/Pipeline.php(183): Illuminate/Routing/Middleware/ThrottleRequests->handle(Object(Illuminate/Http/Request), Object(Closure), 'api')
#19 C:/Users/PC/Documents/GitHub/Fawaz_ALharbi_test/backend-laravel/vendor/laravel/framework/src/Illuminate/Auth/Middleware/Authenticate.php(57): Illuminate/Pipeline/Pipeline->Illuminate/Pipeline/{closure}(Object(Illuminate/Http/Request))
#20 C:/Users/PC/Documents/GitHub/Fawaz_ALharbi_test/backend-laravel/vendor/laravel/framework/src/Illuminate/Pipeline/Pipeline.php(183): Illuminate/Auth/Middleware/Authenticate->handle(Object(Illuminate/Http/Request), Object(Closure), 'sanctum')
#21 C:/Users/PC/Documents/GitHub/Fawaz_ALharbi_test/backend-laravel/vendor/laravel/framework/src/Illuminate/Pipeline/Pipeline.php(119): Illuminate/Pipeline/Pipeline->Illuminate/Pipeline/{closure}(Object(Illuminate/Http/Request))
#22 C:/Users/PC/Documents/GitHub/Fawaz_ALharbi_test/backend-laravel/vendor/laravel/framework/src/Illuminate/Routing/Router.php(807): Illuminate/Pipeline/Pipeline->then(Object(Closure))
#23 C:/Users/PC/Documents/GitHub/Fawaz_ALharbi_test/backend-laravel/vendor/laravel/framework/src/Illuminate/Routing/Router.php(784): Illuminate/Routing/Router->runRouteWithinStack(Object(Illuminate/Routing/Route), Object(Illuminate/Http/Request))
#24 C:/Users/PC/Documents/GitHub/Fawaz_ALharbi_test/backend-laravel/vendor/laravel/framework/src/Illuminate/Routing/Router.php(748): Illuminate/Routing/Router->runRoute(Object(Illuminate/Http/Request), Object(Illuminate/Routing/Route))
#25 C:/Users/PC/Documents/GitHub/Fawaz_ALharbi_test/backend-laravel/vendor/laravel/framework/src/Illuminate/Routing/Router.php(737): Illuminate/Routing/Router->dispatchToRoute(Object(Illuminate/Http/Request))
#26 C:/Users/PC/Documents/GitHub/Fawaz_ALharbi_test/backend-laravel/vendor/laravel/framework/src/Illuminate/Foundation/Http/Kernel.php(200): Illuminate/Routing/Router->dispatch(Object(Illuminate/Http/Request))
#27 C:/Users/PC/Documents/GitHub/Fawaz_ALharbi_test/backend-laravel/vendor/laravel/framework/src/Illuminate/Pipeline/Pipeline.php(144): Illuminate/Foundation/Http/Kernel->Illuminate/Foundation/Http/{closure}(Object(Illuminate/Http/Request))
#28 C:/Users/PC/Documents/GitHub/Fawaz_ALharbi_test/backend-laravel/vendor/laravel/framework/src/Illuminate/Foundation/Http/Middleware/TransformsRequest.php(21): Illuminate/Pipeline/Pipeline->Illuminate/Pipeline/{closure}(Object(Illuminate/Http/Request))
#29 C:/Users/PC/Documents/GitHub/Fawaz_ALharbi_test/backend-laravel/vendor/laravel/framework/src/Illuminate/Foundation/Http/Middleware/ConvertEmptyStringsToNull.php(31): Illuminate/Foundation/Http/Middleware/TransformsRequest->handle(Object(Illuminate/Http/Request), Object(Closure))
#30 C:/Users/PC/Documents/GitHub/Fawaz_ALharbi_test/backend-laravel/vendor/laravel/framework/src/Illuminate/Pipeline/Pipeline.php(183): Illuminate/Foundation/Http/Middleware/ConvertEmptyStringsToNull->handle(Object(Illuminate/Http/Request), Object(Closure))
#31 C:/Users/PC/Documents/GitHub/Fawaz_ALharbi_test/backend-laravel/vendor/laravel/framework/src/Illuminate/Foundation/Http/Middleware/TransformsRequest.php(21): Illuminate/Pipeline/Pipeline->Illuminate/Pipeline/{closure}(Object(Illuminate/Http/Request))
#32 C:/Users/PC/Documents/GitHub/Fawaz_ALharbi_test/backend-laravel/vendor/laravel/framework/src/Illuminate/Foundation/Http/Middleware/TrimStrings.php(40): Illuminate/Foundation/Http/Middleware/TransformsRequest->handle(Object(Illuminate/Http/Request), Object(Closure))
#33 C:/Users/PC/Documents/GitHub/Fawaz_ALharbi_test/backend-laravel/vendor/laravel/framework/src/Illuminate/Pipeline/Pipeline.php(183): Illuminate/Foundation/Http/Middleware/TrimStrings->handle(Object(Illuminate/Http/Request), Object(Closure))
#34 C:/Users/PC/Documents/GitHub/Fawaz_ALharbi_test/backend-laravel/vendor/laravel/framework/src/Illuminate/Foundation/Http/Middleware/ValidatePostSize.php(27): Illuminate/Pipeline/Pipeline->Illuminate/Pipeline/{closure}(Object(Illuminate/Http/Request))
#35 C:/Users/PC/Documents/GitHub/Fawaz_ALharbi_test/backend-laravel/vendor/laravel/framework/src/Illuminate/Pipeline/Pipeline.php(183): Illuminate/Foundation/Http/Middleware/ValidatePostSize->handle(Object(Illuminate/Http/Request), Object(Closure))
#36 C:/Users/PC/Documents/GitHub/Fawaz_ALharbi_test/backend-laravel/vendor/laravel/framework/src/Illuminate/Foundation/Http/Middleware/PreventRequestsDuringMaintenance.php(99): Illuminate/Pipeline/Pipeline->Illuminate/Pipeline/{closure}(Object(Illuminate/Http/Request))
#37 C:/Users/PC/Documents/GitHub/Fawaz_ALharbi_test/backend-laravel/vendor/laravel/framework/src/Illuminate/Pipeline/Pipeline.php(183): Illuminate/Foundation/Http/Middleware/PreventRequestsDuringMaintenance->handle(Object(Illuminate/Http/Request), Object(Closure))
#38 C:/Users/PC/Documents/GitHub/Fawaz_ALharbi_test/backend-laravel/vendor/laravel/framework/src/Illuminate/Http/Middleware/HandleCors.php(62): Illuminate/Pipeline/Pipeline->Illuminate/Pipeline/{closure}(Object(Illuminate/Http/Request))
#39 C:/Users/PC/Documents/GitHub/Fawaz_ALharbi_test/backend-laravel/vendor/laravel/framework/src/Illuminate/Pipeline/Pipeline.php(183): Illuminate/Http/Middleware/HandleCors->handle(Object(Illuminate/Http/Request), Object(Closure))
#40 C:/Users/PC/Documents/GitHub/Fawaz_ALharbi_test/backend-laravel/vendor/laravel/framework/src/Illuminate/Http/Middleware/TrustProxies.php(39): Illuminate/Pipeline/Pipeline->Illuminate/Pipeline/{closure}(Object(Illuminate/Http/Request))
#41 C:/Users/PC/Documents/GitHub/Fawaz_ALharbi_test/backend-laravel/vendor/laravel/framework/src/Illuminate/Pipeline/Pipeline.php(183): Illuminate/Http/Middleware/TrustProxies->handle(Object(Illuminate/Http/Request), Object(Closure))
#42 C:/Users/PC/Documents/GitHub/Fawaz_ALharbi_test/backend-laravel/vendor/laravel/framework/src/Illuminate/Pipeline/Pipeline.php(119): Illuminate/Pipeline/Pipeline->Illuminate/Pipeline/{closure}(Object(Illuminate/Http/Request))
#43 C:/Users/PC/Documents/GitHub/Fawaz_ALharbi_test/backend-laravel/vendor/laravel/framework/src/Illuminate/Foundation/Http/Kernel.php(175): Illuminate/Pipeline/Pipeline->then(Object(Closure))
#44 C:/Users/PC/Documents/GitHub/Fawaz_ALharbi_test/backend-laravel/vendor/laravel/framework/src/Illuminate/Foundation/Http/Kernel.php(144): Illuminate/Foundation/Http/Kernel->sendRequestThroughRouter(Object(Illuminate/Http/Request))
#45 C:/Users/PC/Documents/GitHub/Fawaz_ALharbi_test/backend-laravel/public/index.php(52): Illuminate/Foundation/Http/Kernel->handle(Object(Illuminate/Http/Request))
#46 C:/Users/PC/Documents/GitHub/Fawaz_ALharbi_test/backend-laravel/vendor/laravel/framework/src/Illuminate/Foundation/resources/server.php(16): require_once('C://Users//PC//Doc...')
#47 {main}
"} 
[2026-08-14 13:43:56] local.ERROR: SQLSTATE[01000]: Warning: 1265 Data truncated for column 'payment_status' at row 1 (Connection: mysql, SQL: insert into `bookings` (`tenant_id`, `customer_id`, `merchant_id`, `service_id`, `client`, `merchant`, `service`, `scheduled_at`, `duration_minutes`, `base_price`, `discount_amount`, `tax_amount`, `total_price`, `payment_status`, `payment_method`, `status`, `customer_notes`, `created_at`, `updated_at`) values (1, 1, 1, 1, FAWAZ, Wolff and Sons, Networked coherent intranet, 2026-08-15 10:00:00, 60, 213123, 0, 31968.45, 213123, paid, card, confirmed, ?, 2026-08-14 13:43:56, 2026-08-14 13:43:56)) {"userId":2,"exception":"[object] (Illuminate\\Database\\QueryException(code: 01000): SQLSTATE[01000]: Warning: 1265 Data truncated for column 'payment_status' at row 1 (Connection: mysql, SQL: insert into `bookings` (`tenant_id`, `customer_id`, `merchant_id`, `service_id`, `client`, `merchant`, `service`, `scheduled_at`, `duration_minutes`, `base_price`, `discount_amount`, `tax_amount`, `total_price`, `payment_status`, `payment_method`, `status`, `customer_notes`, `created_at`, `updated_at`) values (1, 1, 1, 1, FAWAZ, Wolff and Sons, Networked coherent intranet, 2026-08-15 10:00:00, 60, 213123, 0, 31968.45, 213123, paid, card, confirmed, ?, 2026-08-14 13:43:56, 2026-08-14 13:43:56)) at C:/Users/PC/Documents/GitHub/Fawaz_ALharbi_test/backend-laravel/vendor/laravel/framework/src/Illuminate/Database/Connection.php:829)
[stacktrace]
#0 C:/Users/PC/Documents/GitHub/Fawaz_ALharbi_test/backend-laravel/vendor/laravel/framework/src/Illuminate/Database/Connection.php(783): Illuminate/Database/Connection->runQueryCallback('insert into `bo...', Array, Object(Closure))
#1 C:/Users/PC/Documents/GitHub/Fawaz_ALharbi_test/backend-laravel/vendor/laravel/framework/src/Illuminate/Database/MySqlConnection.php(50): Illuminate/Database/Connection->run('insert into `bo...', Array, Object(Closure))
#2 C:/Users/PC/Documents/GitHub/Fawaz_ALharbi_test/backend-laravel/vendor/laravel/framework/src/Illuminate/Database/Query/Processors/MySqlProcessor.php(35): Illuminate/Database/MySqlConnection->insert('insert into `bo...', Array, NULL)
#3 C:/Users/PC/Documents/GitHub/Fawaz_ALharbi_test/backend-laravel/vendor/laravel/framework/src/Illuminate/Database/Query/Builder.php(3549): Illuminate/Database/Query/Processors/MySqlProcessor->processInsertGetId(Object(Illuminate/Database/Query/Builder), 'insert into `bo...', Array, NULL)
#4 C:/Users/PC/Documents/GitHub/Fawaz_ALharbi_test/backend-laravel/app/Http/Controllers/Api/BookingController.php(103): Illuminate/Database/Query/Builder->insertGetId(Array)
#5 C:/Users/PC/Documents/GitHub/Fawaz_ALharbi_test/backend-laravel/vendor/laravel/framework/src/Illuminate/Routing/Controller.php(54): App/Http/Controllers/Api/BookingController->store(Object(Illuminate/Http/Request))
#6 C:/Users/PC/Documents/GitHub/Fawaz_ALharbi_test/backend-laravel/vendor/laravel/framework/src/Illuminate/Routing/ControllerDispatcher.php(43): Illuminate/Routing/Controller->callAction('store', Array)
#7 C:/Users/PC/Documents/GitHub/Fawaz_ALharbi_test/backend-laravel/vendor/laravel/framework/src/Illuminate/Routing/Route.php(260): Illuminate/Routing/ControllerDispatcher->dispatch(Object(Illuminate/Routing/Route), Object(App/Http/Controllers/Api/BookingController), 'store')
#8 C:/Users/PC/Documents/GitHub/Fawaz_ALharbi_test/backend-laravel/vendor/laravel/framework/src/Illuminate/Routing/Route.php(205): Illuminate/Routing/Route->runController()
#9 C:/Users/PC/Documents/GitHub/Fawaz_ALharbi_test/backend-laravel/vendor/laravel/framework/src/Illuminate/Routing/Router.php(806): Illuminate/Routing/Route->run()
#10 C:/Users/PC/Documents/GitHub/Fawaz_ALharbi_test/backend-laravel/vendor/laravel/framework/src/Illuminate/Pipeline/Pipeline.php(144): Illuminate/Routing/Router->Illuminate/Routing/{closure}(Object(Illuminate/Http/Request))
#11 C:/Users/PC/Documents/GitHub/Fawaz_ALharbi_test/backend-laravel/vendor/laravel/framework/src/Illuminate/Routing/Middleware/SubstituteBindings.php(50): Illuminate/Pipeline/Pipeline->Illuminate/Pipeline/{closure}(Object(Illuminate/Http/Request))
#12 C:/Users/PC/Documents/GitHub/Fawaz_ALharbi_test/backend-laravel/vendor/laravel/framework/src/Illuminate/Pipeline/Pipeline.php(183): Illuminate/Routing/Middleware/SubstituteBindings->handle(Object(Illuminate/Http/Request), Object(Closure))
#13 C:/Users/PC/Documents/GitHub/Fawaz_ALharbi_test/backend-laravel/vendor/laravel/framework/src/Illuminate/Routing/Middleware/ThrottleRequests.php(159): Illuminate/Pipeline/Pipeline->Illuminate/Pipeline/{closure}(Object(Illuminate/Http/Request))
#14 C:/Users/PC/Documents/GitHub/Fawaz_ALharbi_test/backend-laravel/vendor/laravel/framework/src/Illuminate/Routing/Middleware/ThrottleRequests.php(135): Illuminate/Routing/Middleware/ThrottleRequests->handleRequest(Object(Illuminate/Http/Request), Object(Closure), Array)
#15 C:/Users/PC/Documents/GitHub/Fawaz_ALharbi_test/backend-laravel/vendor/laravel/framework/src/Illuminate/Routing/Middleware/ThrottleRequests.php(87): Illuminate/Routing/Middleware/ThrottleRequests->handleRequestUsingNamedLimiter(Object(Illuminate/Http/Request), Object(Closure), 'api', Object(Closure))
#16 C:/Users/PC/Documents/GitHub/Fawaz_ALharbi_test/backend-laravel/vendor/laravel/framework/src/Illuminate/Pipeline/Pipeline.php(183): Illuminate/Routing/Middleware/ThrottleRequests->handle(Object(Illuminate/Http/Request), Object(Closure), 'api')
#17 C:/Users/PC/Documents/GitHub/Fawaz_ALharbi_test/backend-laravel/vendor/laravel/framework/src/Illuminate/Auth/Middleware/Authenticate.php(57): Illuminate/Pipeline/Pipeline->Illuminate/Pipeline/{closure}(Object(Illuminate/Http/Request))
#18 C:/Users/PC/Documents/GitHub/Fawaz_ALharbi_test/backend-laravel/vendor/laravel/framework/src/Illuminate/Pipeline/Pipeline.php(183): Illuminate/Auth/Middleware/Authenticate->handle(Object(Illuminate/Http/Request), Object(Closure), 'sanctum')
#19 C:/Users/PC/Documents/GitHub/Fawaz_ALharbi_test/backend-laravel/vendor/laravel/framework/src/Illuminate/Pipeline/Pipeline.php(119): Illuminate/Pipeline/Pipeline->Illuminate/Pipeline/{closure}(Object(Illuminate/Http/Request))
#20 C:/Users/PC/Documents/GitHub/Fawaz_ALharbi_test/backend-laravel/vendor/laravel/framework/src/Illuminate/Routing/Router.php(807): Illuminate/Pipeline/Pipeline->then(Object(Closure))
#21 C:/Users/PC/Documents/GitHub/Fawaz_ALharbi_test/backend-laravel/vendor/laravel/framework/src/Illuminate/Routing/Router.php(784): Illuminate/Routing/Router->runRouteWithinStack(Object(Illuminate/Routing/Route), Object(Illuminate/Http/Request))
#22 C:/Users/PC/Documents/GitHub/Fawaz_ALharbi_test/backend-laravel/vendor/laravel/framework/src/Illuminate/Routing/Router.php(748): Illuminate/Routing/Router->runRoute(Object(Illuminate/Http/Request), Object(Illuminate/Routing/Route))
#23 C:/Users/PC/Documents/GitHub/Fawaz_ALharbi_test/backend-laravel/vendor/laravel/framework/src/Illuminate/Routing/Router.php(737): Illuminate/Routing/Router->dispatchToRoute(Object(Illuminate/Http/Request))
#24 C:/Users/PC/Documents/GitHub/Fawaz_ALharbi_test/backend-laravel/vendor/laravel/framework/src/Illuminate/Foundation/Http/Kernel.php(200): Illuminate/Routing/Router->dispatch(Object(Illuminate/Http/Request))
#25 C:/Users/PC/Documents/GitHub/Fawaz_ALharbi_test/backend-laravel/vendor/laravel/framework/src/Illuminate/Pipeline/Pipeline.php(144): Illuminate/Foundation/Http/Kernel->Illuminate/Foundation/Http/{closure}(Object(Illuminate/Http/Request))
#26 C:/Users/PC/Documents/GitHub/Fawaz_ALharbi_test/backend-laravel/vendor/laravel/framework/src/Illuminate/Foundation/Http/Middleware/TransformsRequest.php(21): Illuminate/Pipeline/Pipeline->Illuminate/Pipeline/{closure}(Object(Illuminate/Http/Request))
#27 C:/Users/PC/Documents/GitHub/Fawaz_ALharbi_test/backend-laravel/vendor/laravel/framework/src/Illuminate/Foundation/Http/Middleware/ConvertEmptyStringsToNull.php(31): Illuminate/Foundation/Http/Middleware/TransformsRequest->handle(Object(Illuminate/Http/Request), Object(Closure))
#28 C:/Users/PC/Documents/GitHub/Fawaz_ALharbi_test/backend-laravel/vendor/laravel/framework/src/Illuminate/Pipeline/Pipeline.php(183): Illuminate/Foundation/Http/Middleware/ConvertEmptyStringsToNull->handle(Object(Illuminate/Http/Request), Object(Closure))
#29 C:/Users/PC/Documents/GitHub/Fawaz_ALharbi_test/backend-laravel/vendor/laravel/framework/src/Illuminate/Foundation/Http/Middleware/TransformsRequest.php(21): Illuminate/Pipeline/Pipeline->Illuminate/Pipeline/{closure}(Object(Illuminate/Http/Request))
#30 C:/Users/PC/Documents/GitHub/Fawaz_ALharbi_test/backend-laravel/vendor/laravel/framework/src/Illuminate/Foundation/Http/Middleware/TrimStrings.php(40): Illuminate/Foundation/Http/Middleware/TransformsRequest->handle(Object(Illuminate/Http/Request), Object(Closure))
#31 C:/Users/PC/Documents/GitHub/Fawaz_ALharbi_test/backend-laravel/vendor/laravel/framework/src/Illuminate/Pipeline/Pipeline.php(183): Illuminate/Foundation/Http/Middleware/TrimStrings->handle(Object(Illuminate/Http/Request), Object(Closure))
#32 C:/Users/PC/Documents/GitHub/Fawaz_ALharbi_test/backend-laravel/vendor/laravel/framework/src/Illuminate/Foundation/Http/Middleware/ValidatePostSize.php(27): Illuminate/Pipeline/Pipeline->Illuminate/Pipeline/{closure}(Object(Illuminate/Http/Request))
#33 C:/Users/PC/Documents/GitHub/Fawaz_ALharbi_test/backend-laravel/vendor/laravel/framework/src/Illuminate/Pipeline/Pipeline.php(183): Illuminate/Foundation/Http/Middleware/ValidatePostSize->handle(Object(Illuminate/Http/Request), Object(Closure))
#34 C:/Users/PC/Documents/GitHub/Fawaz_ALharbi_test/backend-laravel/vendor/laravel/framework/src/Illuminate/Foundation/Http/Middleware/PreventRequestsDuringMaintenance.php(99): Illuminate/Pipeline/Pipeline->Illuminate/Pipeline/{closure}(Object(Illuminate/Http/Request))
#35 C:/Users/PC/Documents/GitHub/Fawaz_ALharbi_test/backend-laravel/vendor/laravel/framework/src/Illuminate/Pipeline/Pipeline.php(183): Illuminate/Foundation/Http/Middleware/PreventRequestsDuringMaintenance->handle(Object(Illuminate/Http/Request), Object(Closure))
#36 C:/Users/PC/Documents/GitHub/Fawaz_ALharbi_test/backend-laravel/vendor/laravel/framework/src/Illuminate/Http/Middleware/HandleCors.php(62): Illuminate/Pipeline/Pipeline->Illuminate/Pipeline/{closure}(Object(Illuminate/Http/Request))
#37 C:/Users/PC/Documents/GitHub/Fawaz_ALharbi_test/backend-laravel/vendor/laravel/framework/src/Illuminate/Pipeline/Pipeline.php(183): Illuminate/Http/Middleware/HandleCors->handle(Object(Illuminate/Http/Request), Object(Closure))
#38 C:/Users/PC/Documents/GitHub/Fawaz_ALharbi_test/backend-laravel/vendor/laravel/framework/src/Illuminate/Http/Middleware/TrustProxies.php(39): Illuminate/Pipeline/Pipeline->Illuminate/Pipeline/{closure}(Object(Illuminate/Http/Request))
#39 C:/Users/PC/Documents/GitHub/Fawaz_ALharbi_test/backend-laravel/vendor/laravel/framework/src/Illuminate/Pipeline/Pipeline.php(183): Illuminate/Http/Middleware/TrustProxies->handle(Object(Illuminate/Http/Request), Object(Closure))
#40 C:/Users/PC/Documents/GitHub/Fawaz_ALharbi_test/backend-laravel/vendor/laravel/framework/src/Illuminate/Pipeline/Pipeline.php(119): Illuminate/Pipeline/Pipeline->Illuminate/Pipeline/{closure}(Object(Illuminate/Http/Request))
#41 C:/Users/PC/Documents/GitHub/Fawaz_ALharbi_test/backend-laravel/vendor/laravel/framework/src/Illuminate/Foundation/Http/Kernel.php(175): Illuminate/Pipeline/Pipeline->then(Object(Closure))
#42 C:/Users/PC/Documents/GitHub/Fawaz_ALharbi_test/backend-laravel/vendor/laravel/framework/src/Illuminate/Foundation/Http/Kernel.php(144): Illuminate/Foundation/Http/Kernel->sendRequestThroughRouter(Object(Illuminate/Http/Request))
#43 C:/Users/PC/Documents/GitHub/Fawaz_ALharbi_test/backend-laravel/public/index.php(52): Illuminate/Foundation/Http/Kernel->handle(Object(Illuminate/Http/Request))
#44 C:/Users/PC/Documents/GitHub/Fawaz_ALharbi_test/backend-laravel/vendor/laravel/framework/src/Illuminate/Foundation/resources/server.php(16): require_once('C://Users//PC//Doc...')
#45 {main}

[previous exception] [object] (PDOException(code: 01000): SQLSTATE[01000]: Warning: 1265 Data truncated for column 'payment_status' at row 1 at C:/Users/PC/Documents/GitHub/Fawaz_ALharbi_test/backend-laravel/vendor/laravel/framework/src/Illuminate/Database/MySqlConnection.php:45)
[stacktrace]
#0 C:/Users/PC/Documents/GitHub/Fawaz_ALharbi_test/backend-laravel/vendor/laravel/framework/src/Illuminate/Database/MySqlConnection.php(45): PDOStatement->execute()
#1 C:/Users/PC/Documents/GitHub/Fawaz_ALharbi_test/backend-laravel/vendor/laravel/framework/src/Illuminate/Database/Connection.php(816): Illuminate/Database/MySqlConnection->Illuminate/Database/{closure}('insert into `bo...', Array)
#2 C:/Users/PC/Documents/GitHub/Fawaz_ALharbi_test/backend-laravel/vendor/laravel/framework/src/Illuminate/Database/Connection.php(783): Illuminate/Database/Connection->runQueryCallback('insert into `bo...', Array, Object(Closure))
#3 C:/Users/PC/Documents/GitHub/Fawaz_ALharbi_test/backend-laravel/vendor/laravel/framework/src/Illuminate/Database/MySqlConnection.php(50): Illuminate/Database/Connection->run('insert into `bo...', Array, Object(Closure))
#4 C:/Users/PC/Documents/GitHub/Fawaz_ALharbi_test/backend-laravel/vendor/laravel/framework/src/Illuminate/Database/Query/Processors/MySqlProcessor.php(35): Illuminate/Database/MySqlConnection->insert('insert into `bo...', Array, NULL)
#5 C:/Users/PC/Documents/GitHub/Fawaz_ALharbi_test/backend-laravel/vendor/laravel/framework/src/Illuminate/Database/Query/Builder.php(3549): Illuminate/Database/Query/Processors/MySqlProcessor->processInsertGetId(Object(Illuminate/Database/Query/Builder), 'insert into `bo...', Array, NULL)
#6 C:/Users/PC/Documents/GitHub/Fawaz_ALharbi_test/backend-laravel/app/Http/Controllers/Api/BookingController.php(103): Illuminate/Database/Query/Builder->insertGetId(Array)
#7 C:/Users/PC/Documents/GitHub/Fawaz_ALharbi_test/backend-laravel/vendor/laravel/framework/src/Illuminate/Routing/Controller.php(54): App/Http/Controllers/Api/BookingController->store(Object(Illuminate/Http/Request))
#8 C:/Users/PC/Documents/GitHub/Fawaz_ALharbi_test/backend-laravel/vendor/laravel/framework/src/Illuminate/Routing/ControllerDispatcher.php(43): Illuminate/Routing/Controller->callAction('store', Array)
#9 C:/Users/PC/Documents/GitHub/Fawaz_ALharbi_test/backend-laravel/vendor/laravel/framework/src/Illuminate/Routing/Route.php(260): Illuminate/Routing/ControllerDispatcher->dispatch(Object(Illuminate/Routing/Route), Object(App/Http/Controllers/Api/BookingController), 'store')
#10 C:/Users/PC/Documents/GitHub/Fawaz_ALharbi_test/backend-laravel/vendor/laravel/framework/src/Illuminate/Routing/Route.php(205): Illuminate/Routing/Route->runController()
#11 C:/Users/PC/Documents/GitHub/Fawaz_ALharbi_test/backend-laravel/vendor/laravel/framework/src/Illuminate/Routing/Router.php(806): Illuminate/Routing/Route->run()
#12 C:/Users/PC/Documents/GitHub/Fawaz_ALharbi_test/backend-laravel/vendor/laravel/framework/src/Illuminate/Pipeline/Pipeline.php(144): Illuminate/Routing/Router->Illuminate/Routing/{closure}(Object(Illuminate/Http/Request))
#13 C:/Users/PC/Documents/GitHub/Fawaz_ALharbi_test/backend-laravel/vendor/laravel/framework/src/Illuminate/Routing/Middleware/SubstituteBindings.php(50): Illuminate/Pipeline/Pipeline->Illuminate/Pipeline/{closure}(Object(Illuminate/Http/Request))
#14 C:/Users/PC/Documents/GitHub/Fawaz_ALharbi_test/backend-laravel/vendor/laravel/framework/src/Illuminate/Pipeline/Pipeline.php(183): Illuminate/Routing/Middleware/SubstituteBindings->handle(Object(Illuminate/Http/Request), Object(Closure))
#15 C:/Users/PC/Documents/GitHub/Fawaz_ALharbi_test/backend-laravel/vendor/laravel/framework/src/Illuminate/Routing/Middleware/ThrottleRequests.php(159): Illuminate/Pipeline/Pipeline->Illuminate/Pipeline/{closure}(Object(Illuminate/Http/Request))
#16 C:/Users/PC/Documents/GitHub/Fawaz_ALharbi_test/backend-laravel/vendor/laravel/framework/src/Illuminate/Routing/Middleware/ThrottleRequests.php(135): Illuminate/Routing/Middleware/ThrottleRequests->handleRequest(Object(Illuminate/Http/Request), Object(Closure), Array)
#17 C:/Users/PC/Documents/GitHub/Fawaz_ALharbi_test/backend-laravel/vendor/laravel/framework/src/Illuminate/Routing/Middleware/ThrottleRequests.php(87): Illuminate/Routing/Middleware/ThrottleRequests->handleRequestUsingNamedLimiter(Object(Illuminate/Http/Request), Object(Closure), 'api', Object(Closure))
#18 C:/Users/PC/Documents/GitHub/Fawaz_ALharbi_test/backend-laravel/vendor/laravel/framework/src/Illuminate/Pipeline/Pipeline.php(183): Illuminate/Routing/Middleware/ThrottleRequests->handle(Object(Illuminate/Http/Request), Object(Closure), 'api')
#19 C:/Users/PC/Documents/GitHub/Fawaz_ALharbi_test/backend-laravel/vendor/laravel/framework/src/Illuminate/Auth/Middleware/Authenticate.php(57): Illuminate/Pipeline/Pipeline->Illuminate/Pipeline/{closure}(Object(Illuminate/Http/Request))
#20 C:/Users/PC/Documents/GitHub/Fawaz_ALharbi_test/backend-laravel/vendor/laravel/framework/src/Illuminate/Pipeline/Pipeline.php(183): Illuminate/Auth/Middleware/Authenticate->handle(Object(Illuminate/Http/Request), Object(Closure), 'sanctum')
#21 C:/Users/PC/Documents/GitHub/Fawaz_ALharbi_test/backend-laravel/vendor/laravel/framework/src/Illuminate/Pipeline/Pipeline.php(119): Illuminate/Pipeline/Pipeline->Illuminate/Pipeline/{closure}(Object(Illuminate/Http/Request))
#22 C:/Users/PC/Documents/GitHub/Fawaz_ALharbi_test/backend-laravel/vendor/laravel/framework/src/Illuminate/Routing/Router.php(807): Illuminate/Pipeline/Pipeline->then(Object(Closure))
#23 C:/Users/PC/Documents/GitHub/Fawaz_ALharbi_test/backend-laravel/vendor/laravel/framework/src/Illuminate/Routing/Router.php(784): Illuminate/Routing/Router->runRouteWithinStack(Object(Illuminate/Routing/Route), Object(Illuminate/Http/Request))
#24 C:/Users/PC/Documents/GitHub/Fawaz_ALharbi_test/backend-laravel/vendor/laravel/framework/src/Illuminate/Routing/Router.php(748): Illuminate/Routing/Router->runRoute(Object(Illuminate/Http/Request), Object(Illuminate/Routing/Route))
#25 C:/Users/PC/Documents/GitHub/Fawaz_ALharbi_test/backend-laravel/vendor/laravel/framework/src/Illuminate/Routing/Router.php(737): Illuminate/Routing/Router->dispatchToRoute(Object(Illuminate/Http/Request))
#26 C:/Users/PC/Documents/GitHub/Fawaz_ALharbi_test/backend-laravel/vendor/laravel/framework/src/Illuminate/Foundation/Http/Kernel.php(200): Illuminate/Routing/Router->dispatch(Object(Illuminate/Http/Request))
#27 C:/Users/PC/Documents/GitHub/Fawaz_ALharbi_test/backend-laravel/vendor/laravel/framework/src/Illuminate/Pipeline/Pipeline.php(144): Illuminate/Foundation/Http/Kernel->Illuminate/Foundation/Http/{closure}(Object(Illuminate/Http/Request))
#28 C:/Users/PC/Documents/GitHub/Fawaz_ALharbi_test/backend-laravel/vendor/laravel/framework/src/Illuminate/Foundation/Http/Middleware/TransformsRequest.php(21): Illuminate/Pipeline/Pipeline->Illuminate/Pipeline/{closure}(Object(Illuminate/Http/Request))
#29 C:/Users/PC/Documents/GitHub/Fawaz_ALharbi_test/backend-laravel/vendor/laravel/framework/src/Illuminate/Foundation/Http/Middleware/ConvertEmptyStringsToNull.php(31): Illuminate/Foundation/Http/Middleware/TransformsRequest->handle(Object(Illuminate/Http/Request), Object(Closure))
#30 C:/Users/PC/Documents/GitHub/Fawaz_ALharbi_test/backend-laravel/vendor/laravel/framework/src/Illuminate/Pipeline/Pipeline.php(183): Illuminate/Foundation/Http/Middleware/ConvertEmptyStringsToNull->handle(Object(Illuminate/Http/Request), Object(Closure))
#31 C:/Users/PC/Documents/GitHub/Fawaz_ALharbi_test/backend-laravel/vendor/laravel/framework/src/Illuminate/Foundation/Http/Middleware/TransformsRequest.php(21): Illuminate/Pipeline/Pipeline->Illuminate/Pipeline/{closure}(Object(Illuminate/Http/Request))
#32 C:/Users/PC/Documents/GitHub/Fawaz_ALharbi_test/backend-laravel/vendor/laravel/framework/src/Illuminate/Foundation/Http/Middleware/TrimStrings.php(40): Illuminate/Foundation/Http/Middleware/TransformsRequest->handle(Object(Illuminate/Http/Request), Object(Closure))
#33 C:/Users/PC/Documents/GitHub/Fawaz_ALharbi_test/backend-laravel/vendor/laravel/framework/src/Illuminate/Pipeline/Pipeline.php(183): Illuminate/Foundation/Http/Middleware/TrimStrings->handle(Object(Illuminate/Http/Request), Object(Closure))
#34 C:/Users/PC/Documents/GitHub/Fawaz_ALharbi_test/backend-laravel/vendor/laravel/framework/src/Illuminate/Foundation/Http/Middleware/ValidatePostSize.php(27): Illuminate/Pipeline/Pipeline->Illuminate/Pipeline/{closure}(Object(Illuminate/Http/Request))
#35 C:/Users/PC/Documents/GitHub/Fawaz_ALharbi_test/backend-laravel/vendor/laravel/framework/src/Illuminate/Pipeline/Pipeline.php(183): Illuminate/Foundation/Http/Middleware/ValidatePostSize->handle(Object(Illuminate/Http/Request), Object(Closure))
#36 C:/Users/PC/Documents/GitHub/Fawaz_ALharbi_test/backend-laravel/vendor/laravel/framework/src/Illuminate/Foundation/Http/Middleware/PreventRequestsDuringMaintenance.php(99): Illuminate/Pipeline/Pipeline->Illuminate/Pipeline/{closure}(Object(Illuminate/Http/Request))
#37 C:/Users/PC/Documents/GitHub/Fawaz_ALharbi_test/backend-laravel/vendor/laravel/framework/src/Illuminate/Pipeline/Pipeline.php(183): Illuminate/Foundation/Http/Middleware/PreventRequestsDuringMaintenance->handle(Object(Illuminate/Http/Request), Object(Closure))
#38 C:/Users/PC/Documents/GitHub/Fawaz_ALharbi_test/backend-laravel/vendor/laravel/framework/src/Illuminate/Http/Middleware/HandleCors.php(62): Illuminate/Pipeline/Pipeline->Illuminate/Pipeline/{closure}(Object(Illuminate/Http/Request))
#39 C:/Users/PC/Documents/GitHub/Fawaz_ALharbi_test/backend-laravel/vendor/laravel/framework/src/Illuminate/Pipeline/Pipeline.php(183): Illuminate/Http/Middleware/HandleCors->handle(Object(Illuminate/Http/Request), Object(Closure))
#40 C:/Users/PC/Documents/GitHub/Fawaz_ALharbi_test/backend-laravel/vendor/laravel/framework/src/Illuminate/Http/Middleware/TrustProxies.php(39): Illuminate/Pipeline/Pipeline->Illuminate/Pipeline/{closure}(Object(Illuminate/Http/Request))
#41 C:/Users/PC/Documents/GitHub/Fawaz_ALharbi_test/backend-laravel/vendor/laravel/framework/src/Illuminate/Pipeline/Pipeline.php(183): Illuminate/Http/Middleware/TrustProxies->handle(Object(Illuminate/Http/Request), Object(Closure))
#42 C:/Users/PC/Documents/GitHub/Fawaz_ALharbi_test/backend-laravel/vendor/laravel/framework/src/Illuminate/Pipeline/Pipeline.php(119): Illuminate/Pipeline/Pipeline->Illuminate/Pipeline/{closure}(Object(Illuminate/Http/Request))
#43 C:/Users/PC/Documents/GitHub/Fawaz_ALharbi_test/backend-laravel/vendor/laravel/framework/src/Illuminate/Foundation/Http/Kernel.php(175): Illuminate/Pipeline/Pipeline->then(Object(Closure))
#44 C:/Users/PC/Documents/GitHub/Fawaz_ALharbi_test/backend-laravel/vendor/laravel/framework/src/Illuminate/Foundation/Http/Kernel.php(144): Illuminate/Foundation/Http/Kernel->sendRequestThroughRouter(Object(Illuminate/Http/Request))
#45 C:/Users/PC/Documents/GitHub/Fawaz_ALharbi_test/backend-laravel/public/index.php(52): Illuminate/Foundation/Http/Kernel->handle(Object(Illuminate/Http/Request))
#46 C:/Users/PC/Documents/GitHub/Fawaz_ALharbi_test/backend-laravel/vendor/laravel/framework/src/Illuminate/Foundation/resources/server.php(16): require_once('C://Users//PC//Doc...')
#47 {main}
"} 
[2026-08-14 13:43:56] local.ERROR: SQLSTATE[01000]: Warning: 1265 Data truncated for column 'payment_status' at row 1 (Connection: mysql, SQL: insert into `bookings` (`tenant_id`, `customer_id`, `merchant_id`, `service_id`, `client`, `merchant`, `service`, `scheduled_at`, `duration_minutes`, `base_price`, `discount_amount`, `tax_amount`, `total_price`, `payment_status`, `payment_method`, `status`, `customer_notes`, `created_at`, `updated_at`) values (1, 1, 1, 1, FAWAZ, Wolff and Sons, Networked coherent intranet, 2026-08-15 10:00:00, 60, 213123, 0, 31968.45, 213123, paid, card, confirmed, ?, 2026-08-14 13:43:56, 2026-08-14 13:43:56)) {"userId":2,"exception":"[object] (Illuminate\\Database\\QueryException(code: 01000): SQLSTATE[01000]: Warning: 1265 Data truncated for column 'payment_status' at row 1 (Connection: mysql, SQL: insert into `bookings` (`tenant_id`, `customer_id`, `merchant_id`, `service_id`, `client`, `merchant`, `service`, `scheduled_at`, `duration_minutes`, `base_price`, `discount_amount`, `tax_amount`, `total_price`, `payment_status`, `payment_method`, `status`, `customer_notes`, `created_at`, `updated_at`) values (1, 1, 1, 1, FAWAZ, Wolff and Sons, Networked coherent intranet, 2026-08-15 10:00:00, 60, 213123, 0, 31968.45, 213123, paid, card, confirmed, ?, 2026-08-14 13:43:56, 2026-08-14 13:43:56)) at C:/Users/PC/Documents/GitHub/Fawaz_ALharbi_test/backend-laravel/vendor/laravel/framework/src/Illuminate/Database/Connection.php:829)
[stacktrace]
#0 C:/Users/PC/Documents/GitHub/Fawaz_ALharbi_test/backend-laravel/vendor/laravel/framework/src/Illuminate/Database/Connection.php(783): Illuminate/Database/Connection->runQueryCallback('insert into `bo...', Array, Object(Closure))
#1 C:/Users/PC/Documents/GitHub/Fawaz_ALharbi_test/backend-laravel/vendor/laravel/framework/src/Illuminate/Database/MySqlConnection.php(50): Illuminate/Database/Connection->run('insert into `bo...', Array, Object(Closure))
#2 C:/Users/PC/Documents/GitHub/Fawaz_ALharbi_test/backend-laravel/vendor/laravel/framework/src/Illuminate/Database/Query/Processors/MySqlProcessor.php(35): Illuminate/Database/MySqlConnection->insert('insert into `bo...', Array, NULL)
#3 C:/Users/PC/Documents/GitHub/Fawaz_ALharbi_test/backend-laravel/vendor/laravel/framework/src/Illuminate/Database/Query/Builder.php(3549): Illuminate/Database/Query/Processors/MySqlProcessor->processInsertGetId(Object(Illuminate/Database/Query/Builder), 'insert into `bo...', Array, NULL)
#4 C:/Users/PC/Documents/GitHub/Fawaz_ALharbi_test/backend-laravel/app/Http/Controllers/Api/BookingController.php(103): Illuminate/Database/Query/Builder->insertGetId(Array)
#5 C:/Users/PC/Documents/GitHub/Fawaz_ALharbi_test/backend-laravel/vendor/laravel/framework/src/Illuminate/Routing/Controller.php(54): App/Http/Controllers/Api/BookingController->store(Object(Illuminate/Http/Request))
#6 C:/Users/PC/Documents/GitHub/Fawaz_ALharbi_test/backend-laravel/vendor/laravel/framework/src/Illuminate/Routing/ControllerDispatcher.php(43): Illuminate/Routing/Controller->callAction('store', Array)
#7 C:/Users/PC/Documents/GitHub/Fawaz_ALharbi_test/backend-laravel/vendor/laravel/framework/src/Illuminate/Routing/Route.php(260): Illuminate/Routing/ControllerDispatcher->dispatch(Object(Illuminate/Routing/Route), Object(App/Http/Controllers/Api/BookingController), 'store')
#8 C:/Users/PC/Documents/GitHub/Fawaz_ALharbi_test/backend-laravel/vendor/laravel/framework/src/Illuminate/Routing/Route.php(205): Illuminate/Routing/Route->runController()
#9 C:/Users/PC/Documents/GitHub/Fawaz_ALharbi_test/backend-laravel/vendor/laravel/framework/src/Illuminate/Routing/Router.php(806): Illuminate/Routing/Route->run()
#10 C:/Users/PC/Documents/GitHub/Fawaz_ALharbi_test/backend-laravel/vendor/laravel/framework/src/Illuminate/Pipeline/Pipeline.php(144): Illuminate/Routing/Router->Illuminate/Routing/{closure}(Object(Illuminate/Http/Request))
#11 C:/Users/PC/Documents/GitHub/Fawaz_ALharbi_test/backend-laravel/vendor/laravel/framework/src/Illuminate/Routing/Middleware/SubstituteBindings.php(50): Illuminate/Pipeline/Pipeline->Illuminate/Pipeline/{closure}(Object(Illuminate/Http/Request))
#12 C:/Users/PC/Documents/GitHub/Fawaz_ALharbi_test/backend-laravel/vendor/laravel/framework/src/Illuminate/Pipeline/Pipeline.php(183): Illuminate/Routing/Middleware/SubstituteBindings->handle(Object(Illuminate/Http/Request), Object(Closure))
#13 C:/Users/PC/Documents/GitHub/Fawaz_ALharbi_test/backend-laravel/vendor/laravel/framework/src/Illuminate/Routing/Middleware/ThrottleRequests.php(159): Illuminate/Pipeline/Pipeline->Illuminate/Pipeline/{closure}(Object(Illuminate/Http/Request))
#14 C:/Users/PC/Documents/GitHub/Fawaz_ALharbi_test/backend-laravel/vendor/laravel/framework/src/Illuminate/Routing/Middleware/ThrottleRequests.php(135): Illuminate/Routing/Middleware/ThrottleRequests->handleRequest(Object(Illuminate/Http/Request), Object(Closure), Array)
#15 C:/Users/PC/Documents/GitHub/Fawaz_ALharbi_test/backend-laravel/vendor/laravel/framework/src/Illuminate/Routing/Middleware/ThrottleRequests.php(87): Illuminate/Routing/Middleware/ThrottleRequests->handleRequestUsingNamedLimiter(Object(Illuminate/Http/Request), Object(Closure), 'api', Object(Closure))
#16 C:/Users/PC/Documents/GitHub/Fawaz_ALharbi_test/backend-laravel/vendor/laravel/framework/src/Illuminate/Pipeline/Pipeline.php(183): Illuminate/Routing/Middleware/ThrottleRequests->handle(Object(Illuminate/Http/Request), Object(Closure), 'api')
#17 C:/Users/PC/Documents/GitHub/Fawaz_ALharbi_test/backend-laravel/vendor/laravel/framework/src/Illuminate/Auth/Middleware/Authenticate.php(57): Illuminate/Pipeline/Pipeline->Illuminate/Pipeline/{closure}(Object(Illuminate/Http/Request))
#18 C:/Users/PC/Documents/GitHub/Fawaz_ALharbi_test/backend-laravel/vendor/laravel/framework/src/Illuminate/Pipeline/Pipeline.php(183): Illuminate/Auth/Middleware/Authenticate->handle(Object(Illuminate/Http/Request), Object(Closure), 'sanctum')
#19 C:/Users/PC/Documents/GitHub/Fawaz_ALharbi_test/backend-laravel/vendor/laravel/framework/src/Illuminate/Pipeline/Pipeline.php(119): Illuminate/Pipeline/Pipeline->Illuminate/Pipeline/{closure}(Object(Illuminate/Http/Request))
#20 C:/Users/PC/Documents/GitHub/Fawaz_ALharbi_test/backend-laravel/vendor/laravel/framework/src/Illuminate/Routing/Router.php(807): Illuminate/Pipeline/Pipeline->then(Object(Closure))
#21 C:/Users/PC/Documents/GitHub/Fawaz_ALharbi_test/backend-laravel/vendor/laravel/framework/src/Illuminate/Routing/Router.php(784): Illuminate/Routing/Router->runRouteWithinStack(Object(Illuminate/Routing/Route), Object(Illuminate/Http/Request))
#22 C:/Users/PC/Documents/GitHub/Fawaz_ALharbi_test/backend-laravel/vendor/laravel/framework/src/Illuminate/Routing/Router.php(748): Illuminate/Routing/Router->runRoute(Object(Illuminate/Http/Request), Object(Illuminate/Routing/Route))
#23 C:/Users/PC/Documents/GitHub/Fawaz_ALharbi_test/backend-laravel/vendor/laravel/framework/src/Illuminate/Routing/Router.php(737): Illuminate/Routing/Router->dispatchToRoute(Object(Illuminate/Http/Request))
#24 C:/Users/PC/Documents/GitHub/Fawaz_ALharbi_test/backend-laravel/vendor/laravel/framework/src/Illuminate/Foundation/Http/Kernel.php(200): Illuminate/Routing/Router->dispatch(Object(Illuminate/Http/Request))
#25 C:/Users/PC/Documents/GitHub/Fawaz_ALharbi_test/backend-laravel/vendor/laravel/framework/src/Illuminate/Pipeline/Pipeline.php(144): Illuminate/Foundation/Http/Kernel->Illuminate/Foundation/Http/{closure}(Object(Illuminate/Http/Request))
#26 C:/Users/PC/Documents/GitHub/Fawaz_ALharbi_test/backend-laravel/vendor/laravel/framework/src/Illuminate/Foundation/Http/Middleware/TransformsRequest.php(21): Illuminate/Pipeline/Pipeline->Illuminate/Pipeline/{closure}(Object(Illuminate/Http/Request))
#27 C:/Users/PC/Documents/GitHub/Fawaz_ALharbi_test/backend-laravel/vendor/laravel/framework/src/Illuminate/Foundation/Http/Middleware/ConvertEmptyStringsToNull.php(31): Illuminate/Foundation/Http/Middleware/TransformsRequest->handle(Object(Illuminate/Http/Request), Object(Closure))
#28 C:/Users/PC/Documents/GitHub/Fawaz_ALharbi_test/backend-laravel/vendor/laravel/framework/src/Illuminate/Pipeline/Pipeline.php(183): Illuminate/Foundation/Http/Middleware/ConvertEmptyStringsToNull->handle(Object(Illuminate/Http/Request), Object(Closure))
#29 C:/Users/PC/Documents/GitHub/Fawaz_ALharbi_test/backend-laravel/vendor/laravel/framework/src/Illuminate/Foundation/Http/Middleware/TransformsRequest.php(21): Illuminate/Pipeline/Pipeline->Illuminate/Pipeline/{closure}(Object(Illuminate/Http/Request))
#30 C:/Users/PC/Documents/GitHub/Fawaz_ALharbi_test/backend-laravel/vendor/laravel/framework/src/Illuminate/Foundation/Http/Middleware/TrimStrings.php(40): Illuminate/Foundation/Http/Middleware/TransformsRequest->handle(Object(Illuminate/Http/Request), Object(Closure))
#31 C:/Users/PC/Documents/GitHub/Fawaz_ALharbi_test/backend-laravel/vendor/laravel/framework/src/Illuminate/Pipeline/Pipeline.php(183): Illuminate/Foundation/Http/Middleware/TrimStrings->handle(Object(Illuminate/Http/Request), Object(Closure))
#32 C:/Users/PC/Documents/GitHub/Fawaz_ALharbi_test/backend-laravel/vendor/laravel/framework/src/Illuminate/Foundation/Http/Middleware/ValidatePostSize.php(27): Illuminate/Pipeline/Pipeline->Illuminate/Pipeline/{closure}(Object(Illuminate/Http/Request))
#33 C:/Users/PC/Documents/GitHub/Fawaz_ALharbi_test/backend-laravel/vendor/laravel/framework/src/Illuminate/Pipeline/Pipeline.php(183): Illuminate/Foundation/Http/Middleware/ValidatePostSize->handle(Object(Illuminate/Http/Request), Object(Closure))
#34 C:/Users/PC/Documents/GitHub/Fawaz_ALharbi_test/backend-laravel/vendor/laravel/framework/src/Illuminate/Foundation/Http/Middleware/PreventRequestsDuringMaintenance.php(99): Illuminate/Pipeline/Pipeline->Illuminate/Pipeline/{closure}(Object(Illuminate/Http/Request))
#35 C:/Users/PC/Documents/GitHub/Fawaz_ALharbi_test/backend-laravel/vendor/laravel/framework/src/Illuminate/Pipeline/Pipeline.php(183): Illuminate/Foundation/Http/Middleware/PreventRequestsDuringMaintenance->handle(Object(Illuminate/Http/Request), Object(Closure))
#36 C:/Users/PC/Documents/GitHub/Fawaz_ALharbi_test/backend-laravel/vendor/laravel/framework/src/Illuminate/Http/Middleware/HandleCors.php(62): Illuminate/Pipeline/Pipeline->Illuminate/Pipeline/{closure}(Object(Illuminate/Http/Request))
#37 C:/Users/PC/Documents/GitHub/Fawaz_ALharbi_test/backend-laravel/vendor/laravel/framework/src/Illuminate/Pipeline/Pipeline.php(183): Illuminate/Http/Middleware/HandleCors->handle(Object(Illuminate/Http/Request), Object(Closure))
#38 C:/Users/PC/Documents/GitHub/Fawaz_ALharbi_test/backend-laravel/vendor/laravel/framework/src/Illuminate/Http/Middleware/TrustProxies.php(39): Illuminate/Pipeline/Pipeline->Illuminate/Pipeline/{closure}(Object(Illuminate/Http/Request))
#39 C:/Users/PC/Documents/GitHub/Fawaz_ALharbi_test/backend-laravel/vendor/laravel/framework/src/Illuminate/Pipeline/Pipeline.php(183): Illuminate/Http/Middleware/TrustProxies->handle(Object(Illuminate/Http/Request), Object(Closure))
#40 C:/Users/PC/Documents/GitHub/Fawaz_ALharbi_test/backend-laravel/vendor/laravel/framework/src/Illuminate/Pipeline/Pipeline.php(119): Illuminate/Pipeline/Pipeline->Illuminate/Pipeline/{closure}(Object(Illuminate/Http/Request))
#41 C:/Users/PC/Documents/GitHub/Fawaz_ALharbi_test/backend-laravel/vendor/laravel/framework/src/Illuminate/Foundation/Http/Kernel.php(175): Illuminate/Pipeline/Pipeline->then(Object(Closure))
#42 C:/Users/PC/Documents/GitHub/Fawaz_ALharbi_test/backend-laravel/vendor/laravel/framework/src/Illuminate/Foundation/Http/Kernel.php(144): Illuminate/Foundation/Http/Kernel->sendRequestThroughRouter(Object(Illuminate/Http/Request))
#43 C:/Users/PC/Documents/GitHub/Fawaz_ALharbi_test/backend-laravel/public/index.php(52): Illuminate/Foundation/Http/Kernel->handle(Object(Illuminate/Http/Request))
#44 C:/Users/PC/Documents/GitHub/Fawaz_ALharbi_test/backend-laravel/vendor/laravel/framework/src/Illuminate/Foundation/resources/server.php(16): require_once('C://Users//PC//Doc...')
#45 {main}

[previous exception] [object] (PDOException(code: 01000): SQLSTATE[01000]: Warning: 1265 Data truncated for column 'payment_status' at row 1 at C:/Users/PC/Documents/GitHub/Fawaz_ALharbi_test/backend-laravel/vendor/laravel/framework/src/Illuminate/Database/MySqlConnection.php:45)
[stacktrace]
#0 C:/Users/PC/Documents/GitHub/Fawaz_ALharbi_test/backend-laravel/vendor/laravel/framework/src/Illuminate/Database/MySqlConnection.php(45): PDOStatement->execute()
#1 C:/Users/PC/Documents/GitHub/Fawaz_ALharbi_test/backend-laravel/vendor/laravel/framework/src/Illuminate/Database/Connection.php(816): Illuminate/Database/MySqlConnection->Illuminate/Database/{closure}('insert into `bo...', Array)
#2 C:/Users/PC/Documents/GitHub/Fawaz_ALharbi_test/backend-laravel/vendor/laravel/framework/src/Illuminate/Database/Connection.php(783): Illuminate/Database/Connection->runQueryCallback('insert into `bo...', Array, Object(Closure))
#3 C:/Users/PC/Documents/GitHub/Fawaz_ALharbi_test/backend-laravel/vendor/laravel/framework/src/Illuminate/Database/MySqlConnection.php(50): Illuminate/Database/Connection->run('insert into `bo...', Array, Object(Closure))
#4 C:/Users/PC/Documents/GitHub/Fawaz_ALharbi_test/backend-laravel/vendor/laravel/framework/src/Illuminate/Database/Query/Processors/MySqlProcessor.php(35): Illuminate/Database/MySqlConnection->insert('insert into `bo...', Array, NULL)
#5 C:/Users/PC/Documents/GitHub/Fawaz_ALharbi_test/backend-laravel/vendor/laravel/framework/src/Illuminate/Database/Query/Builder.php(3549): Illuminate/Database/Query/Processors/MySqlProcessor->processInsertGetId(Object(Illuminate/Database/Query/Builder), 'insert into `bo...', Array, NULL)
#6 C:/Users/PC/Documents/GitHub/Fawaz_ALharbi_test/backend-laravel/app/Http/Controllers/Api/BookingController.php(103): Illuminate/Database/Query/Builder->insertGetId(Array)
#7 C:/Users/PC/Documents/GitHub/Fawaz_ALharbi_test/backend-laravel/vendor/laravel/framework/src/Illuminate/Routing/Controller.php(54): App/Http/Controllers/Api/BookingController->store(Object(Illuminate/Http/Request))
#8 C:/Users/PC/Documents/GitHub/Fawaz_ALharbi_test/backend-laravel/vendor/laravel/framework/src/Illuminate/Routing/ControllerDispatcher.php(43): Illuminate/Routing/Controller->callAction('store', Array)
#9 C:/Users/PC/Documents/GitHub/Fawaz_ALharbi_test/backend-laravel/vendor/laravel/framework/src/Illuminate/Routing/Route.php(260): Illuminate/Routing/ControllerDispatcher->dispatch(Object(Illuminate/Routing/Route), Object(App/Http/Controllers/Api/BookingController), 'store')
#10 C:/Users/PC/Documents/GitHub/Fawaz_ALharbi_test/backend-laravel/vendor/laravel/framework/src/Illuminate/Routing/Route.php(205): Illuminate/Routing/Route->runController()
#11 C:/Users/PC/Documents/GitHub/Fawaz_ALharbi_test/backend-laravel/vendor/laravel/framework/src/Illuminate/Routing/Router.php(806): Illuminate/Routing/Route->run()
#12 C:/Users/PC/Documents/GitHub/Fawaz_ALharbi_test/backend-laravel/vendor/laravel/framework/src/Illuminate/Pipeline/Pipeline.php(144): Illuminate/Routing/Router->Illuminate/Routing/{closure}(Object(Illuminate/Http/Request))
#13 C:/Users/PC/Documents/GitHub/Fawaz_ALharbi_test/backend-laravel/vendor/laravel/framework/src/Illuminate/Routing/Middleware/SubstituteBindings.php(50): Illuminate/Pipeline/Pipeline->Illuminate/Pipeline/{closure}(Object(Illuminate/Http/Request))
#14 C:/Users/PC/Documents/GitHub/Fawaz_ALharbi_test/backend-laravel/vendor/laravel/framework/src/Illuminate/Pipeline/Pipeline.php(183): Illuminate/Routing/Middleware/SubstituteBindings->handle(Object(Illuminate/Http/Request), Object(Closure))
#15 C:/Users/PC/Documents/GitHub/Fawaz_ALharbi_test/backend-laravel/vendor/laravel/framework/src/Illuminate/Routing/Middleware/ThrottleRequests.php(159): Illuminate/Pipeline/Pipeline->Illuminate/Pipeline/{closure}(Object(Illuminate/Http/Request))
#16 C:/Users/PC/Documents/GitHub/Fawaz_ALharbi_test/backend-laravel/vendor/laravel/framework/src/Illuminate/Routing/Middleware/ThrottleRequests.php(135): Illuminate/Routing/Middleware/ThrottleRequests->handleRequest(Object(Illuminate/Http/Request), Object(Closure), Array)
#17 C:/Users/PC/Documents/GitHub/Fawaz_ALharbi_test/backend-laravel/vendor/laravel/framework/src/Illuminate/Routing/Middleware/ThrottleRequests.php(87): Illuminate/Routing/Middleware/ThrottleRequests->handleRequestUsingNamedLimiter(Object(Illuminate/Http/Request), Object(Closure), 'api', Object(Closure))
#18 C:/Users/PC/Documents/GitHub/Fawaz_ALharbi_test/backend-laravel/vendor/laravel/framework/src/Illuminate/Pipeline/Pipeline.php(183): Illuminate/Routing/Middleware/ThrottleRequests->handle(Object(Illuminate/Http/Request), Object(Closure), 'api')
#19 C:/Users/PC/Documents/GitHub/Fawaz_ALharbi_test/backend-laravel/vendor/laravel/framework/src/Illuminate/Auth/Middleware/Authenticate.php(57): Illuminate/Pipeline/Pipeline->Illuminate/Pipeline/{closure}(Object(Illuminate/Http/Request))
#20 C:/Users/PC/Documents/GitHub/Fawaz_ALharbi_test/backend-laravel/vendor/laravel/framework/src/Illuminate/Pipeline/Pipeline.php(183): Illuminate/Auth/Middleware/Authenticate->handle(Object(Illuminate/Http/Request), Object(Closure), 'sanctum')
#21 C:/Users/PC/Documents/GitHub/Fawaz_ALharbi_test/backend-laravel/vendor/laravel/framework/src/Illuminate/Pipeline/Pipeline.php(119): Illuminate/Pipeline/Pipeline->Illuminate/Pipeline/{closure}(Object(Illuminate/Http/Request))
#22 C:/Users/PC/Documents/GitHub/Fawaz_ALharbi_test/backend-laravel/vendor/laravel/framework/src/Illuminate/Routing/Router.php(807): Illuminate/Pipeline/Pipeline->then(Object(Closure))
#23 C:/Users/PC/Documents/GitHub/Fawaz_ALharbi_test/backend-laravel/vendor/laravel/framework/src/Illuminate/Routing/Router.php(784): Illuminate/Routing/Router->runRouteWithinStack(Object(Illuminate/Routing/Route), Object(Illuminate/Http/Request))
#24 C:/Users/PC/Documents/GitHub/Fawaz_ALharbi_test/backend-laravel/vendor/laravel/framework/src/Illuminate/Routing/Router.php(748): Illuminate/Routing/Router->runRoute(Object(Illuminate/Http/Request), Object(Illuminate/Routing/Route))
#25 C:/Users/PC/Documents/GitHub/Fawaz_ALharbi_test/backend-laravel/vendor/laravel/framework/src/Illuminate/Routing/Router.php(737): Illuminate/Routing/Router->dispatchToRoute(Object(Illuminate/Http/Request))
#26 C:/Users/PC/Documents/GitHub/Fawaz_ALharbi_test/backend-laravel/vendor/laravel/framework/src/Illuminate/Foundation/Http/Kernel.php(200): Illuminate/Routing/Router->dispatch(Object(Illuminate/Http/Request))
#27 C:/Users/PC/Documents/GitHub/Fawaz_ALharbi_test/backend-laravel/vendor/laravel/framework/src/Illuminate/Pipeline/Pipeline.php(144): Illuminate/Foundation/Http/Kernel->Illuminate/Foundation/Http/{closure}(Object(Illuminate/Http/Request))
#28 C:/Users/PC/Documents/GitHub/Fawaz_ALharbi_test/backend-laravel/vendor/laravel/framework/src/Illuminate/Foundation/Http/Middleware/TransformsRequest.php(21): Illuminate/Pipeline/Pipeline->Illuminate/Pipeline/{closure}(Object(Illuminate/Http/Request))
#29 C:/Users/PC/Documents/GitHub/Fawaz_ALharbi_test/backend-laravel/vendor/laravel/framework/src/Illuminate/Foundation/Http/Middleware/ConvertEmptyStringsToNull.php(31): Illuminate/Foundation/Http/Middleware/TransformsRequest->handle(Object(Illuminate/Http/Request), Object(Closure))
#30 C:/Users/PC/Documents/GitHub/Fawaz_ALharbi_test/backend-laravel/vendor/laravel/framework/src/Illuminate/Pipeline/Pipeline.php(183): Illuminate/Foundation/Http/Middleware/ConvertEmptyStringsToNull->handle(Object(Illuminate/Http/Request), Object(Closure))
#31 C:/Users/PC/Documents/GitHub/Fawaz_ALharbi_test/backend-laravel/vendor/laravel/framework/src/Illuminate/Foundation/Http/Middleware/TransformsRequest.php(21): Illuminate/Pipeline/Pipeline->Illuminate/Pipeline/{closure}(Object(Illuminate/Http/Request))
#32 C:/Users/PC/Documents/GitHub/Fawaz_ALharbi_test/backend-laravel/vendor/laravel/framework/src/Illuminate/Foundation/Http/Middleware/TrimStrings.php(40): Illuminate/Foundation/Http/Middleware/TransformsRequest->handle(Object(Illuminate/Http/Request), Object(Closure))
#33 C:/Users/PC/Documents/GitHub/Fawaz_ALharbi_test/backend-laravel/vendor/laravel/framework/src/Illuminate/Pipeline/Pipeline.php(183): Illuminate/Foundation/Http/Middleware/TrimStrings->handle(Object(Illuminate/Http/Request), Object(Closure))
#34 C:/Users/PC/Documents/GitHub/Fawaz_ALharbi_test/backend-laravel/vendor/laravel/framework/src/Illuminate/Foundation/Http/Middleware/ValidatePostSize.php(27): Illuminate/Pipeline/Pipeline->Illuminate/Pipeline/{closure}(Object(Illuminate/Http/Request))
#35 C:/Users/PC/Documents/GitHub/Fawaz_ALharbi_test/backend-laravel/vendor/laravel/framework/src/Illuminate/Pipeline/Pipeline.php(183): Illuminate/Foundation/Http/Middleware/ValidatePostSize->handle(Object(Illuminate/Http/Request), Object(Closure))
#36 C:/Users/PC/Documents/GitHub/Fawaz_ALharbi_test/backend-laravel/vendor/laravel/framework/src/Illuminate/Foundation/Http/Middleware/PreventRequestsDuringMaintenance.php(99): Illuminate/Pipeline/Pipeline->Illuminate/Pipeline/{closure}(Object(Illuminate/Http/Request))
#37 C:/Users/PC/Documents/GitHub/Fawaz_ALharbi_test/backend-laravel/vendor/laravel/framework/src/Illuminate/Pipeline/Pipeline.php(183): Illuminate/Foundation/Http/Middleware/PreventRequestsDuringMaintenance->handle(Object(Illuminate/Http/Request), Object(Closure))
#38 C:/Users/PC/Documents/GitHub/Fawaz_ALharbi_test/backend-laravel/vendor/laravel/framework/src/Illuminate/Http/Middleware/HandleCors.php(62): Illuminate/Pipeline/Pipeline->Illuminate/Pipeline/{closure}(Object(Illuminate/Http/Request))
#39 C:/Users/PC/Documents/GitHub/Fawaz_ALharbi_test/backend-laravel/vendor/laravel/framework/src/Illuminate/Pipeline/Pipeline.php(183): Illuminate/Http/Middleware/HandleCors->handle(Object(Illuminate/Http/Request), Object(Closure))
#40 C:/Users/PC/Documents/GitHub/Fawaz_ALharbi_test/backend-laravel/vendor/laravel/framework/src/Illuminate/Http/Middleware/TrustProxies.php(39): Illuminate/Pipeline/Pipeline->Illuminate/Pipeline/{closure}(Object(Illuminate/Http/Request))
#41 C:/Users/PC/Documents/GitHub/Fawaz_ALharbi_test/backend-laravel/vendor/laravel/framework/src/Illuminate/Pipeline/Pipeline.php(183): Illuminate/Http/Middleware/TrustProxies->handle(Object(Illuminate/Http/Request), Object(Closure))
#42 C:/Users/PC/Documents/GitHub/Fawaz_ALharbi_test/backend-laravel/vendor/laravel/framework/src/Illuminate/Pipeline/Pipeline.php(119): Illuminate/Pipeline/Pipeline->Illuminate/Pipeline/{closure}(Object(Illuminate/Http/Request))
#43 C:/Users/PC/Documents/GitHub/Fawaz_ALharbi_test/backend-laravel/vendor/laravel/framework/src/Illuminate/Foundation/Http/Kernel.php(175): Illuminate/Pipeline/Pipeline->then(Object(Closure))
#44 C:/Users/PC/Documents/GitHub/Fawaz_ALharbi_test/backend-laravel/vendor/laravel/framework/src/Illuminate/Foundation/Http/Kernel.php(144): Illuminate/Foundation/Http/Kernel->sendRequestThroughRouter(Object(Illuminate/Http/Request))
#45 C:/Users/PC/Documents/GitHub/Fawaz_ALharbi_test/backend-laravel/public/index.php(52): Illuminate/Foundation/Http/Kernel->handle(Object(Illuminate/Http/Request))
#46 C:/Users/PC/Documents/GitHub/Fawaz_ALharbi_test/backend-laravel/vendor/laravel/framework/src/Illuminate/Foundation/resources/server.php(16): require_once('C://Users//PC//Doc...')
#47 {main}
"} 
[2026-08-14 13:43:57] local.ERROR: SQLSTATE[01000]: Warning: 1265 Data truncated for column 'payment_status' at row 1 (Connection: mysql, SQL: insert into `bookings` (`tenant_id`, `customer_id`, `merchant_id`, `service_id`, `client`, `merchant`, `service`, `scheduled_at`, `duration_minutes`, `base_price`, `discount_amount`, `tax_amount`, `total_price`, `payment_status`, `payment_method`, `status`, `customer_notes`, `created_at`, `updated_at`) values (1, 1, 1, 1, FAWAZ, Wolff and Sons, Networked coherent intranet, 2026-08-15 10:00:00, 60, 213123, 0, 31968.45, 213123, paid, card, confirmed, ?, 2026-08-14 13:43:57, 2026-08-14 13:43:57)) {"userId":2,"exception":"[object] (Illuminate\\Database\\QueryException(code: 01000): SQLSTATE[01000]: Warning: 1265 Data truncated for column 'payment_status' at row 1 (Connection: mysql, SQL: insert into `bookings` (`tenant_id`, `customer_id`, `merchant_id`, `service_id`, `client`, `merchant`, `service`, `scheduled_at`, `duration_minutes`, `base_price`, `discount_amount`, `tax_amount`, `total_price`, `payment_status`, `payment_method`, `status`, `customer_notes`, `created_at`, `updated_at`) values (1, 1, 1, 1, FAWAZ, Wolff and Sons, Networked coherent intranet, 2026-08-15 10:00:00, 60, 213123, 0, 31968.45, 213123, paid, card, confirmed, ?, 2026-08-14 13:43:57, 2026-08-14 13:43:57)) at C:/Users/PC/Documents/GitHub/Fawaz_ALharbi_test/backend-laravel/vendor/laravel/framework/src/Illuminate/Database/Connection.php:829)
[stacktrace]
#0 C:/Users/PC/Documents/GitHub/Fawaz_ALharbi_test/backend-laravel/vendor/laravel/framework/src/Illuminate/Database/Connection.php(783): Illuminate/Database/Connection->runQueryCallback('insert into `bo...', Array, Object(Closure))
#1 C:/Users/PC/Documents/GitHub/Fawaz_ALharbi_test/backend-laravel/vendor/laravel/framework/src/Illuminate/Database/MySqlConnection.php(50): Illuminate/Database/Connection->run('insert into `bo...', Array, Object(Closure))
#2 C:/Users/PC/Documents/GitHub/Fawaz_ALharbi_test/backend-laravel/vendor/laravel/framework/src/Illuminate/Database/Query/Processors/MySqlProcessor.php(35): Illuminate/Database/MySqlConnection->insert('insert into `bo...', Array, NULL)
#3 C:/Users/PC/Documents/GitHub/Fawaz_ALharbi_test/backend-laravel/vendor/laravel/framework/src/Illuminate/Database/Query/Builder.php(3549): Illuminate/Database/Query/Processors/MySqlProcessor->processInsertGetId(Object(Illuminate/Database/Query/Builder), 'insert into `bo...', Array, NULL)
#4 C:/Users/PC/Documents/GitHub/Fawaz_ALharbi_test/backend-laravel/app/Http/Controllers/Api/BookingController.php(103): Illuminate/Database/Query/Builder->insertGetId(Array)
#5 C:/Users/PC/Documents/GitHub/Fawaz_ALharbi_test/backend-laravel/vendor/laravel/framework/src/Illuminate/Routing/Controller.php(54): App/Http/Controllers/Api/BookingController->store(Object(Illuminate/Http/Request))
#6 C:/Users/PC/Documents/GitHub/Fawaz_ALharbi_test/backend-laravel/vendor/laravel/framework/src/Illuminate/Routing/ControllerDispatcher.php(43): Illuminate/Routing/Controller->callAction('store', Array)
#7 C:/Users/PC/Documents/GitHub/Fawaz_ALharbi_test/backend-laravel/vendor/laravel/framework/src/Illuminate/Routing/Route.php(260): Illuminate/Routing/ControllerDispatcher->dispatch(Object(Illuminate/Routing/Route), Object(App/Http/Controllers/Api/BookingController), 'store')
#8 C:/Users/PC/Documents/GitHub/Fawaz_ALharbi_test/backend-laravel/vendor/laravel/framework/src/Illuminate/Routing/Route.php(205): Illuminate/Routing/Route->runController()
#9 C:/Users/PC/Documents/GitHub/Fawaz_ALharbi_test/backend-laravel/vendor/laravel/framework/src/Illuminate/Routing/Router.php(806): Illuminate/Routing/Route->run()
#10 C:/Users/PC/Documents/GitHub/Fawaz_ALharbi_test/backend-laravel/vendor/laravel/framework/src/Illuminate/Pipeline/Pipeline.php(144): Illuminate/Routing/Router->Illuminate/Routing/{closure}(Object(Illuminate/Http/Request))
#11 C:/Users/PC/Documents/GitHub/Fawaz_ALharbi_test/backend-laravel/vendor/laravel/framework/src/Illuminate/Routing/Middleware/SubstituteBindings.php(50): Illuminate/Pipeline/Pipeline->Illuminate/Pipeline/{closure}(Object(Illuminate/Http/Request))
#12 C:/Users/PC/Documents/GitHub/Fawaz_ALharbi_test/backend-laravel/vendor/laravel/framework/src/Illuminate/Pipeline/Pipeline.php(183): Illuminate/Routing/Middleware/SubstituteBindings->handle(Object(Illuminate/Http/Request), Object(Closure))
#13 C:/Users/PC/Documents/GitHub/Fawaz_ALharbi_test/backend-laravel/vendor/laravel/framework/src/Illuminate/Routing/Middleware/ThrottleRequests.php(159): Illuminate/Pipeline/Pipeline->Illuminate/Pipeline/{closure}(Object(Illuminate/Http/Request))
#14 C:/Users/PC/Documents/GitHub/Fawaz_ALharbi_test/backend-laravel/vendor/laravel/framework/src/Illuminate/Routing/Middleware/ThrottleRequests.php(135): Illuminate/Routing/Middleware/ThrottleRequests->handleRequest(Object(Illuminate/Http/Request), Object(Closure), Array)
#15 C:/Users/PC/Documents/GitHub/Fawaz_ALharbi_test/backend-laravel/vendor/laravel/framework/src/Illuminate/Routing/Middleware/ThrottleRequests.php(87): Illuminate/Routing/Middleware/ThrottleRequests->handleRequestUsingNamedLimiter(Object(Illuminate/Http/Request), Object(Closure), 'api', Object(Closure))
#16 C:/Users/PC/Documents/GitHub/Fawaz_ALharbi_test/backend-laravel/vendor/laravel/framework/src/Illuminate/Pipeline/Pipeline.php(183): Illuminate/Routing/Middleware/ThrottleRequests->handle(Object(Illuminate/Http/Request), Object(Closure), 'api')
#17 C:/Users/PC/Documents/GitHub/Fawaz_ALharbi_test/backend-laravel/vendor/laravel/framework/src/Illuminate/Auth/Middleware/Authenticate.php(57): Illuminate/Pipeline/Pipeline->Illuminate/Pipeline/{closure}(Object(Illuminate/Http/Request))
#18 C:/Users/PC/Documents/GitHub/Fawaz_ALharbi_test/backend-laravel/vendor/laravel/framework/src/Illuminate/Pipeline/Pipeline.php(183): Illuminate/Auth/Middleware/Authenticate->handle(Object(Illuminate/Http/Request), Object(Closure), 'sanctum')
#19 C:/Users/PC/Documents/GitHub/Fawaz_ALharbi_test/backend-laravel/vendor/laravel/framework/src/Illuminate/Pipeline/Pipeline.php(119): Illuminate/Pipeline/Pipeline->Illuminate/Pipeline/{closure}(Object(Illuminate/Http/Request))
#20 C:/Users/PC/Documents/GitHub/Fawaz_ALharbi_test/backend-laravel/vendor/laravel/framework/src/Illuminate/Routing/Router.php(807): Illuminate/Pipeline/Pipeline->then(Object(Closure))
#21 C:/Users/PC/Documents/GitHub/Fawaz_ALharbi_test/backend-laravel/vendor/laravel/framework/src/Illuminate/Routing/Router.php(784): Illuminate/Routing/Router->runRouteWithinStack(Object(Illuminate/Routing/Route), Object(Illuminate/Http/Request))
#22 C:/Users/PC/Documents/GitHub/Fawaz_ALharbi_test/backend-laravel/vendor/laravel/framework/src/Illuminate/Routing/Router.php(748): Illuminate/Routing/Router->runRoute(Object(Illuminate/Http/Request), Object(Illuminate/Routing/Route))
#23 C:/Users/PC/Documents/GitHub/Fawaz_ALharbi_test/backend-laravel/vendor/laravel/framework/src/Illuminate/Routing/Router.php(737): Illuminate/Routing/Router->dispatchToRoute(Object(Illuminate/Http/Request))
#24 C:/Users/PC/Documents/GitHub/Fawaz_ALharbi_test/backend-laravel/vendor/laravel/framework/src/Illuminate/Foundation/Http/Kernel.php(200): Illuminate/Routing/Router->dispatch(Object(Illuminate/Http/Request))
#25 C:/Users/PC/Documents/GitHub/Fawaz_ALharbi_test/backend-laravel/vendor/laravel/framework/src/Illuminate/Pipeline/Pipeline.php(144): Illuminate/Foundation/Http/Kernel->Illuminate/Foundation/Http/{closure}(Object(Illuminate/Http/Request))
#26 C:/Users/PC/Documents/GitHub/Fawaz_ALharbi_test/backend-laravel/vendor/laravel/framework/src/Illuminate/Foundation/Http/Middleware/TransformsRequest.php(21): Illuminate/Pipeline/Pipeline->Illuminate/Pipeline/{closure}(Object(Illuminate/Http/Request))
#27 C:/Users/PC/Documents/GitHub/Fawaz_ALharbi_test/backend-laravel/vendor/laravel/framework/src/Illuminate/Foundation/Http/Middleware/ConvertEmptyStringsToNull.php(31): Illuminate/Foundation/Http/Middleware/TransformsRequest->handle(Object(Illuminate/Http/Request), Object(Closure))
#28 C:/Users/PC/Documents/GitHub/Fawaz_ALharbi_test/backend-laravel/vendor/laravel/framework/src/Illuminate/Pipeline/Pipeline.php(183): Illuminate/Foundation/Http/Middleware/ConvertEmptyStringsToNull->handle(Object(Illuminate/Http/Request), Object(Closure))
#29 C:/Users/PC/Documents/GitHub/Fawaz_ALharbi_test/backend-laravel/vendor/laravel/framework/src/Illuminate/Foundation/Http/Middleware/TransformsRequest.php(21): Illuminate/Pipeline/Pipeline->Illuminate/Pipeline/{closure}(Object(Illuminate/Http/Request))
#30 C:/Users/PC/Documents/GitHub/Fawaz_ALharbi_test/backend-laravel/vendor/laravel/framework/src/Illuminate/Foundation/Http/Middleware/TrimStrings.php(40): Illuminate/Foundation/Http/Middleware/TransformsRequest->handle(Object(Illuminate/Http/Request), Object(Closure))
#31 C:/Users/PC/Documents/GitHub/Fawaz_ALharbi_test/backend-laravel/vendor/laravel/framework/src/Illuminate/Pipeline/Pipeline.php(183): Illuminate/Foundation/Http/Middleware/TrimStrings->handle(Object(Illuminate/Http/Request), Object(Closure))
#32 C:/Users/PC/Documents/GitHub/Fawaz_ALharbi_test/backend-laravel/vendor/laravel/framework/src/Illuminate/Foundation/Http/Middleware/ValidatePostSize.php(27): Illuminate/Pipeline/Pipeline->Illuminate/Pipeline/{closure}(Object(Illuminate/Http/Request))
#33 C:/Users/PC/Documents/GitHub/Fawaz_ALharbi_test/backend-laravel/vendor/laravel/framework/src/Illuminate/Pipeline/Pipeline.php(183): Illuminate/Foundation/Http/Middleware/ValidatePostSize->handle(Object(Illuminate/Http/Request), Object(Closure))
#34 C:/Users/PC/Documents/GitHub/Fawaz_ALharbi_test/backend-laravel/vendor/laravel/framework/src/Illuminate/Foundation/Http/Middleware/PreventRequestsDuringMaintenance.php(99): Illuminate/Pipeline/Pipeline->Illuminate/Pipeline/{closure}(Object(Illuminate/Http/Request))
#35 C:/Users/PC/Documents/GitHub/Fawaz_ALharbi_test/backend-laravel/vendor/laravel/framework/src/Illuminate/Pipeline/Pipeline.php(183): Illuminate/Foundation/Http/Middleware/PreventRequestsDuringMaintenance->handle(Object(Illuminate/Http/Request), Object(Closure))
#36 C:/Users/PC/Documents/GitHub/Fawaz_ALharbi_test/backend-laravel/vendor/laravel/framework/src/Illuminate/Http/Middleware/HandleCors.php(62): Illuminate/Pipeline/Pipeline->Illuminate/Pipeline/{closure}(Object(Illuminate/Http/Request))
#37 C:/Users/PC/Documents/GitHub/Fawaz_ALharbi_test/backend-laravel/vendor/laravel/framework/src/Illuminate/Pipeline/Pipeline.php(183): Illuminate/Http/Middleware/HandleCors->handle(Object(Illuminate/Http/Request), Object(Closure))
#38 C:/Users/PC/Documents/GitHub/Fawaz_ALharbi_test/backend-laravel/vendor/laravel/framework/src/Illuminate/Http/Middleware/TrustProxies.php(39): Illuminate/Pipeline/Pipeline->Illuminate/Pipeline/{closure}(Object(Illuminate/Http/Request))
#39 C:/Users/PC/Documents/GitHub/Fawaz_ALharbi_test/backend-laravel/vendor/laravel/framework/src/Illuminate/Pipeline/Pipeline.php(183): Illuminate/Http/Middleware/TrustProxies->handle(Object(Illuminate/Http/Request), Object(Closure))
#40 C:/Users/PC/Documents/GitHub/Fawaz_ALharbi_test/backend-laravel/vendor/laravel/framework/src/Illuminate/Pipeline/Pipeline.php(119): Illuminate/Pipeline/Pipeline->Illuminate/Pipeline/{closure}(Object(Illuminate/Http/Request))
#41 C:/Users/PC/Documents/GitHub/Fawaz_ALharbi_test/backend-laravel/vendor/laravel/framework/src/Illuminate/Foundation/Http/Kernel.php(175): Illuminate/Pipeline/Pipeline->then(Object(Closure))
#42 C:/Users/PC/Documents/GitHub/Fawaz_ALharbi_test/backend-laravel/vendor/laravel/framework/src/Illuminate/Foundation/Http/Kernel.php(144): Illuminate/Foundation/Http/Kernel->sendRequestThroughRouter(Object(Illuminate/Http/Request))
#43 C:/Users/PC/Documents/GitHub/Fawaz_ALharbi_test/backend-laravel/public/index.php(52): Illuminate/Foundation/Http/Kernel->handle(Object(Illuminate/Http/Request))
#44 C:/Users/PC/Documents/GitHub/Fawaz_ALharbi_test/backend-laravel/vendor/laravel/framework/src/Illuminate/Foundation/resources/server.php(16): require_once('C://Users//PC//Doc...')
#45 {main}

[previous exception] [object] (PDOException(code: 01000): SQLSTATE[01000]: Warning: 1265 Data truncated for column 'payment_status' at row 1 at C:/Users/PC/Documents/GitHub/Fawaz_ALharbi_test/backend-laravel/vendor/laravel/framework/src/Illuminate/Database/MySqlConnection.php:45)
[stacktrace]
#0 C:/Users/PC/Documents/GitHub/Fawaz_ALharbi_test/backend-laravel/vendor/laravel/framework/src/Illuminate/Database/MySqlConnection.php(45): PDOStatement->execute()
#1 C:/Users/PC/Documents/GitHub/Fawaz_ALharbi_test/backend-laravel/vendor/laravel/framework/src/Illuminate/Database/Connection.php(816): Illuminate/Database/MySqlConnection->Illuminate/Database/{closure}('insert into `bo...', Array)
#2 C:/Users/PC/Documents/GitHub/Fawaz_ALharbi_test/backend-laravel/vendor/laravel/framework/src/Illuminate/Database/Connection.php(783): Illuminate/Database/Connection->runQueryCallback('insert into `bo...', Array, Object(Closure))
#3 C:/Users/PC/Documents/GitHub/Fawaz_ALharbi_test/backend-laravel/vendor/laravel/framework/src/Illuminate/Database/MySqlConnection.php(50): Illuminate/Database/Connection->run('insert into `bo...', Array, Object(Closure))
#4 C:/Users/PC/Documents/GitHub/Fawaz_ALharbi_test/backend-laravel/vendor/laravel/framework/src/Illuminate/Database/Query/Processors/MySqlProcessor.php(35): Illuminate/Database/MySqlConnection->insert('insert into `bo...', Array, NULL)
#5 C:/Users/PC/Documents/GitHub/Fawaz_ALharbi_test/backend-laravel/vendor/laravel/framework/src/Illuminate/Database/Query/Builder.php(3549): Illuminate/Database/Query/Processors/MySqlProcessor->processInsertGetId(Object(Illuminate/Database/Query/Builder), 'insert into `bo...', Array, NULL)
#6 C:/Users/PC/Documents/GitHub/Fawaz_ALharbi_test/backend-laravel/app/Http/Controllers/Api/BookingController.php(103): Illuminate/Database/Query/Builder->insertGetId(Array)
#7 C:/Users/PC/Documents/GitHub/Fawaz_ALharbi_test/backend-laravel/vendor/laravel/framework/src/Illuminate/Routing/Controller.php(54): App/Http/Controllers/Api/BookingController->store(Object(Illuminate/Http/Request))
#8 C:/Users/PC/Documents/GitHub/Fawaz_ALharbi_test/backend-laravel/vendor/laravel/framework/src/Illuminate/Routing/ControllerDispatcher.php(43): Illuminate/Routing/Controller->callAction('store', Array)
#9 C:/Users/PC/Documents/GitHub/Fawaz_ALharbi_test/backend-laravel/vendor/laravel/framework/src/Illuminate/Routing/Route.php(260): Illuminate/Routing/ControllerDispatcher->dispatch(Object(Illuminate/Routing/Route), Object(App/Http/Controllers/Api/BookingController), 'store')
#10 C:/Users/PC/Documents/GitHub/Fawaz_ALharbi_test/backend-laravel/vendor/laravel/framework/src/Illuminate/Routing/Route.php(205): Illuminate/Routing/Route->runController()
#11 C:/Users/PC/Documents/GitHub/Fawaz_ALharbi_test/backend-laravel/vendor/laravel/framework/src/Illuminate/Routing/Router.php(806): Illuminate/Routing/Route->run()
#12 C:/Users/PC/Documents/GitHub/Fawaz_ALharbi_test/backend-laravel/vendor/laravel/framework/src/Illuminate/Pipeline/Pipeline.php(144): Illuminate/Routing/Router->Illuminate/Routing/{closure}(Object(Illuminate/Http/Request))
#13 C:/Users/PC/Documents/GitHub/Fawaz_ALharbi_test/backend-laravel/vendor/laravel/framework/src/Illuminate/Routing/Middleware/SubstituteBindings.php(50): Illuminate/Pipeline/Pipeline->Illuminate/Pipeline/{closure}(Object(Illuminate/Http/Request))
#14 C:/Users/PC/Documents/GitHub/Fawaz_ALharbi_test/backend-laravel/vendor/laravel/framework/src/Illuminate/Pipeline/Pipeline.php(183): Illuminate/Routing/Middleware/SubstituteBindings->handle(Object(Illuminate/Http/Request), Object(Closure))
#15 C:/Users/PC/Documents/GitHub/Fawaz_ALharbi_test/backend-laravel/vendor/laravel/framework/src/Illuminate/Routing/Middleware/ThrottleRequests.php(159): Illuminate/Pipeline/Pipeline->Illuminate/Pipeline/{closure}(Object(Illuminate/Http/Request))
#16 C:/Users/PC/Documents/GitHub/Fawaz_ALharbi_test/backend-laravel/vendor/laravel/framework/src/Illuminate/Routing/Middleware/ThrottleRequests.php(135): Illuminate/Routing/Middleware/ThrottleRequests->handleRequest(Object(Illuminate/Http/Request), Object(Closure), Array)
#17 C:/Users/PC/Documents/GitHub/Fawaz_ALharbi_test/backend-laravel/vendor/laravel/framework/src/Illuminate/Routing/Middleware/ThrottleRequests.php(87): Illuminate/Routing/Middleware/ThrottleRequests->handleRequestUsingNamedLimiter(Object(Illuminate/Http/Request), Object(Closure), 'api', Object(Closure))
#18 C:/Users/PC/Documents/GitHub/Fawaz_ALharbi_test/backend-laravel/vendor/laravel/framework/src/Illuminate/Pipeline/Pipeline.php(183): Illuminate/Routing/Middleware/ThrottleRequests->handle(Object(Illuminate/Http/Request), Object(Closure), 'api')
#19 C:/Users/PC/Documents/GitHub/Fawaz_ALharbi_test/backend-laravel/vendor/laravel/framework/src/Illuminate/Auth/Middleware/Authenticate.php(57): Illuminate/Pipeline/Pipeline->Illuminate/Pipeline/{closure}(Object(Illuminate/Http/Request))
#20 C:/Users/PC/Documents/GitHub/Fawaz_ALharbi_test/backend-laravel/vendor/laravel/framework/src/Illuminate/Pipeline/Pipeline.php(183): Illuminate/Auth/Middleware/Authenticate->handle(Object(Illuminate/Http/Request), Object(Closure), 'sanctum')
#21 C:/Users/PC/Documents/GitHub/Fawaz_ALharbi_test/backend-laravel/vendor/laravel/framework/src/Illuminate/Pipeline/Pipeline.php(119): Illuminate/Pipeline/Pipeline->Illuminate/Pipeline/{closure}(Object(Illuminate/Http/Request))
#22 C:/Users/PC/Documents/GitHub/Fawaz_ALharbi_test/backend-laravel/vendor/laravel/framework/src/Illuminate/Routing/Router.php(807): Illuminate/Pipeline/Pipeline->then(Object(Closure))
#23 C:/Users/PC/Documents/GitHub/Fawaz_ALharbi_test/backend-laravel/vendor/laravel/framework/src/Illuminate/Routing/Router.php(784): Illuminate/Routing/Router->runRouteWithinStack(Object(Illuminate/Routing/Route), Object(Illuminate/Http/Request))
#24 C:/Users/PC/Documents/GitHub/Fawaz_ALharbi_test/backend-laravel/vendor/laravel/framework/src/Illuminate/Routing/Router.php(748): Illuminate/Routing/Router->runRoute(Object(Illuminate/Http/Request), Object(Illuminate/Routing/Route))
#25 C:/Users/PC/Documents/GitHub/Fawaz_ALharbi_test/backend-laravel/vendor/laravel/framework/src/Illuminate/Routing/Router.php(737): Illuminate/Routing/Router->dispatchToRoute(Object(Illuminate/Http/Request))
#26 C:/Users/PC/Documents/GitHub/Fawaz_ALharbi_test/backend-laravel/vendor/laravel/framework/src/Illuminate/Foundation/Http/Kernel.php(200): Illuminate/Routing/Router->dispatch(Object(Illuminate/Http/Request))
#27 C:/Users/PC/Documents/GitHub/Fawaz_ALharbi_test/backend-laravel/vendor/laravel/framework/src/Illuminate/Pipeline/Pipeline.php(144): Illuminate/Foundation/Http/Kernel->Illuminate/Foundation/Http/{closure}(Object(Illuminate/Http/Request))
#28 C:/Users/PC/Documents/GitHub/Fawaz_ALharbi_test/backend-laravel/vendor/laravel/framework/src/Illuminate/Foundation/Http/Middleware/TransformsRequest.php(21): Illuminate/Pipeline/Pipeline->Illuminate/Pipeline/{closure}(Object(Illuminate/Http/Request))
#29 C:/Users/PC/Documents/GitHub/Fawaz_ALharbi_test/backend-laravel/vendor/laravel/framework/src/Illuminate/Foundation/Http/Middleware/ConvertEmptyStringsToNull.php(31): Illuminate/Foundation/Http/Middleware/TransformsRequest->handle(Object(Illuminate/Http/Request), Object(Closure))
#30 C:/Users/PC/Documents/GitHub/Fawaz_ALharbi_test/backend-laravel/vendor/laravel/framework/src/Illuminate/Pipeline/Pipeline.php(183): Illuminate/Foundation/Http/Middleware/ConvertEmptyStringsToNull->handle(Object(Illuminate/Http/Request), Object(Closure))
#31 C:/Users/PC/Documents/GitHub/Fawaz_ALharbi_test/backend-laravel/vendor/laravel/framework/src/Illuminate/Foundation/Http/Middleware/TransformsRequest.php(21): Illuminate/Pipeline/Pipeline->Illuminate/Pipeline/{closure}(Object(Illuminate/Http/Request))
#32 C:/Users/PC/Documents/GitHub/Fawaz_ALharbi_test/backend-laravel/vendor/laravel/framework/src/Illuminate/Foundation/Http/Middleware/TrimStrings.php(40): Illuminate/Foundation/Http/Middleware/TransformsRequest->handle(Object(Illuminate/Http/Request), Object(Closure))
#33 C:/Users/PC/Documents/GitHub/Fawaz_ALharbi_test/backend-laravel/vendor/laravel/framework/src/Illuminate/Pipeline/Pipeline.php(183): Illuminate/Foundation/Http/Middleware/TrimStrings->handle(Object(Illuminate/Http/Request), Object(Closure))
#34 C:/Users/PC/Documents/GitHub/Fawaz_ALharbi_test/backend-laravel/vendor/laravel/framework/src/Illuminate/Foundation/Http/Middleware/ValidatePostSize.php(27): Illuminate/Pipeline/Pipeline->Illuminate/Pipeline/{closure}(Object(Illuminate/Http/Request))
#35 C:/Users/PC/Documents/GitHub/Fawaz_ALharbi_test/backend-laravel/vendor/laravel/framework/src/Illuminate/Pipeline/Pipeline.php(183): Illuminate/Foundation/Http/Middleware/ValidatePostSize->handle(Object(Illuminate/Http/Request), Object(Closure))
#36 C:/Users/PC/Documents/GitHub/Fawaz_ALharbi_test/backend-laravel/vendor/laravel/framework/src/Illuminate/Foundation/Http/Middleware/PreventRequestsDuringMaintenance.php(99): Illuminate/Pipeline/Pipeline->Illuminate/Pipeline/{closure}(Object(Illuminate/Http/Request))
#37 C:/Users/PC/Documents/GitHub/Fawaz_ALharbi_test/backend-laravel/vendor/laravel/framework/src/Illuminate/Pipeline/Pipeline.php(183): Illuminate/Foundation/Http/Middleware/PreventRequestsDuringMaintenance->handle(Object(Illuminate/Http/Request), Object(Closure))
#38 C:/Users/PC/Documents/GitHub/Fawaz_ALharbi_test/backend-laravel/vendor/laravel/framework/src/Illuminate/Http/Middleware/HandleCors.php(62): Illuminate/Pipeline/Pipeline->Illuminate/Pipeline/{closure}(Object(Illuminate/Http/Request))
#39 C:/Users/PC/Documents/GitHub/Fawaz_ALharbi_test/backend-laravel/vendor/laravel/framework/src/Illuminate/Pipeline/Pipeline.php(183): Illuminate/Http/Middleware/HandleCors->handle(Object(Illuminate/Http/Request), Object(Closure))
#40 C:/Users/PC/Documents/GitHub/Fawaz_ALharbi_test/backend-laravel/vendor/laravel/framework/src/Illuminate/Http/Middleware/TrustProxies.php(39): Illuminate/Pipeline/Pipeline->Illuminate/Pipeline/{closure}(Object(Illuminate/Http/Request))
#41 C:/Users/PC/Documents/GitHub/Fawaz_ALharbi_test/backend-laravel/vendor/laravel/framework/src/Illuminate/Pipeline/Pipeline.php(183): Illuminate/Http/Middleware/TrustProxies->handle(Object(Illuminate/Http/Request), Object(Closure))
#42 C:/Users/PC/Documents/GitHub/Fawaz_ALharbi_test/backend-laravel/vendor/laravel/framework/src/Illuminate/Pipeline/Pipeline.php(119): Illuminate/Pipeline/Pipeline->Illuminate/Pipeline/{closure}(Object(Illuminate/Http/Request))
#43 C:/Users/PC/Documents/GitHub/Fawaz_ALharbi_test/backend-laravel/vendor/laravel/framework/src/Illuminate/Foundation/Http/Kernel.php(175): Illuminate/Pipeline/Pipeline->then(Object(Closure))
#44 C:/Users/PC/Documents/GitHub/Fawaz_ALharbi_test/backend-laravel/vendor/laravel/framework/src/Illuminate/Foundation/Http/Kernel.php(144): Illuminate/Foundation/Http/Kernel->sendRequestThroughRouter(Object(Illuminate/Http/Request))
#45 C:/Users/PC/Documents/GitHub/Fawaz_ALharbi_test/backend-laravel/public/index.php(52): Illuminate/Foundation/Http/Kernel->handle(Object(Illuminate/Http/Request))
#46 C:/Users/PC/Documents/GitHub/Fawaz_ALharbi_test/backend-laravel/vendor/laravel/framework/src/Illuminate/Foundation/resources/server.php(16): require_once('C://Users//PC//Doc...')
#47 {main}
"} 
[2026-08-14 13:43:57] local.ERROR: SQLSTATE[01000]: Warning: 1265 Data truncated for column 'payment_status' at row 1 (Connection: mysql, SQL: insert into `bookings` (`tenant_id`, `customer_id`, `merchant_id`, `service_id`, `client`, `merchant`, `service`, `scheduled_at`, `duration_minutes`, `base_price`, `discount_amount`, `tax_amount`, `total_price`, `payment_status`, `payment_method`, `status`, `customer_notes`, `created_at`, `updated_at`) values (1, 1, 1, 1, FAWAZ, Wolff and Sons, Networked coherent intranet, 2026-08-15 10:00:00, 60, 213123, 0, 31968.45, 213123, paid, card, confirmed, ?, 2026-08-14 13:43:57, 2026-08-14 13:43:57)) {"userId":2,"exception":"[object] (Illuminate\\Database\\QueryException(code: 01000): SQLSTATE[01000]: Warning: 1265 Data truncated for column 'payment_status' at row 1 (Connection: mysql, SQL: insert into `bookings` (`tenant_id`, `customer_id`, `merchant_id`, `service_id`, `client`, `merchant`, `service`, `scheduled_at`, `duration_minutes`, `base_price`, `discount_amount`, `tax_amount`, `total_price`, `payment_status`, `payment_method`, `status`, `customer_notes`, `created_at`, `updated_at`) values (1, 1, 1, 1, FAWAZ, Wolff and Sons, Networked coherent intranet, 2026-08-15 10:00:00, 60, 213123, 0, 31968.45, 213123, paid, card, confirmed, ?, 2026-08-14 13:43:57, 2026-08-14 13:43:57)) at C:/Users/PC/Documents/GitHub/Fawaz_ALharbi_test/backend-laravel/vendor/laravel/framework/src/Illuminate/Database/Connection.php:829)
[stacktrace]
#0 C:/Users/PC/Documents/GitHub/Fawaz_ALharbi_test/backend-laravel/vendor/laravel/framework/src/Illuminate/Database/Connection.php(783): Illuminate/Database/Connection->runQueryCallback('insert into `bo...', Array, Object(Closure))
#1 C:/Users/PC/Documents/GitHub/Fawaz_ALharbi_test/backend-laravel/vendor/laravel/framework/src/Illuminate/Database/MySqlConnection.php(50): Illuminate/Database/Connection->run('insert into `bo...', Array, Object(Closure))
#2 C:/Users/PC/Documents/GitHub/Fawaz_ALharbi_test/backend-laravel/vendor/laravel/framework/src/Illuminate/Database/Query/Processors/MySqlProcessor.php(35): Illuminate/Database/MySqlConnection->insert('insert into `bo...', Array, NULL)
#3 C:/Users/PC/Documents/GitHub/Fawaz_ALharbi_test/backend-laravel/vendor/laravel/framework/src/Illuminate/Database/Query/Builder.php(3549): Illuminate/Database/Query/Processors/MySqlProcessor->processInsertGetId(Object(Illuminate/Database/Query/Builder), 'insert into `bo...', Array, NULL)
#4 C:/Users/PC/Documents/GitHub/Fawaz_ALharbi_test/backend-laravel/app/Http/Controllers/Api/BookingController.php(103): Illuminate/Database/Query/Builder->insertGetId(Array)
#5 C:/Users/PC/Documents/GitHub/Fawaz_ALharbi_test/backend-laravel/vendor/laravel/framework/src/Illuminate/Routing/Controller.php(54): App/Http/Controllers/Api/BookingController->store(Object(Illuminate/Http/Request))
#6 C:/Users/PC/Documents/GitHub/Fawaz_ALharbi_test/backend-laravel/vendor/laravel/framework/src/Illuminate/Routing/ControllerDispatcher.php(43): Illuminate/Routing/Controller->callAction('store', Array)
#7 C:/Users/PC/Documents/GitHub/Fawaz_ALharbi_test/backend-laravel/vendor/laravel/framework/src/Illuminate/Routing/Route.php(260): Illuminate/Routing/ControllerDispatcher->dispatch(Object(Illuminate/Routing/Route), Object(App/Http/Controllers/Api/BookingController), 'store')
#8 C:/Users/PC/Documents/GitHub/Fawaz_ALharbi_test/backend-laravel/vendor/laravel/framework/src/Illuminate/Routing/Route.php(205): Illuminate/Routing/Route->runController()
#9 C:/Users/PC/Documents/GitHub/Fawaz_ALharbi_test/backend-laravel/vendor/laravel/framework/src/Illuminate/Routing/Router.php(806): Illuminate/Routing/Route->run()
#10 C:/Users/PC/Documents/GitHub/Fawaz_ALharbi_test/backend-laravel/vendor/laravel/framework/src/Illuminate/Pipeline/Pipeline.php(144): Illuminate/Routing/Router->Illuminate/Routing/{closure}(Object(Illuminate/Http/Request))
#11 C:/Users/PC/Documents/GitHub/Fawaz_ALharbi_test/backend-laravel/vendor/laravel/framework/src/Illuminate/Routing/Middleware/SubstituteBindings.php(50): Illuminate/Pipeline/Pipeline->Illuminate/Pipeline/{closure}(Object(Illuminate/Http/Request))
#12 C:/Users/PC/Documents/GitHub/Fawaz_ALharbi_test/backend-laravel/vendor/laravel/framework/src/Illuminate/Pipeline/Pipeline.php(183): Illuminate/Routing/Middleware/SubstituteBindings->handle(Object(Illuminate/Http/Request), Object(Closure))
#13 C:/Users/PC/Documents/GitHub/Fawaz_ALharbi_test/backend-laravel/vendor/laravel/framework/src/Illuminate/Routing/Middleware/ThrottleRequests.php(159): Illuminate/Pipeline/Pipeline->Illuminate/Pipeline/{closure}(Object(Illuminate/Http/Request))
#14 C:/Users/PC/Documents/GitHub/Fawaz_ALharbi_test/backend-laravel/vendor/laravel/framework/src/Illuminate/Routing/Middleware/ThrottleRequests.php(135): Illuminate/Routing/Middleware/ThrottleRequests->handleRequest(Object(Illuminate/Http/Request), Object(Closure), Array)
#15 C:/Users/PC/Documents/GitHub/Fawaz_ALharbi_test/backend-laravel/vendor/laravel/framework/src/Illuminate/Routing/Middleware/ThrottleRequests.php(87): Illuminate/Routing/Middleware/ThrottleRequests->handleRequestUsingNamedLimiter(Object(Illuminate/Http/Request), Object(Closure), 'api', Object(Closure))
#16 C:/Users/PC/Documents/GitHub/Fawaz_ALharbi_test/backend-laravel/vendor/laravel/framework/src/Illuminate/Pipeline/Pipeline.php(183): Illuminate/Routing/Middleware/ThrottleRequests->handle(Object(Illuminate/Http/Request), Object(Closure), 'api')
#17 C:/Users/PC/Documents/GitHub/Fawaz_ALharbi_test/backend-laravel/vendor/laravel/framework/src/Illuminate/Auth/Middleware/Authenticate.php(57): Illuminate/Pipeline/Pipeline->Illuminate/Pipeline/{closure}(Object(Illuminate/Http/Request))
#18 C:/Users/PC/Documents/GitHub/Fawaz_ALharbi_test/backend-laravel/vendor/laravel/framework/src/Illuminate/Pipeline/Pipeline.php(183): Illuminate/Auth/Middleware/Authenticate->handle(Object(Illuminate/Http/Request), Object(Closure), 'sanctum')
#19 C:/Users/PC/Documents/GitHub/Fawaz_ALharbi_test/backend-laravel/vendor/laravel/framework/src/Illuminate/Pipeline/Pipeline.php(119): Illuminate/Pipeline/Pipeline->Illuminate/Pipeline/{closure}(Object(Illuminate/Http/Request))
#20 C:/Users/PC/Documents/GitHub/Fawaz_ALharbi_test/backend-laravel/vendor/laravel/framework/src/Illuminate/Routing/Router.php(807): Illuminate/Pipeline/Pipeline->then(Object(Closure))
#21 C:/Users/PC/Documents/GitHub/Fawaz_ALharbi_test/backend-laravel/vendor/laravel/framework/src/Illuminate/Routing/Router.php(784): Illuminate/Routing/Router->runRouteWithinStack(Object(Illuminate/Routing/Route), Object(Illuminate/Http/Request))
#22 C:/Users/PC/Documents/GitHub/Fawaz_ALharbi_test/backend-laravel/vendor/laravel/framework/src/Illuminate/Routing/Router.php(748): Illuminate/Routing/Router->runRoute(Object(Illuminate/Http/Request), Object(Illuminate/Routing/Route))
#23 C:/Users/PC/Documents/GitHub/Fawaz_ALharbi_test/backend-laravel/vendor/laravel/framework/src/Illuminate/Routing/Router.php(737): Illuminate/Routing/Router->dispatchToRoute(Object(Illuminate/Http/Request))
#24 C:/Users/PC/Documents/GitHub/Fawaz_ALharbi_test/backend-laravel/vendor/laravel/framework/src/Illuminate/Foundation/Http/Kernel.php(200): Illuminate/Routing/Router->dispatch(Object(Illuminate/Http/Request))
#25 C:/Users/PC/Documents/GitHub/Fawaz_ALharbi_test/backend-laravel/vendor/laravel/framework/src/Illuminate/Pipeline/Pipeline.php(144): Illuminate/Foundation/Http/Kernel->Illuminate/Foundation/Http/{closure}(Object(Illuminate/Http/Request))
#26 C:/Users/PC/Documents/GitHub/Fawaz_ALharbi_test/backend-laravel/vendor/laravel/framework/src/Illuminate/Foundation/Http/Middleware/TransformsRequest.php(21): Illuminate/Pipeline/Pipeline->Illuminate/Pipeline/{closure}(Object(Illuminate/Http/Request))
#27 C:/Users/PC/Documents/GitHub/Fawaz_ALharbi_test/backend-laravel/vendor/laravel/framework/src/Illuminate/Foundation/Http/Middleware/ConvertEmptyStringsToNull.php(31): Illuminate/Foundation/Http/Middleware/TransformsRequest->handle(Object(Illuminate/Http/Request), Object(Closure))
#28 C:/Users/PC/Documents/GitHub/Fawaz_ALharbi_test/backend-laravel/vendor/laravel/framework/src/Illuminate/Pipeline/Pipeline.php(183): Illuminate/Foundation/Http/Middleware/ConvertEmptyStringsToNull->handle(Object(Illuminate/Http/Request), Object(Closure))
#29 C:/Users/PC/Documents/GitHub/Fawaz_ALharbi_test/backend-laravel/vendor/laravel/framework/src/Illuminate/Foundation/Http/Middleware/TransformsRequest.php(21): Illuminate/Pipeline/Pipeline->Illuminate/Pipeline/{closure}(Object(Illuminate/Http/Request))
#30 C:/Users/PC/Documents/GitHub/Fawaz_ALharbi_test/backend-laravel/vendor/laravel/framework/src/Illuminate/Foundation/Http/Middleware/TrimStrings.php(40): Illuminate/Foundation/Http/Middleware/TransformsRequest->handle(Object(Illuminate/Http/Request), Object(Closure))
#31 C:/Users/PC/Documents/GitHub/Fawaz_ALharbi_test/backend-laravel/vendor/laravel/framework/src/Illuminate/Pipeline/Pipeline.php(183): Illuminate/Foundation/Http/Middleware/TrimStrings->handle(Object(Illuminate/Http/Request), Object(Closure))
#32 C:/Users/PC/Documents/GitHub/Fawaz_ALharbi_test/backend-laravel/vendor/laravel/framework/src/Illuminate/Foundation/Http/Middleware/ValidatePostSize.php(27): Illuminate/Pipeline/Pipeline->Illuminate/Pipeline/{closure}(Object(Illuminate/Http/Request))
#33 C:/Users/PC/Documents/GitHub/Fawaz_ALharbi_test/backend-laravel/vendor/laravel/framework/src/Illuminate/Pipeline/Pipeline.php(183): Illuminate/Foundation/Http/Middleware/ValidatePostSize->handle(Object(Illuminate/Http/Request), Object(Closure))
#34 C:/Users/PC/Documents/GitHub/Fawaz_ALharbi_test/backend-laravel/vendor/laravel/framework/src/Illuminate/Foundation/Http/Middleware/PreventRequestsDuringMaintenance.php(99): Illuminate/Pipeline/Pipeline->Illuminate/Pipeline/{closure}(Object(Illuminate/Http/Request))
#35 C:/Users/PC/Documents/GitHub/Fawaz_ALharbi_test/backend-laravel/vendor/laravel/framework/src/Illuminate/Pipeline/Pipeline.php(183): Illuminate/Foundation/Http/Middleware/PreventRequestsDuringMaintenance->handle(Object(Illuminate/Http/Request), Object(Closure))
#36 C:/Users/PC/Documents/GitHub/Fawaz_ALharbi_test/backend-laravel/vendor/laravel/framework/src/Illuminate/Http/Middleware/HandleCors.php(62): Illuminate/Pipeline/Pipeline->Illuminate/Pipeline/{closure}(Object(Illuminate/Http/Request))
#37 C:/Users/PC/Documents/GitHub/Fawaz_ALharbi_test/backend-laravel/vendor/laravel/framework/src/Illuminate/Pipeline/Pipeline.php(183): Illuminate/Http/Middleware/HandleCors->handle(Object(Illuminate/Http/Request), Object(Closure))
#38 C:/Users/PC/Documents/GitHub/Fawaz_ALharbi_test/backend-laravel/vendor/laravel/framework/src/Illuminate/Http/Middleware/TrustProxies.php(39): Illuminate/Pipeline/Pipeline->Illuminate/Pipeline/{closure}(Object(Illuminate/Http/Request))
#39 C:/Users/PC/Documents/GitHub/Fawaz_ALharbi_test/backend-laravel/vendor/laravel/framework/src/Illuminate/Pipeline/Pipeline.php(183): Illuminate/Http/Middleware/TrustProxies->handle(Object(Illuminate/Http/Request), Object(Closure))
#40 C:/Users/PC/Documents/GitHub/Fawaz_ALharbi_test/backend-laravel/vendor/laravel/framework/src/Illuminate/Pipeline/Pipeline.php(119): Illuminate/Pipeline/Pipeline->Illuminate/Pipeline/{closure}(Object(Illuminate/Http/Request))
#41 C:/Users/PC/Documents/GitHub/Fawaz_ALharbi_test/backend-laravel/vendor/laravel/framework/src/Illuminate/Foundation/Http/Kernel.php(175): Illuminate/Pipeline/Pipeline->then(Object(Closure))
#42 C:/Users/PC/Documents/GitHub/Fawaz_ALharbi_test/backend-laravel/vendor/laravel/framework/src/Illuminate/Foundation/Http/Kernel.php(144): Illuminate/Foundation/Http/Kernel->sendRequestThroughRouter(Object(Illuminate/Http/Request))
#43 C:/Users/PC/Documents/GitHub/Fawaz_ALharbi_test/backend-laravel/public/index.php(52): Illuminate/Foundation/Http/Kernel->handle(Object(Illuminate/Http/Request))
#44 C:/Users/PC/Documents/GitHub/Fawaz_ALharbi_test/backend-laravel/vendor/laravel/framework/src/Illuminate/Foundation/resources/server.php(16): require_once('C://Users//PC//Doc...')
#45 {main}

[previous exception] [object] (PDOException(code: 01000): SQLSTATE[01000]: Warning: 1265 Data truncated for column 'payment_status' at row 1 at C:/Users/PC/Documents/GitHub/Fawaz_ALharbi_test/backend-laravel/vendor/laravel/framework/src/Illuminate/Database/MySqlConnection.php:45)
[stacktrace]
#0 C:/Users/PC/Documents/GitHub/Fawaz_ALharbi_test/backend-laravel/vendor/laravel/framework/src/Illuminate/Database/MySqlConnection.php(45): PDOStatement->execute()
#1 C:/Users/PC/Documents/GitHub/Fawaz_ALharbi_test/backend-laravel/vendor/laravel/framework/src/Illuminate/Database/Connection.php(816): Illuminate/Database/MySqlConnection->Illuminate/Database/{closure}('insert into `bo...', Array)
#2 C:/Users/PC/Documents/GitHub/Fawaz_ALharbi_test/backend-laravel/vendor/laravel/framework/src/Illuminate/Database/Connection.php(783): Illuminate/Database/Connection->runQueryCallback('insert into `bo...', Array, Object(Closure))
#3 C:/Users/PC/Documents/GitHub/Fawaz_ALharbi_test/backend-laravel/vendor/laravel/framework/src/Illuminate/Database/MySqlConnection.php(50): Illuminate/Database/Connection->run('insert into `bo...', Array, Object(Closure))
#4 C:/Users/PC/Documents/GitHub/Fawaz_ALharbi_test/backend-laravel/vendor/laravel/framework/src/Illuminate/Database/Query/Processors/MySqlProcessor.php(35): Illuminate/Database/MySqlConnection->insert('insert into `bo...', Array, NULL)
#5 C:/Users/PC/Documents/GitHub/Fawaz_ALharbi_test/backend-laravel/vendor/laravel/framework/src/Illuminate/Database/Query/Builder.php(3549): Illuminate/Database/Query/Processors/MySqlProcessor->processInsertGetId(Object(Illuminate/Database/Query/Builder), 'insert into `bo...', Array, NULL)
#6 C:/Users/PC/Documents/GitHub/Fawaz_ALharbi_test/backend-laravel/app/Http/Controllers/Api/BookingController.php(103): Illuminate/Database/Query/Builder->insertGetId(Array)
#7 C:/Users/PC/Documents/GitHub/Fawaz_ALharbi_test/backend-laravel/vendor/laravel/framework/src/Illuminate/Routing/Controller.php(54): App/Http/Controllers/Api/BookingController->store(Object(Illuminate/Http/Request))
#8 C:/Users/PC/Documents/GitHub/Fawaz_ALharbi_test/backend-laravel/vendor/laravel/framework/src/Illuminate/Routing/ControllerDispatcher.php(43): Illuminate/Routing/Controller->callAction('store', Array)
#9 C:/Users/PC/Documents/GitHub/Fawaz_ALharbi_test/backend-laravel/vendor/laravel/framework/src/Illuminate/Routing/Route.php(260): Illuminate/Routing/ControllerDispatcher->dispatch(Object(Illuminate/Routing/Route), Object(App/Http/Controllers/Api/BookingController), 'store')
#10 C:/Users/PC/Documents/GitHub/Fawaz_ALharbi_test/backend-laravel/vendor/laravel/framework/src/Illuminate/Routing/Route.php(205): Illuminate/Routing/Route->runController()
#11 C:/Users/PC/Documents/GitHub/Fawaz_ALharbi_test/backend-laravel/vendor/laravel/framework/src/Illuminate/Routing/Router.php(806): Illuminate/Routing/Route->run()
#12 C:/Users/PC/Documents/GitHub/Fawaz_ALharbi_test/backend-laravel/vendor/laravel/framework/src/Illuminate/Pipeline/Pipeline.php(144): Illuminate/Routing/Router->Illuminate/Routing/{closure}(Object(Illuminate/Http/Request))
#13 C:/Users/PC/Documents/GitHub/Fawaz_ALharbi_test/backend-laravel/vendor/laravel/framework/src/Illuminate/Routing/Middleware/SubstituteBindings.php(50): Illuminate/Pipeline/Pipeline->Illuminate/Pipeline/{closure}(Object(Illuminate/Http/Request))
#14 C:/Users/PC/Documents/GitHub/Fawaz_ALharbi_test/backend-laravel/vendor/laravel/framework/src/Illuminate/Pipeline/Pipeline.php(183): Illuminate/Routing/Middleware/SubstituteBindings->handle(Object(Illuminate/Http/Request), Object(Closure))
#15 C:/Users/PC/Documents/GitHub/Fawaz_ALharbi_test/backend-laravel/vendor/laravel/framework/src/Illuminate/Routing/Middleware/ThrottleRequests.php(159): Illuminate/Pipeline/Pipeline->Illuminate/Pipeline/{closure}(Object(Illuminate/Http/Request))
#16 C:/Users/PC/Documents/GitHub/Fawaz_ALharbi_test/backend-laravel/vendor/laravel/framework/src/Illuminate/Routing/Middleware/ThrottleRequests.php(135): Illuminate/Routing/Middleware/ThrottleRequests->handleRequest(Object(Illuminate/Http/Request), Object(Closure), Array)
#17 C:/Users/PC/Documents/GitHub/Fawaz_ALharbi_test/backend-laravel/vendor/laravel/framework/src/Illuminate/Routing/Middleware/ThrottleRequests.php(87): Illuminate/Routing/Middleware/ThrottleRequests->handleRequestUsingNamedLimiter(Object(Illuminate/Http/Request), Object(Closure), 'api', Object(Closure))
#18 C:/Users/PC/Documents/GitHub/Fawaz_ALharbi_test/backend-laravel/vendor/laravel/framework/src/Illuminate/Pipeline/Pipeline.php(183): Illuminate/Routing/Middleware/ThrottleRequests->handle(Object(Illuminate/Http/Request), Object(Closure), 'api')
#19 C:/Users/PC/Documents/GitHub/Fawaz_ALharbi_test/backend-laravel/vendor/laravel/framework/src/Illuminate/Auth/Middleware/Authenticate.php(57): Illuminate/Pipeline/Pipeline->Illuminate/Pipeline/{closure}(Object(Illuminate/Http/Request))
#20 C:/Users/PC/Documents/GitHub/Fawaz_ALharbi_test/backend-laravel/vendor/laravel/framework/src/Illuminate/Pipeline/Pipeline.php(183): Illuminate/Auth/Middleware/Authenticate->handle(Object(Illuminate/Http/Request), Object(Closure), 'sanctum')
#21 C:/Users/PC/Documents/GitHub/Fawaz_ALharbi_test/backend-laravel/vendor/laravel/framework/src/Illuminate/Pipeline/Pipeline.php(119): Illuminate/Pipeline/Pipeline->Illuminate/Pipeline/{closure}(Object(Illuminate/Http/Request))
#22 C:/Users/PC/Documents/GitHub/Fawaz_ALharbi_test/backend-laravel/vendor/laravel/framework/src/Illuminate/Routing/Router.php(807): Illuminate/Pipeline/Pipeline->then(Object(Closure))
#23 C:/Users/PC/Documents/GitHub/Fawaz_ALharbi_test/backend-laravel/vendor/laravel/framework/src/Illuminate/Routing/Router.php(784): Illuminate/Routing/Router->runRouteWithinStack(Object(Illuminate/Routing/Route), Object(Illuminate/Http/Request))
#24 C:/Users/PC/Documents/GitHub/Fawaz_ALharbi_test/backend-laravel/vendor/laravel/framework/src/Illuminate/Routing/Router.php(748): Illuminate/Routing/Router->runRoute(Object(Illuminate/Http/Request), Object(Illuminate/Routing/Route))
#25 C:/Users/PC/Documents/GitHub/Fawaz_ALharbi_test/backend-laravel/vendor/laravel/framework/src/Illuminate/Routing/Router.php(737): Illuminate/Routing/Router->dispatchToRoute(Object(Illuminate/Http/Request))
#26 C:/Users/PC/Documents/GitHub/Fawaz_ALharbi_test/backend-laravel/vendor/laravel/framework/src/Illuminate/Foundation/Http/Kernel.php(200): Illuminate/Routing/Router->dispatch(Object(Illuminate/Http/Request))
#27 C:/Users/PC/Documents/GitHub/Fawaz_ALharbi_test/backend-laravel/vendor/laravel/framework/src/Illuminate/Pipeline/Pipeline.php(144): Illuminate/Foundation/Http/Kernel->Illuminate/Foundation/Http/{closure}(Object(Illuminate/Http/Request))
#28 C:/Users/PC/Documents/GitHub/Fawaz_ALharbi_test/backend-laravel/vendor/laravel/framework/src/Illuminate/Foundation/Http/Middleware/TransformsRequest.php(21): Illuminate/Pipeline/Pipeline->Illuminate/Pipeline/{closure}(Object(Illuminate/Http/Request))
#29 C:/Users/PC/Documents/GitHub/Fawaz_ALharbi_test/backend-laravel/vendor/laravel/framework/src/Illuminate/Foundation/Http/Middleware/ConvertEmptyStringsToNull.php(31): Illuminate/Foundation/Http/Middleware/TransformsRequest->handle(Object(Illuminate/Http/Request), Object(Closure))
#30 C:/Users/PC/Documents/GitHub/Fawaz_ALharbi_test/backend-laravel/vendor/laravel/framework/src/Illuminate/Pipeline/Pipeline.php(183): Illuminate/Foundation/Http/Middleware/ConvertEmptyStringsToNull->handle(Object(Illuminate/Http/Request), Object(Closure))
#31 C:/Users/PC/Documents/GitHub/Fawaz_ALharbi_test/backend-laravel/vendor/laravel/framework/src/Illuminate/Foundation/Http/Middleware/TransformsRequest.php(21): Illuminate/Pipeline/Pipeline->Illuminate/Pipeline/{closure}(Object(Illuminate/Http/Request))
#32 C:/Users/PC/Documents/GitHub/Fawaz_ALharbi_test/backend-laravel/vendor/laravel/framework/src/Illuminate/Foundation/Http/Middleware/TrimStrings.php(40): Illuminate/Foundation/Http/Middleware/TransformsRequest->handle(Object(Illuminate/Http/Request), Object(Closure))
#33 C:/Users/PC/Documents/GitHub/Fawaz_ALharbi_test/backend-laravel/vendor/laravel/framework/src/Illuminate/Pipeline/Pipeline.php(183): Illuminate/Foundation/Http/Middleware/TrimStrings->handle(Object(Illuminate/Http/Request), Object(Closure))
#34 C:/Users/PC/Documents/GitHub/Fawaz_ALharbi_test/backend-laravel/vendor/laravel/framework/src/Illuminate/Foundation/Http/Middleware/ValidatePostSize.php(27): Illuminate/Pipeline/Pipeline->Illuminate/Pipeline/{closure}(Object(Illuminate/Http/Request))
#35 C:/Users/PC/Documents/GitHub/Fawaz_ALharbi_test/backend-laravel/vendor/laravel/framework/src/Illuminate/Pipeline/Pipeline.php(183): Illuminate/Foundation/Http/Middleware/ValidatePostSize->handle(Object(Illuminate/Http/Request), Object(Closure))
#36 C:/Users/PC/Documents/GitHub/Fawaz_ALharbi_test/backend-laravel/vendor/laravel/framework/src/Illuminate/Foundation/Http/Middleware/PreventRequestsDuringMaintenance.php(99): Illuminate/Pipeline/Pipeline->Illuminate/Pipeline/{closure}(Object(Illuminate/Http/Request))
#37 C:/Users/PC/Documents/GitHub/Fawaz_ALharbi_test/backend-laravel/vendor/laravel/framework/src/Illuminate/Pipeline/Pipeline.php(183): Illuminate/Foundation/Http/Middleware/PreventRequestsDuringMaintenance->handle(Object(Illuminate/Http/Request), Object(Closure))
#38 C:/Users/PC/Documents/GitHub/Fawaz_ALharbi_test/backend-laravel/vendor/laravel/framework/src/Illuminate/Http/Middleware/HandleCors.php(62): Illuminate/Pipeline/Pipeline->Illuminate/Pipeline/{closure}(Object(Illuminate/Http/Request))
#39 C:/Users/PC/Documents/GitHub/Fawaz_ALharbi_test/backend-laravel/vendor/laravel/framework/src/Illuminate/Pipeline/Pipeline.php(183): Illuminate/Http/Middleware/HandleCors->handle(Object(Illuminate/Http/Request), Object(Closure))
#40 C:/Users/PC/Documents/GitHub/Fawaz_ALharbi_test/backend-laravel/vendor/laravel/framework/src/Illuminate/Http/Middleware/TrustProxies.php(39): Illuminate/Pipeline/Pipeline->Illuminate/Pipeline/{closure}(Object(Illuminate/Http/Request))
#41 C:/Users/PC/Documents/GitHub/Fawaz_ALharbi_test/backend-laravel/vendor/laravel/framework/src/Illuminate/Pipeline/Pipeline.php(183): Illuminate/Http/Middleware/TrustProxies->handle(Object(Illuminate/Http/Request), Object(Closure))
#42 C:/Users/PC/Documents/GitHub/Fawaz_ALharbi_test/backend-laravel/vendor/laravel/framework/src/Illuminate/Pipeline/Pipeline.php(119): Illuminate/Pipeline/Pipeline->Illuminate/Pipeline/{closure}(Object(Illuminate/Http/Request))
#43 C:/Users/PC/Documents/GitHub/Fawaz_ALharbi_test/backend-laravel/vendor/laravel/framework/src/Illuminate/Foundation/Http/Kernel.php(175): Illuminate/Pipeline/Pipeline->then(Object(Closure))
#44 C:/Users/PC/Documents/GitHub/Fawaz_ALharbi_test/backend-laravel/vendor/laravel/framework/src/Illuminate/Foundation/Http/Kernel.php(144): Illuminate/Foundation/Http/Kernel->sendRequestThroughRouter(Object(Illuminate/Http/Request))
#45 C:/Users/PC/Documents/GitHub/Fawaz_ALharbi_test/backend-laravel/public/index.php(52): Illuminate/Foundation/Http/Kernel->handle(Object(Illuminate/Http/Request))
#46 C:/Users/PC/Documents/GitHub/Fawaz_ALharbi_test/backend-laravel/vendor/laravel/framework/src/Illuminate/Foundation/resources/server.php(16): require_once('C://Users//PC//Doc...')
#47 {main}
"} 
[2026-08-14 14:14:17] local.ERROR: SQLSTATE[HY000]: General error: 1364 Field 'password' doesn't have a default value (Connection: mysql, SQL: insert into `users` (`email`, `name`, `google_id`, `picture`, `email_verified_at`, `tenant_id`, `status`, `updated_at`, `created_at`) values (google.user@company2.com, Verified Google User, 109845729182374918273, https://lh3.googleusercontent.com/a/ACg8ocIS-avatar=s96-c, 2026-08-14 14:14:17, 1, active, 2026-08-14 14:14:17, 2026-08-14 14:14:17)) {"exception":"[object] (Illuminate\\Database\\QueryException(code: HY000): SQLSTATE[HY000]: General error: 1364 Field 'password' doesn't have a default value (Connection: mysql, SQL: insert into `users` (`email`, `name`, `google_id`, `picture`, `email_verified_at`, `tenant_id`, `status`, `updated_at`, `created_at`) values (google.user@company2.com, Verified Google User, 109845729182374918273, https://lh3.googleusercontent.com/a/ACg8ocIS-avatar=s96-c, 2026-08-14 14:14:17, 1, active, 2026-08-14 14:14:17, 2026-08-14 14:14:17)) at C:/Users/PC/Documents/GitHub/Fawaz_ALharbi_test/backend-laravel/vendor/laravel/framework/src/Illuminate/Database/Connection.php:829)
[stacktrace]
#0 C:/Users/PC/Documents/GitHub/Fawaz_ALharbi_test/backend-laravel/vendor/laravel/framework/src/Illuminate/Database/Connection.php(783): Illuminate/Database/Connection->runQueryCallback('insert into `us...', Array, Object(Closure))
#1 C:/Users/PC/Documents/GitHub/Fawaz_ALharbi_test/backend-laravel/vendor/laravel/framework/src/Illuminate/Database/MySqlConnection.php(50): Illuminate/Database/Connection->run('insert into `us...', Array, Object(Closure))
#2 C:/Users/PC/Documents/GitHub/Fawaz_ALharbi_test/backend-laravel/vendor/laravel/framework/src/Illuminate/Database/Query/Processors/MySqlProcessor.php(35): Illuminate/Database/MySqlConnection->insert('insert into `us...', Array, 'id')
#3 C:/Users/PC/Documents/GitHub/Fawaz_ALharbi_test/backend-laravel/vendor/laravel/framework/src/Illuminate/Database/Query/Builder.php(3549): Illuminate/Database/Query/Processors/MySqlProcessor->processInsertGetId(Object(Illuminate/Database/Query/Builder), 'insert into `us...', Array, 'id')
#4 C:/Users/PC/Documents/GitHub/Fawaz_ALharbi_test/backend-laravel/vendor/laravel/framework/src/Illuminate/Database/Eloquent/Builder.php(1982): Illuminate/Database/Query/Builder->insertGetId(Array, 'id')
#5 C:/Users/PC/Documents/GitHub/Fawaz_ALharbi_test/backend-laravel/vendor/laravel/framework/src/Illuminate/Database/Eloquent/Model.php(1334): Illuminate/Database/Eloquent/Builder->__call('insertGetId', Array)
#6 C:/Users/PC/Documents/GitHub/Fawaz_ALharbi_test/backend-laravel/vendor/laravel/framework/src/Illuminate/Database/Eloquent/Model.php(1299): Illuminate/Database/Eloquent/Model->insertAndSetId(Object(Illuminate/Database/Eloquent/Builder), Array)
#7 C:/Users/PC/Documents/GitHub/Fawaz_ALharbi_test/backend-laravel/vendor/laravel/framework/src/Illuminate/Database/Eloquent/Model.php(1138): Illuminate/Database/Eloquent/Model->performInsert(Object(Illuminate/Database/Eloquent/Builder))
#8 C:/Users/PC/Documents/GitHub/Fawaz_ALharbi_test/backend-laravel/vendor/laravel/framework/src/Illuminate/Database/Eloquent/Builder.php(1025): Illuminate/Database/Eloquent/Model->save()
#9 C:/Users/PC/Documents/GitHub/Fawaz_ALharbi_test/backend-laravel/vendor/laravel/framework/src/Illuminate/Support/helpers.php(320): Illuminate/Database/Eloquent/Builder->Illuminate/Database/Eloquent/{closure}(Object(App/Models/User))
#10 C:/Users/PC/Documents/GitHub/Fawaz_ALharbi_test/backend-laravel/vendor/laravel/framework/src/Illuminate/Database/Eloquent/Builder.php(1026): tap(Object(App/Models/User), Object(Closure))
#11 C:/Users/PC/Documents/GitHub/Fawaz_ALharbi_test/backend-laravel/vendor/laravel/framework/src/Illuminate/Database/Eloquent/Builder.php(585): Illuminate/Database/Eloquent/Builder->create(Array)
#12 C:/Users/PC/Documents/GitHub/Fawaz_ALharbi_test/backend-laravel/vendor/laravel/framework/src/Illuminate/Database/Eloquent/Builder.php(1728): Illuminate/Database/Eloquent/Builder->Illuminate/Database/Eloquent/{closure}()
#13 C:/Users/PC/Documents/GitHub/Fawaz_ALharbi_test/backend-laravel/vendor/laravel/framework/src/Illuminate/Database/Eloquent/Builder.php(585): Illuminate/Database/Eloquent/Builder->withSavepointIfNeeded(Object(Closure))
#14 C:/Users/PC/Documents/GitHub/Fawaz_ALharbi_test/backend-laravel/vendor/laravel/framework/src/Illuminate/Database/Eloquent/Builder.php(572): Illuminate/Database/Eloquent/Builder->createOrFirst(Array, Array)
#15 C:/Users/PC/Documents/GitHub/Fawaz_ALharbi_test/backend-laravel/vendor/laravel/framework/src/Illuminate/Support/Traits/ForwardsCalls.php(23): Illuminate/Database/Eloquent/Builder->firstOrCreate(Array, Array)
#16 C:/Users/PC/Documents/GitHub/Fawaz_ALharbi_test/backend-laravel/vendor/laravel/framework/src/Illuminate/Database/Eloquent/Model.php(2335): Illuminate/Database/Eloquent/Model->forwardCallTo(Object(Illuminate/Database/Eloquent/Builder), 'firstOrCreate', Array)
#17 C:/Users/PC/Documents/GitHub/Fawaz_ALharbi_test/backend-laravel/vendor/laravel/framework/src/Illuminate/Database/Eloquent/Model.php(2347): Illuminate/Database/Eloquent/Model->__call('firstOrCreate', Array)
#18 C:/Users/PC/Documents/GitHub/Fawaz_ALharbi_test/backend-laravel/app/Http/Controllers/Api/AuthController.php(143): Illuminate/Database/Eloquent/Model::__callStatic('firstOrCreate', Array)
#19 C:/Users/PC/Documents/GitHub/Fawaz_ALharbi_test/backend-laravel/vendor/laravel/framework/src/Illuminate/Routing/Controller.php(54): App/Http/Controllers/Api/AuthController->googleLogin(Object(Illuminate/Http/Request))
#20 C:/Users/PC/Documents/GitHub/Fawaz_ALharbi_test/backend-laravel/vendor/laravel/framework/src/Illuminate/Routing/ControllerDispatcher.php(43): Illuminate/Routing/Controller->callAction('googleLogin', Array)
#21 C:/Users/PC/Documents/GitHub/Fawaz_ALharbi_test/backend-laravel/vendor/laravel/framework/src/Illuminate/Routing/Route.php(260): Illuminate/Routing/ControllerDispatcher->dispatch(Object(Illuminate/Routing/Route), Object(App/Http/Controllers/Api/AuthController), 'googleLogin')
#22 C:/Users/PC/Documents/GitHub/Fawaz_ALharbi_test/backend-laravel/vendor/laravel/framework/src/Illuminate/Routing/Route.php(205): Illuminate/Routing/Route->runController()
#23 C:/Users/PC/Documents/GitHub/Fawaz_ALharbi_test/backend-laravel/vendor/laravel/framework/src/Illuminate/Routing/Router.php(806): Illuminate/Routing/Route->run()
#24 C:/Users/PC/Documents/GitHub/Fawaz_ALharbi_test/backend-laravel/vendor/laravel/framework/src/Illuminate/Pipeline/Pipeline.php(144): Illuminate/Routing/Router->Illuminate/Routing/{closure}(Object(Illuminate/Http/Request))
#25 C:/Users/PC/Documents/GitHub/Fawaz_ALharbi_test/backend-laravel/vendor/laravel/framework/src/Illuminate/Routing/Middleware/SubstituteBindings.php(50): Illuminate/Pipeline/Pipeline->Illuminate/Pipeline/{closure}(Object(Illuminate/Http/Request))
#26 C:/Users/PC/Documents/GitHub/Fawaz_ALharbi_test/backend-laravel/vendor/laravel/framework/src/Illuminate/Pipeline/Pipeline.php(183): Illuminate/Routing/Middleware/SubstituteBindings->handle(Object(Illuminate/Http/Request), Object(Closure))
#27 C:/Users/PC/Documents/GitHub/Fawaz_ALharbi_test/backend-laravel/vendor/laravel/framework/src/Illuminate/Routing/Middleware/ThrottleRequests.php(159): Illuminate/Pipeline/Pipeline->Illuminate/Pipeline/{closure}(Object(Illuminate/Http/Request))
#28 C:/Users/PC/Documents/GitHub/Fawaz_ALharbi_test/backend-laravel/vendor/laravel/framework/src/Illuminate/Routing/Middleware/ThrottleRequests.php(135): Illuminate/Routing/Middleware/ThrottleRequests->handleRequest(Object(Illuminate/Http/Request), Object(Closure), Array)
#29 C:/Users/PC/Documents/GitHub/Fawaz_ALharbi_test/backend-laravel/vendor/laravel/framework/src/Illuminate/Routing/Middleware/ThrottleRequests.php(87): Illuminate/Routing/Middleware/ThrottleRequests->handleRequestUsingNamedLimiter(Object(Illuminate/Http/Request), Object(Closure), 'api', Object(Closure))
#30 C:/Users/PC/Documents/GitHub/Fawaz_ALharbi_test/backend-laravel/vendor/laravel/framework/src/Illuminate/Pipeline/Pipeline.php(183): Illuminate/Routing/Middleware/ThrottleRequests->handle(Object(Illuminate/Http/Request), Object(Closure), 'api')
#31 C:/Users/PC/Documents/GitHub/Fawaz_ALharbi_test/backend-laravel/vendor/laravel/framework/src/Illuminate/Pipeline/Pipeline.php(119): Illuminate/Pipeline/Pipeline->Illuminate/Pipeline/{closure}(Object(Illuminate/Http/Request))
#32 C:/Users/PC/Documents/GitHub/Fawaz_ALharbi_test/backend-laravel/vendor/laravel/framework/src/Illuminate/Routing/Router.php(807): Illuminate/Pipeline/Pipeline->then(Object(Closure))
#33 C:/Users/PC/Documents/GitHub/Fawaz_ALharbi_test/backend-laravel/vendor/laravel/framework/src/Illuminate/Routing/Router.php(784): Illuminate/Routing/Router->runRouteWithinStack(Object(Illuminate/Routing/Route), Object(Illuminate/Http/Request))
#34 C:/Users/PC/Documents/GitHub/Fawaz_ALharbi_test/backend-laravel/vendor/laravel/framework/src/Illuminate/Routing/Router.php(748): Illuminate/Routing/Router->runRoute(Object(Illuminate/Http/Request), Object(Illuminate/Routing/Route))
#35 C:/Users/PC/Documents/GitHub/Fawaz_ALharbi_test/backend-laravel/vendor/laravel/framework/src/Illuminate/Routing/Router.php(737): Illuminate/Routing/Router->dispatchToRoute(Object(Illuminate/Http/Request))
#36 C:/Users/PC/Documents/GitHub/Fawaz_ALharbi_test/backend-laravel/vendor/laravel/framework/src/Illuminate/Foundation/Http/Kernel.php(200): Illuminate/Routing/Router->dispatch(Object(Illuminate/Http/Request))
#37 C:/Users/PC/Documents/GitHub/Fawaz_ALharbi_test/backend-laravel/vendor/laravel/framework/src/Illuminate/Pipeline/Pipeline.php(144): Illuminate/Foundation/Http/Kernel->Illuminate/Foundation/Http/{closure}(Object(Illuminate/Http/Request))
#38 C:/Users/PC/Documents/GitHub/Fawaz_ALharbi_test/backend-laravel/vendor/laravel/framework/src/Illuminate/Foundation/Http/Middleware/TransformsRequest.php(21): Illuminate/Pipeline/Pipeline->Illuminate/Pipeline/{closure}(Object(Illuminate/Http/Request))
#39 C:/Users/PC/Documents/GitHub/Fawaz_ALharbi_test/backend-laravel/vendor/laravel/framework/src/Illuminate/Foundation/Http/Middleware/ConvertEmptyStringsToNull.php(31): Illuminate/Foundation/Http/Middleware/TransformsRequest->handle(Object(Illuminate/Http/Request), Object(Closure))
#40 C:/Users/PC/Documents/GitHub/Fawaz_ALharbi_test/backend-laravel/vendor/laravel/framework/src/Illuminate/Pipeline/Pipeline.php(183): Illuminate/Foundation/Http/Middleware/ConvertEmptyStringsToNull->handle(Object(Illuminate/Http/Request), Object(Closure))
#41 C:/Users/PC/Documents/GitHub/Fawaz_ALharbi_test/backend-laravel/vendor/laravel/framework/src/Illuminate/Foundation/Http/Middleware/TransformsRequest.php(21): Illuminate/Pipeline/Pipeline->Illuminate/Pipeline/{closure}(Object(Illuminate/Http/Request))
#42 C:/Users/PC/Documents/GitHub/Fawaz_ALharbi_test/backend-laravel/vendor/laravel/framework/src/Illuminate/Foundation/Http/Middleware/TrimStrings.php(40): Illuminate/Foundation/Http/Middleware/TransformsRequest->handle(Object(Illuminate/Http/Request), Object(Closure))
#43 C:/Users/PC/Documents/GitHub/Fawaz_ALharbi_test/backend-laravel/vendor/laravel/framework/src/Illuminate/Pipeline/Pipeline.php(183): Illuminate/Foundation/Http/Middleware/TrimStrings->handle(Object(Illuminate/Http/Request), Object(Closure))
#44 C:/Users/PC/Documents/GitHub/Fawaz_ALharbi_test/backend-laravel/vendor/laravel/framework/src/Illuminate/Foundation/Http/Middleware/ValidatePostSize.php(27): Illuminate/Pipeline/Pipeline->Illuminate/Pipeline/{closure}(Object(Illuminate/Http/Request))
#45 C:/Users/PC/Documents/GitHub/Fawaz_ALharbi_test/backend-laravel/vendor/laravel/framework/src/Illuminate/Pipeline/Pipeline.php(183): Illuminate/Foundation/Http/Middleware/ValidatePostSize->handle(Object(Illuminate/Http/Request), Object(Closure))
#46 C:/Users/PC/Documents/GitHub/Fawaz_ALharbi_test/backend-laravel/vendor/laravel/framework/src/Illuminate/Foundation/Http/Middleware/PreventRequestsDuringMaintenance.php(99): Illuminate/Pipeline/Pipeline->Illuminate/Pipeline/{closure}(Object(Illuminate/Http/Request))
#47 C:/Users/PC/Documents/GitHub/Fawaz_ALharbi_test/backend-laravel/vendor/laravel/framework/src/Illuminate/Pipeline/Pipeline.php(183): Illuminate/Foundation/Http/Middleware/PreventRequestsDuringMaintenance->handle(Object(Illuminate/Http/Request), Object(Closure))
#48 C:/Users/PC/Documents/GitHub/Fawaz_ALharbi_test/backend-laravel/vendor/laravel/framework/src/Illuminate/Http/Middleware/HandleCors.php(62): Illuminate/Pipeline/Pipeline->Illuminate/Pipeline/{closure}(Object(Illuminate/Http/Request))
#49 C:/Users/PC/Documents/GitHub/Fawaz_ALharbi_test/backend-laravel/vendor/laravel/framework/src/Illuminate/Pipeline/Pipeline.php(183): Illuminate/Http/Middleware/HandleCors->handle(Object(Illuminate/Http/Request), Object(Closure))
#50 C:/Users/PC/Documents/GitHub/Fawaz_ALharbi_test/backend-laravel/vendor/laravel/framework/src/Illuminate/Http/Middleware/TrustProxies.php(39): Illuminate/Pipeline/Pipeline->Illuminate/Pipeline/{closure}(Object(Illuminate/Http/Request))
#51 C:/Users/PC/Documents/GitHub/Fawaz_ALharbi_test/backend-laravel/vendor/laravel/framework/src/Illuminate/Pipeline/Pipeline.php(183): Illuminate/Http/Middleware/TrustProxies->handle(Object(Illuminate/Http/Request), Object(Closure))
#52 C:/Users/PC/Documents/GitHub/Fawaz_ALharbi_test/backend-laravel/vendor/laravel/framework/src/Illuminate/Pipeline/Pipeline.php(119): Illuminate/Pipeline/Pipeline->Illuminate/Pipeline/{closure}(Object(Illuminate/Http/Request))
#53 C:/Users/PC/Documents/GitHub/Fawaz_ALharbi_test/backend-laravel/vendor/laravel/framework/src/Illuminate/Foundation/Http/Kernel.php(175): Illuminate/Pipeline/Pipeline->then(Object(Closure))
#54 C:/Users/PC/Documents/GitHub/Fawaz_ALharbi_test/backend-laravel/vendor/laravel/framework/src/Illuminate/Foundation/Http/Kernel.php(144): Illuminate/Foundation/Http/Kernel->sendRequestThroughRouter(Object(Illuminate/Http/Request))
#55 C:/Users/PC/Documents/GitHub/Fawaz_ALharbi_test/backend-laravel/public/index.php(52): Illuminate/Foundation/Http/Kernel->handle(Object(Illuminate/Http/Request))
#56 C:/Users/PC/Documents/GitHub/Fawaz_ALharbi_test/backend-laravel/vendor/laravel/framework/src/Illuminate/Foundation/resources/server.php(16): require_once('C://Users//PC//Doc...')
#57 {main}

[previous exception] [object] (PDOException(code: HY000): SQLSTATE[HY000]: General error: 1364 Field 'password' doesn't have a default value at C:/Users/PC/Documents/GitHub/Fawaz_ALharbi_test/backend-laravel/vendor/laravel/framework/src/Illuminate/Database/MySqlConnection.php:45)
[stacktrace]
#0 C:/Users/PC/Documents/GitHub/Fawaz_ALharbi_test/backend-laravel/vendor/laravel/framework/src/Illuminate/Database/MySqlConnection.php(45): PDOStatement->execute()
#1 C:/Users/PC/Documents/GitHub/Fawaz_ALharbi_test/backend-laravel/vendor/laravel/framework/src/Illuminate/Database/Connection.php(816): Illuminate/Database/MySqlConnection->Illuminate/Database/{closure}('insert into `us...', Array)
#2 C:/Users/PC/Documents/GitHub/Fawaz_ALharbi_test/backend-laravel/vendor/laravel/framework/src/Illuminate/Database/Connection.php(783): Illuminate/Database/Connection->runQueryCallback('insert into `us...', Array, Object(Closure))
#3 C:/Users/PC/Documents/GitHub/Fawaz_ALharbi_test/backend-laravel/vendor/laravel/framework/src/Illuminate/Database/MySqlConnection.php(50): Illuminate/Database/Connection->run('insert into `us...', Array, Object(Closure))
#4 C:/Users/PC/Documents/GitHub/Fawaz_ALharbi_test/backend-laravel/vendor/laravel/framework/src/Illuminate/Database/Query/Processors/MySqlProcessor.php(35): Illuminate/Database/MySqlConnection->insert('insert into `us...', Array, 'id')
#5 C:/Users/PC/Documents/GitHub/Fawaz_ALharbi_test/backend-laravel/vendor/laravel/framework/src/Illuminate/Database/Query/Builder.php(3549): Illuminate/Database/Query/Processors/MySqlProcessor->processInsertGetId(Object(Illuminate/Database/Query/Builder), 'insert into `us...', Array, 'id')
#6 C:/Users/PC/Documents/GitHub/Fawaz_ALharbi_test/backend-laravel/vendor/laravel/framework/src/Illuminate/Database/Eloquent/Builder.php(1982): Illuminate/Database/Query/Builder->insertGetId(Array, 'id')
#7 C:/Users/PC/Documents/GitHub/Fawaz_ALharbi_test/backend-laravel/vendor/laravel/framework/src/Illuminate/Database/Eloquent/Model.php(1334): Illuminate/Database/Eloquent/Builder->__call('insertGetId', Array)
#8 C:/Users/PC/Documents/GitHub/Fawaz_ALharbi_test/backend-laravel/vendor/laravel/framework/src/Illuminate/Database/Eloquent/Model.php(1299): Illuminate/Database/Eloquent/Model->insertAndSetId(Object(Illuminate/Database/Eloquent/Builder), Array)
#9 C:/Users/PC/Documents/GitHub/Fawaz_ALharbi_test/backend-laravel/vendor/laravel/framework/src/Illuminate/Database/Eloquent/Model.php(1138): Illuminate/Database/Eloquent/Model->performInsert(Object(Illuminate/Database/Eloquent/Builder))
#10 C:/Users/PC/Documents/GitHub/Fawaz_ALharbi_test/backend-laravel/vendor/laravel/framework/src/Illuminate/Database/Eloquent/Builder.php(1025): Illuminate/Database/Eloquent/Model->save()
#11 C:/Users/PC/Documents/GitHub/Fawaz_ALharbi_test/backend-laravel/vendor/laravel/framework/src/Illuminate/Support/helpers.php(320): Illuminate/Database/Eloquent/Builder->Illuminate/Database/Eloquent/{closure}(Object(App/Models/User))
#12 C:/Users/PC/Documents/GitHub/Fawaz_ALharbi_test/backend-laravel/vendor/laravel/framework/src/Illuminate/Database/Eloquent/Builder.php(1026): tap(Object(App/Models/User), Object(Closure))
#13 C:/Users/PC/Documents/GitHub/Fawaz_ALharbi_test/backend-laravel/vendor/laravel/framework/src/Illuminate/Database/Eloquent/Builder.php(585): Illuminate/Database/Eloquent/Builder->create(Array)
#14 C:/Users/PC/Documents/GitHub/Fawaz_ALharbi_test/backend-laravel/vendor/laravel/framework/src/Illuminate/Database/Eloquent/Builder.php(1728): Illuminate/Database/Eloquent/Builder->Illuminate/Database/Eloquent/{closure}()
#15 C:/Users/PC/Documents/GitHub/Fawaz_ALharbi_test/backend-laravel/vendor/laravel/framework/src/Illuminate/Database/Eloquent/Builder.php(585): Illuminate/Database/Eloquent/Builder->withSavepointIfNeeded(Object(Closure))
#16 C:/Users/PC/Documents/GitHub/Fawaz_ALharbi_test/backend-laravel/vendor/laravel/framework/src/Illuminate/Database/Eloquent/Builder.php(572): Illuminate/Database/Eloquent/Builder->createOrFirst(Array, Array)
#17 C:/Users/PC/Documents/GitHub/Fawaz_ALharbi_test/backend-laravel/vendor/laravel/framework/src/Illuminate/Support/Traits/ForwardsCalls.php(23): Illuminate/Database/Eloquent/Builder->firstOrCreate(Array, Array)
#18 C:/Users/PC/Documents/GitHub/Fawaz_ALharbi_test/backend-laravel/vendor/laravel/framework/src/Illuminate/Database/Eloquent/Model.php(2335): Illuminate/Database/Eloquent/Model->forwardCallTo(Object(Illuminate/Database/Eloquent/Builder), 'firstOrCreate', Array)
#19 C:/Users/PC/Documents/GitHub/Fawaz_ALharbi_test/backend-laravel/vendor/laravel/framework/src/Illuminate/Database/Eloquent/Model.php(2347): Illuminate/Database/Eloquent/Model->__call('firstOrCreate', Array)
#20 C:/Users/PC/Documents/GitHub/Fawaz_ALharbi_test/backend-laravel/app/Http/Controllers/Api/AuthController.php(143): Illuminate/Database/Eloquent/Model::__callStatic('firstOrCreate', Array)
#21 C:/Users/PC/Documents/GitHub/Fawaz_ALharbi_test/backend-laravel/vendor/laravel/framework/src/Illuminate/Routing/Controller.php(54): App/Http/Controllers/Api/AuthController->googleLogin(Object(Illuminate/Http/Request))
#22 C:/Users/PC/Documents/GitHub/Fawaz_ALharbi_test/backend-laravel/vendor/laravel/framework/src/Illuminate/Routing/ControllerDispatcher.php(43): Illuminate/Routing/Controller->callAction('googleLogin', Array)
#23 C:/Users/PC/Documents/GitHub/Fawaz_ALharbi_test/backend-laravel/vendor/laravel/framework/src/Illuminate/Routing/Route.php(260): Illuminate/Routing/ControllerDispatcher->dispatch(Object(Illuminate/Routing/Route), Object(App/Http/Controllers/Api/AuthController), 'googleLogin')
#24 C:/Users/PC/Documents/GitHub/Fawaz_ALharbi_test/backend-laravel/vendor/laravel/framework/src/Illuminate/Routing/Route.php(205): Illuminate/Routing/Route->runController()
#25 C:/Users/PC/Documents/GitHub/Fawaz_ALharbi_test/backend-laravel/vendor/laravel/framework/src/Illuminate/Routing/Router.php(806): Illuminate/Routing/Route->run()
#26 C:/Users/PC/Documents/GitHub/Fawaz_ALharbi_test/backend-laravel/vendor/laravel/framework/src/Illuminate/Pipeline/Pipeline.php(144): Illuminate/Routing/Router->Illuminate/Routing/{closure}(Object(Illuminate/Http/Request))
#27 C:/Users/PC/Documents/GitHub/Fawaz_ALharbi_test/backend-laravel/vendor/laravel/framework/src/Illuminate/Routing/Middleware/SubstituteBindings.php(50): Illuminate/Pipeline/Pipeline->Illuminate/Pipeline/{closure}(Object(Illuminate/Http/Request))
#28 C:/Users/PC/Documents/GitHub/Fawaz_ALharbi_test/backend-laravel/vendor/laravel/framework/src/Illuminate/Pipeline/Pipeline.php(183): Illuminate/Routing/Middleware/SubstituteBindings->handle(Object(Illuminate/Http/Request), Object(Closure))
#29 C:/Users/PC/Documents/GitHub/Fawaz_ALharbi_test/backend-laravel/vendor/laravel/framework/src/Illuminate/Routing/Middleware/ThrottleRequests.php(159): Illuminate/Pipeline/Pipeline->Illuminate/Pipeline/{closure}(Object(Illuminate/Http/Request))
#30 C:/Users/PC/Documents/GitHub/Fawaz_ALharbi_test/backend-laravel/vendor/laravel/framework/src/Illuminate/Routing/Middleware/ThrottleRequests.php(135): Illuminate/Routing/Middleware/ThrottleRequests->handleRequest(Object(Illuminate/Http/Request), Object(Closure), Array)
#31 C:/Users/PC/Documents/GitHub/Fawaz_ALharbi_test/backend-laravel/vendor/laravel/framework/src/Illuminate/Routing/Middleware/ThrottleRequests.php(87): Illuminate/Routing/Middleware/ThrottleRequests->handleRequestUsingNamedLimiter(Object(Illuminate/Http/Request), Object(Closure), 'api', Object(Closure))
#32 C:/Users/PC/Documents/GitHub/Fawaz_ALharbi_test/backend-laravel/vendor/laravel/framework/src/Illuminate/Pipeline/Pipeline.php(183): Illuminate/Routing/Middleware/ThrottleRequests->handle(Object(Illuminate/Http/Request), Object(Closure), 'api')
#33 C:/Users/PC/Documents/GitHub/Fawaz_ALharbi_test/backend-laravel/vendor/laravel/framework/src/Illuminate/Pipeline/Pipeline.php(119): Illuminate/Pipeline/Pipeline->Illuminate/Pipeline/{closure}(Object(Illuminate/Http/Request))
#34 C:/Users/PC/Documents/GitHub/Fawaz_ALharbi_test/backend-laravel/vendor/laravel/framework/src/Illuminate/Routing/Router.php(807): Illuminate/Pipeline/Pipeline->then(Object(Closure))
#35 C:/Users/PC/Documents/GitHub/Fawaz_ALharbi_test/backend-laravel/vendor/laravel/framework/src/Illuminate/Routing/Router.php(784): Illuminate/Routing/Router->runRouteWithinStack(Object(Illuminate/Routing/Route), Object(Illuminate/Http/Request))
#36 C:/Users/PC/Documents/GitHub/Fawaz_ALharbi_test/backend-laravel/vendor/laravel/framework/src/Illuminate/Routing/Router.php(748): Illuminate/Routing/Router->runRoute(Object(Illuminate/Http/Request), Object(Illuminate/Routing/Route))
#37 C:/Users/PC/Documents/GitHub/Fawaz_ALharbi_test/backend-laravel/vendor/laravel/framework/src/Illuminate/Routing/Router.php(737): Illuminate/Routing/Router->dispatchToRoute(Object(Illuminate/Http/Request))
#38 C:/Users/PC/Documents/GitHub/Fawaz_ALharbi_test/backend-laravel/vendor/laravel/framework/src/Illuminate/Foundation/Http/Kernel.php(200): Illuminate/Routing/Router->dispatch(Object(Illuminate/Http/Request))
#39 C:/Users/PC/Documents/GitHub/Fawaz_ALharbi_test/backend-laravel/vendor/laravel/framework/src/Illuminate/Pipeline/Pipeline.php(144): Illuminate/Foundation/Http/Kernel->Illuminate/Foundation/Http/{closure}(Object(Illuminate/Http/Request))
#40 C:/Users/PC/Documents/GitHub/Fawaz_ALharbi_test/backend-laravel/vendor/laravel/framework/src/Illuminate/Foundation/Http/Middleware/TransformsRequest.php(21): Illuminate/Pipeline/Pipeline->Illuminate/Pipeline/{closure}(Object(Illuminate/Http/Request))
#41 C:/Users/PC/Documents/GitHub/Fawaz_ALharbi_test/backend-laravel/vendor/laravel/framework/src/Illuminate/Foundation/Http/Middleware/ConvertEmptyStringsToNull.php(31): Illuminate/Foundation/Http/Middleware/TransformsRequest->handle(Object(Illuminate/Http/Request), Object(Closure))
#42 C:/Users/PC/Documents/GitHub/Fawaz_ALharbi_test/backend-laravel/vendor/laravel/framework/src/Illuminate/Pipeline/Pipeline.php(183): Illuminate/Foundation/Http/Middleware/ConvertEmptyStringsToNull->handle(Object(Illuminate/Http/Request), Object(Closure))
#43 C:/Users/PC/Documents/GitHub/Fawaz_ALharbi_test/backend-laravel/vendor/laravel/framework/src/Illuminate/Foundation/Http/Middleware/TransformsRequest.php(21): Illuminate/Pipeline/Pipeline->Illuminate/Pipeline/{closure}(Object(Illuminate/Http/Request))
#44 C:/Users/PC/Documents/GitHub/Fawaz_ALharbi_test/backend-laravel/vendor/laravel/framework/src/Illuminate/Foundation/Http/Middleware/TrimStrings.php(40): Illuminate/Foundation/Http/Middleware/TransformsRequest->handle(Object(Illuminate/Http/Request), Object(Closure))
#45 C:/Users/PC/Documents/GitHub/Fawaz_ALharbi_test/backend-laravel/vendor/laravel/framework/src/Illuminate/Pipeline/Pipeline.php(183): Illuminate/Foundation/Http/Middleware/TrimStrings->handle(Object(Illuminate/Http/Request), Object(Closure))
#46 C:/Users/PC/Documents/GitHub/Fawaz_ALharbi_test/backend-laravel/vendor/laravel/framework/src/Illuminate/Foundation/Http/Middleware/ValidatePostSize.php(27): Illuminate/Pipeline/Pipeline->Illuminate/Pipeline/{closure}(Object(Illuminate/Http/Request))
#47 C:/Users/PC/Documents/GitHub/Fawaz_ALharbi_test/backend-laravel/vendor/laravel/framework/src/Illuminate/Pipeline/Pipeline.php(183): Illuminate/Foundation/Http/Middleware/ValidatePostSize->handle(Object(Illuminate/Http/Request), Object(Closure))
#48 C:/Users/PC/Documents/GitHub/Fawaz_ALharbi_test/backend-laravel/vendor/laravel/framework/src/Illuminate/Foundation/Http/Middleware/PreventRequestsDuringMaintenance.php(99): Illuminate/Pipeline/Pipeline->Illuminate/Pipeline/{closure}(Object(Illuminate/Http/Request))
#49 C:/Users/PC/Documents/GitHub/Fawaz_ALharbi_test/backend-laravel/vendor/laravel/framework/src/Illuminate/Pipeline/Pipeline.php(183): Illuminate/Foundation/Http/Middleware/PreventRequestsDuringMaintenance->handle(Object(Illuminate/Http/Request), Object(Closure))
#50 C:/Users/PC/Documents/GitHub/Fawaz_ALharbi_test/backend-laravel/vendor/laravel/framework/src/Illuminate/Http/Middleware/HandleCors.php(62): Illuminate/Pipeline/Pipeline->Illuminate/Pipeline/{closure}(Object(Illuminate/Http/Request))
#51 C:/Users/PC/Documents/GitHub/Fawaz_ALharbi_test/backend-laravel/vendor/laravel/framework/src/Illuminate/Pipeline/Pipeline.php(183): Illuminate/Http/Middleware/HandleCors->handle(Object(Illuminate/Http/Request), Object(Closure))
#52 C:/Users/PC/Documents/GitHub/Fawaz_ALharbi_test/backend-laravel/vendor/laravel/framework/src/Illuminate/Http/Middleware/TrustProxies.php(39): Illuminate/Pipeline/Pipeline->Illuminate/Pipeline/{closure}(Object(Illuminate/Http/Request))
#53 C:/Users/PC/Documents/GitHub/Fawaz_ALharbi_test/backend-laravel/vendor/laravel/framework/src/Illuminate/Pipeline/Pipeline.php(183): Illuminate/Http/Middleware/TrustProxies->handle(Object(Illuminate/Http/Request), Object(Closure))
#54 C:/Users/PC/Documents/GitHub/Fawaz_ALharbi_test/backend-laravel/vendor/laravel/framework/src/Illuminate/Pipeline/Pipeline.php(119): Illuminate/Pipeline/Pipeline->Illuminate/Pipeline/{closure}(Object(Illuminate/Http/Request))
#55 C:/Users/PC/Documents/GitHub/Fawaz_ALharbi_test/backend-laravel/vendor/laravel/framework/src/Illuminate/Foundation/Http/Kernel.php(175): Illuminate/Pipeline/Pipeline->then(Object(Closure))
#56 C:/Users/PC/Documents/GitHub/Fawaz_ALharbi_test/backend-laravel/vendor/laravel/framework/src/Illuminate/Foundation/Http/Kernel.php(144): Illuminate/Foundation/Http/Kernel->sendRequestThroughRouter(Object(Illuminate/Http/Request))
#57 C:/Users/PC/Documents/GitHub/Fawaz_ALharbi_test/backend-laravel/public/index.php(52): Illuminate/Foundation/Http/Kernel->handle(Object(Illuminate/Http/Request))
#58 C:/Users/PC/Documents/GitHub/Fawaz_ALharbi_test/backend-laravel/vendor/laravel/framework/src/Illuminate/Foundation/resources/server.php(16): require_once('C://Users//PC//Doc...')
#59 {main}
"} 
[2026-08-14 14:14:23] local.ERROR: SQLSTATE[HY000]: General error: 1364 Field 'password' doesn't have a default value (Connection: mysql, SQL: insert into `users` (`email`, `name`, `google_id`, `picture`, `email_verified_at`, `tenant_id`, `status`, `updated_at`, `created_at`) values (google.user@company2.com, Verified Google User, 109845729182374918273, https://lh3.googleusercontent.com/a/ACg8ocIS-avatar=s96-c, 2026-08-14 14:14:23, 1, active, 2026-08-14 14:14:23, 2026-08-14 14:14:23)) {"exception":"[object] (Illuminate\\Database\\QueryException(code: HY000): SQLSTATE[HY000]: General error: 1364 Field 'password' doesn't have a default value (Connection: mysql, SQL: insert into `users` (`email`, `name`, `google_id`, `picture`, `email_verified_at`, `tenant_id`, `status`, `updated_at`, `created_at`) values (google.user@company2.com, Verified Google User, 109845729182374918273, https://lh3.googleusercontent.com/a/ACg8ocIS-avatar=s96-c, 2026-08-14 14:14:23, 1, active, 2026-08-14 14:14:23, 2026-08-14 14:14:23)) at C:/Users/PC/Documents/GitHub/Fawaz_ALharbi_test/backend-laravel/vendor/laravel/framework/src/Illuminate/Database/Connection.php:829)
[stacktrace]
#0 C:/Users/PC/Documents/GitHub/Fawaz_ALharbi_test/backend-laravel/vendor/laravel/framework/src/Illuminate/Database/Connection.php(783): Illuminate/Database/Connection->runQueryCallback('insert into `us...', Array, Object(Closure))
#1 C:/Users/PC/Documents/GitHub/Fawaz_ALharbi_test/backend-laravel/vendor/laravel/framework/src/Illuminate/Database/MySqlConnection.php(50): Illuminate/Database/Connection->run('insert into `us...', Array, Object(Closure))
#2 C:/Users/PC/Documents/GitHub/Fawaz_ALharbi_test/backend-laravel/vendor/laravel/framework/src/Illuminate/Database/Query/Processors/MySqlProcessor.php(35): Illuminate/Database/MySqlConnection->insert('insert into `us...', Array, 'id')
#3 C:/Users/PC/Documents/GitHub/Fawaz_ALharbi_test/backend-laravel/vendor/laravel/framework/src/Illuminate/Database/Query/Builder.php(3549): Illuminate/Database/Query/Processors/MySqlProcessor->processInsertGetId(Object(Illuminate/Database/Query/Builder), 'insert into `us...', Array, 'id')
#4 C:/Users/PC/Documents/GitHub/Fawaz_ALharbi_test/backend-laravel/vendor/laravel/framework/src/Illuminate/Database/Eloquent/Builder.php(1982): Illuminate/Database/Query/Builder->insertGetId(Array, 'id')
#5 C:/Users/PC/Documents/GitHub/Fawaz_ALharbi_test/backend-laravel/vendor/laravel/framework/src/Illuminate/Database/Eloquent/Model.php(1334): Illuminate/Database/Eloquent/Builder->__call('insertGetId', Array)
#6 C:/Users/PC/Documents/GitHub/Fawaz_ALharbi_test/backend-laravel/vendor/laravel/framework/src/Illuminate/Database/Eloquent/Model.php(1299): Illuminate/Database/Eloquent/Model->insertAndSetId(Object(Illuminate/Database/Eloquent/Builder), Array)
#7 C:/Users/PC/Documents/GitHub/Fawaz_ALharbi_test/backend-laravel/vendor/laravel/framework/src/Illuminate/Database/Eloquent/Model.php(1138): Illuminate/Database/Eloquent/Model->performInsert(Object(Illuminate/Database/Eloquent/Builder))
#8 C:/Users/PC/Documents/GitHub/Fawaz_ALharbi_test/backend-laravel/vendor/laravel/framework/src/Illuminate/Database/Eloquent/Builder.php(1025): Illuminate/Database/Eloquent/Model->save()
#9 C:/Users/PC/Documents/GitHub/Fawaz_ALharbi_test/backend-laravel/vendor/laravel/framework/src/Illuminate/Support/helpers.php(320): Illuminate/Database/Eloquent/Builder->Illuminate/Database/Eloquent/{closure}(Object(App/Models/User))
#10 C:/Users/PC/Documents/GitHub/Fawaz_ALharbi_test/backend-laravel/vendor/laravel/framework/src/Illuminate/Database/Eloquent/Builder.php(1026): tap(Object(App/Models/User), Object(Closure))
#11 C:/Users/PC/Documents/GitHub/Fawaz_ALharbi_test/backend-laravel/vendor/laravel/framework/src/Illuminate/Database/Eloquent/Builder.php(585): Illuminate/Database/Eloquent/Builder->create(Array)
#12 C:/Users/PC/Documents/GitHub/Fawaz_ALharbi_test/backend-laravel/vendor/laravel/framework/src/Illuminate/Database/Eloquent/Builder.php(1728): Illuminate/Database/Eloquent/Builder->Illuminate/Database/Eloquent/{closure}()
#13 C:/Users/PC/Documents/GitHub/Fawaz_ALharbi_test/backend-laravel/vendor/laravel/framework/src/Illuminate/Database/Eloquent/Builder.php(585): Illuminate/Database/Eloquent/Builder->withSavepointIfNeeded(Object(Closure))
#14 C:/Users/PC/Documents/GitHub/Fawaz_ALharbi_test/backend-laravel/vendor/laravel/framework/src/Illuminate/Database/Eloquent/Builder.php(572): Illuminate/Database/Eloquent/Builder->createOrFirst(Array, Array)
#15 C:/Users/PC/Documents/GitHub/Fawaz_ALharbi_test/backend-laravel/vendor/laravel/framework/src/Illuminate/Support/Traits/ForwardsCalls.php(23): Illuminate/Database/Eloquent/Builder->firstOrCreate(Array, Array)
#16 C:/Users/PC/Documents/GitHub/Fawaz_ALharbi_test/backend-laravel/vendor/laravel/framework/src/Illuminate/Database/Eloquent/Model.php(2335): Illuminate/Database/Eloquent/Model->forwardCallTo(Object(Illuminate/Database/Eloquent/Builder), 'firstOrCreate', Array)
#17 C:/Users/PC/Documents/GitHub/Fawaz_ALharbi_test/backend-laravel/vendor/laravel/framework/src/Illuminate/Database/Eloquent/Model.php(2347): Illuminate/Database/Eloquent/Model->__call('firstOrCreate', Array)
#18 C:/Users/PC/Documents/GitHub/Fawaz_ALharbi_test/backend-laravel/app/Http/Controllers/Api/AuthController.php(143): Illuminate/Database/Eloquent/Model::__callStatic('firstOrCreate', Array)
#19 C:/Users/PC/Documents/GitHub/Fawaz_ALharbi_test/backend-laravel/vendor/laravel/framework/src/Illuminate/Routing/Controller.php(54): App/Http/Controllers/Api/AuthController->googleLogin(Object(Illuminate/Http/Request))
#20 C:/Users/PC/Documents/GitHub/Fawaz_ALharbi_test/backend-laravel/vendor/laravel/framework/src/Illuminate/Routing/ControllerDispatcher.php(43): Illuminate/Routing/Controller->callAction('googleLogin', Array)
#21 C:/Users/PC/Documents/GitHub/Fawaz_ALharbi_test/backend-laravel/vendor/laravel/framework/src/Illuminate/Routing/Route.php(260): Illuminate/Routing/ControllerDispatcher->dispatch(Object(Illuminate/Routing/Route), Object(App/Http/Controllers/Api/AuthController), 'googleLogin')
#22 C:/Users/PC/Documents/GitHub/Fawaz_ALharbi_test/backend-laravel/vendor/laravel/framework/src/Illuminate/Routing/Route.php(205): Illuminate/Routing/Route->runController()
#23 C:/Users/PC/Documents/GitHub/Fawaz_ALharbi_test/backend-laravel/vendor/laravel/framework/src/Illuminate/Routing/Router.php(806): Illuminate/Routing/Route->run()
#24 C:/Users/PC/Documents/GitHub/Fawaz_ALharbi_test/backend-laravel/vendor/laravel/framework/src/Illuminate/Pipeline/Pipeline.php(144): Illuminate/Routing/Router->Illuminate/Routing/{closure}(Object(Illuminate/Http/Request))
#25 C:/Users/PC/Documents/GitHub/Fawaz_ALharbi_test/backend-laravel/vendor/laravel/framework/src/Illuminate/Routing/Middleware/SubstituteBindings.php(50): Illuminate/Pipeline/Pipeline->Illuminate/Pipeline/{closure}(Object(Illuminate/Http/Request))
#26 C:/Users/PC/Documents/GitHub/Fawaz_ALharbi_test/backend-laravel/vendor/laravel/framework/src/Illuminate/Pipeline/Pipeline.php(183): Illuminate/Routing/Middleware/SubstituteBindings->handle(Object(Illuminate/Http/Request), Object(Closure))
#27 C:/Users/PC/Documents/GitHub/Fawaz_ALharbi_test/backend-laravel/vendor/laravel/framework/src/Illuminate/Routing/Middleware/ThrottleRequests.php(159): Illuminate/Pipeline/Pipeline->Illuminate/Pipeline/{closure}(Object(Illuminate/Http/Request))
#28 C:/Users/PC/Documents/GitHub/Fawaz_ALharbi_test/backend-laravel/vendor/laravel/framework/src/Illuminate/Routing/Middleware/ThrottleRequests.php(135): Illuminate/Routing/Middleware/ThrottleRequests->handleRequest(Object(Illuminate/Http/Request), Object(Closure), Array)
#29 C:/Users/PC/Documents/GitHub/Fawaz_ALharbi_test/backend-laravel/vendor/laravel/framework/src/Illuminate/Routing/Middleware/ThrottleRequests.php(87): Illuminate/Routing/Middleware/ThrottleRequests->handleRequestUsingNamedLimiter(Object(Illuminate/Http/Request), Object(Closure), 'api', Object(Closure))
#30 C:/Users/PC/Documents/GitHub/Fawaz_ALharbi_test/backend-laravel/vendor/laravel/framework/src/Illuminate/Pipeline/Pipeline.php(183): Illuminate/Routing/Middleware/ThrottleRequests->handle(Object(Illuminate/Http/Request), Object(Closure), 'api')
#31 C:/Users/PC/Documents/GitHub/Fawaz_ALharbi_test/backend-laravel/vendor/laravel/framework/src/Illuminate/Pipeline/Pipeline.php(119): Illuminate/Pipeline/Pipeline->Illuminate/Pipeline/{closure}(Object(Illuminate/Http/Request))
#32 C:/Users/PC/Documents/GitHub/Fawaz_ALharbi_test/backend-laravel/vendor/laravel/framework/src/Illuminate/Routing/Router.php(807): Illuminate/Pipeline/Pipeline->then(Object(Closure))
#33 C:/Users/PC/Documents/GitHub/Fawaz_ALharbi_test/backend-laravel/vendor/laravel/framework/src/Illuminate/Routing/Router.php(784): Illuminate/Routing/Router->runRouteWithinStack(Object(Illuminate/Routing/Route), Object(Illuminate/Http/Request))
#34 C:/Users/PC/Documents/GitHub/Fawaz_ALharbi_test/backend-laravel/vendor/laravel/framework/src/Illuminate/Routing/Router.php(748): Illuminate/Routing/Router->runRoute(Object(Illuminate/Http/Request), Object(Illuminate/Routing/Route))
#35 C:/Users/PC/Documents/GitHub/Fawaz_ALharbi_test/backend-laravel/vendor/laravel/framework/src/Illuminate/Routing/Router.php(737): Illuminate/Routing/Router->dispatchToRoute(Object(Illuminate/Http/Request))
#36 C:/Users/PC/Documents/GitHub/Fawaz_ALharbi_test/backend-laravel/vendor/laravel/framework/src/Illuminate/Foundation/Http/Kernel.php(200): Illuminate/Routing/Router->dispatch(Object(Illuminate/Http/Request))
#37 C:/Users/PC/Documents/GitHub/Fawaz_ALharbi_test/backend-laravel/vendor/laravel/framework/src/Illuminate/Pipeline/Pipeline.php(144): Illuminate/Foundation/Http/Kernel->Illuminate/Foundation/Http/{closure}(Object(Illuminate/Http/Request))
#38 C:/Users/PC/Documents/GitHub/Fawaz_ALharbi_test/backend-laravel/vendor/laravel/framework/src/Illuminate/Foundation/Http/Middleware/TransformsRequest.php(21): Illuminate/Pipeline/Pipeline->Illuminate/Pipeline/{closure}(Object(Illuminate/Http/Request))
#39 C:/Users/PC/Documents/GitHub/Fawaz_ALharbi_test/backend-laravel/vendor/laravel/framework/src/Illuminate/Foundation/Http/Middleware/ConvertEmptyStringsToNull.php(31): Illuminate/Foundation/Http/Middleware/TransformsRequest->handle(Object(Illuminate/Http/Request), Object(Closure))
#40 C:/Users/PC/Documents/GitHub/Fawaz_ALharbi_test/backend-laravel/vendor/laravel/framework/src/Illuminate/Pipeline/Pipeline.php(183): Illuminate/Foundation/Http/Middleware/ConvertEmptyStringsToNull->handle(Object(Illuminate/Http/Request), Object(Closure))
#41 C:/Users/PC/Documents/GitHub/Fawaz_ALharbi_test/backend-laravel/vendor/laravel/framework/src/Illuminate/Foundation/Http/Middleware/TransformsRequest.php(21): Illuminate/Pipeline/Pipeline->Illuminate/Pipeline/{closure}(Object(Illuminate/Http/Request))
#42 C:/Users/PC/Documents/GitHub/Fawaz_ALharbi_test/backend-laravel/vendor/laravel/framework/src/Illuminate/Foundation/Http/Middleware/TrimStrings.php(40): Illuminate/Foundation/Http/Middleware/TransformsRequest->handle(Object(Illuminate/Http/Request), Object(Closure))
#43 C:/Users/PC/Documents/GitHub/Fawaz_ALharbi_test/backend-laravel/vendor/laravel/framework/src/Illuminate/Pipeline/Pipeline.php(183): Illuminate/Foundation/Http/Middleware/TrimStrings->handle(Object(Illuminate/Http/Request), Object(Closure))
#44 C:/Users/PC/Documents/GitHub/Fawaz_ALharbi_test/backend-laravel/vendor/laravel/framework/src/Illuminate/Foundation/Http/Middleware/ValidatePostSize.php(27): Illuminate/Pipeline/Pipeline->Illuminate/Pipeline/{closure}(Object(Illuminate/Http/Request))
#45 C:/Users/PC/Documents/GitHub/Fawaz_ALharbi_test/backend-laravel/vendor/laravel/framework/src/Illuminate/Pipeline/Pipeline.php(183): Illuminate/Foundation/Http/Middleware/ValidatePostSize->handle(Object(Illuminate/Http/Request), Object(Closure))
#46 C:/Users/PC/Documents/GitHub/Fawaz_ALharbi_test/backend-laravel/vendor/laravel/framework/src/Illuminate/Foundation/Http/Middleware/PreventRequestsDuringMaintenance.php(99): Illuminate/Pipeline/Pipeline->Illuminate/Pipeline/{closure}(Object(Illuminate/Http/Request))
#47 C:/Users/PC/Documents/GitHub/Fawaz_ALharbi_test/backend-laravel/vendor/laravel/framework/src/Illuminate/Pipeline/Pipeline.php(183): Illuminate/Foundation/Http/Middleware/PreventRequestsDuringMaintenance->handle(Object(Illuminate/Http/Request), Object(Closure))
#48 C:/Users/PC/Documents/GitHub/Fawaz_ALharbi_test/backend-laravel/vendor/laravel/framework/src/Illuminate/Http/Middleware/HandleCors.php(62): Illuminate/Pipeline/Pipeline->Illuminate/Pipeline/{closure}(Object(Illuminate/Http/Request))
#49 C:/Users/PC/Documents/GitHub/Fawaz_ALharbi_test/backend-laravel/vendor/laravel/framework/src/Illuminate/Pipeline/Pipeline.php(183): Illuminate/Http/Middleware/HandleCors->handle(Object(Illuminate/Http/Request), Object(Closure))
#50 C:/Users/PC/Documents/GitHub/Fawaz_ALharbi_test/backend-laravel/vendor/laravel/framework/src/Illuminate/Http/Middleware/TrustProxies.php(39): Illuminate/Pipeline/Pipeline->Illuminate/Pipeline/{closure}(Object(Illuminate/Http/Request))
#51 C:/Users/PC/Documents/GitHub/Fawaz_ALharbi_test/backend-laravel/vendor/laravel/framework/src/Illuminate/Pipeline/Pipeline.php(183): Illuminate/Http/Middleware/TrustProxies->handle(Object(Illuminate/Http/Request), Object(Closure))
#52 C:/Users/PC/Documents/GitHub/Fawaz_ALharbi_test/backend-laravel/vendor/laravel/framework/src/Illuminate/Pipeline/Pipeline.php(119): Illuminate/Pipeline/Pipeline->Illuminate/Pipeline/{closure}(Object(Illuminate/Http/Request))
#53 C:/Users/PC/Documents/GitHub/Fawaz_ALharbi_test/backend-laravel/vendor/laravel/framework/src/Illuminate/Foundation/Http/Kernel.php(175): Illuminate/Pipeline/Pipeline->then(Object(Closure))
#54 C:/Users/PC/Documents/GitHub/Fawaz_ALharbi_test/backend-laravel/vendor/laravel/framework/src/Illuminate/Foundation/Http/Kernel.php(144): Illuminate/Foundation/Http/Kernel->sendRequestThroughRouter(Object(Illuminate/Http/Request))
#55 C:/Users/PC/Documents/GitHub/Fawaz_ALharbi_test/backend-laravel/public/index.php(52): Illuminate/Foundation/Http/Kernel->handle(Object(Illuminate/Http/Request))
#56 C:/Users/PC/Documents/GitHub/Fawaz_ALharbi_test/backend-laravel/vendor/laravel/framework/src/Illuminate/Foundation/resources/server.php(16): require_once('C://Users//PC//Doc...')
#57 {main}

[previous exception] [object] (PDOException(code: HY000): SQLSTATE[HY000]: General error: 1364 Field 'password' doesn't have a default value at C:/Users/PC/Documents/GitHub/Fawaz_ALharbi_test/backend-laravel/vendor/laravel/framework/src/Illuminate/Database/MySqlConnection.php:45)
[stacktrace]
#0 C:/Users/PC/Documents/GitHub/Fawaz_ALharbi_test/backend-laravel/vendor/laravel/framework/src/Illuminate/Database/MySqlConnection.php(45): PDOStatement->execute()
#1 C:/Users/PC/Documents/GitHub/Fawaz_ALharbi_test/backend-laravel/vendor/laravel/framework/src/Illuminate/Database/Connection.php(816): Illuminate/Database/MySqlConnection->Illuminate/Database/{closure}('insert into `us...', Array)
#2 C:/Users/PC/Documents/GitHub/Fawaz_ALharbi_test/backend-laravel/vendor/laravel/framework/src/Illuminate/Database/Connection.php(783): Illuminate/Database/Connection->runQueryCallback('insert into `us...', Array, Object(Closure))
#3 C:/Users/PC/Documents/GitHub/Fawaz_ALharbi_test/backend-laravel/vendor/laravel/framework/src/Illuminate/Database/MySqlConnection.php(50): Illuminate/Database/Connection->run('insert into `us...', Array, Object(Closure))
#4 C:/Users/PC/Documents/GitHub/Fawaz_ALharbi_test/backend-laravel/vendor/laravel/framework/src/Illuminate/Database/Query/Processors/MySqlProcessor.php(35): Illuminate/Database/MySqlConnection->insert('insert into `us...', Array, 'id')
#5 C:/Users/PC/Documents/GitHub/Fawaz_ALharbi_test/backend-laravel/vendor/laravel/framework/src/Illuminate/Database/Query/Builder.php(3549): Illuminate/Database/Query/Processors/MySqlProcessor->processInsertGetId(Object(Illuminate/Database/Query/Builder), 'insert into `us...', Array, 'id')
#6 C:/Users/PC/Documents/GitHub/Fawaz_ALharbi_test/backend-laravel/vendor/laravel/framework/src/Illuminate/Database/Eloquent/Builder.php(1982): Illuminate/Database/Query/Builder->insertGetId(Array, 'id')
#7 C:/Users/PC/Documents/GitHub/Fawaz_ALharbi_test/backend-laravel/vendor/laravel/framework/src/Illuminate/Database/Eloquent/Model.php(1334): Illuminate/Database/Eloquent/Builder->__call('insertGetId', Array)
#8 C:/Users/PC/Documents/GitHub/Fawaz_ALharbi_test/backend-laravel/vendor/laravel/framework/src/Illuminate/Database/Eloquent/Model.php(1299): Illuminate/Database/Eloquent/Model->insertAndSetId(Object(Illuminate/Database/Eloquent/Builder), Array)
#9 C:/Users/PC/Documents/GitHub/Fawaz_ALharbi_test/backend-laravel/vendor/laravel/framework/src/Illuminate/Database/Eloquent/Model.php(1138): Illuminate/Database/Eloquent/Model->performInsert(Object(Illuminate/Database/Eloquent/Builder))
#10 C:/Users/PC/Documents/GitHub/Fawaz_ALharbi_test/backend-laravel/vendor/laravel/framework/src/Illuminate/Database/Eloquent/Builder.php(1025): Illuminate/Database/Eloquent/Model->save()
#11 C:/Users/PC/Documents/GitHub/Fawaz_ALharbi_test/backend-laravel/vendor/laravel/framework/src/Illuminate/Support/helpers.php(320): Illuminate/Database/Eloquent/Builder->Illuminate/Database/Eloquent/{closure}(Object(App/Models/User))
#12 C:/Users/PC/Documents/GitHub/Fawaz_ALharbi_test/backend-laravel/vendor/laravel/framework/src/Illuminate/Database/Eloquent/Builder.php(1026): tap(Object(App/Models/User), Object(Closure))
#13 C:/Users/PC/Documents/GitHub/Fawaz_ALharbi_test/backend-laravel/vendor/laravel/framework/src/Illuminate/Database/Eloquent/Builder.php(585): Illuminate/Database/Eloquent/Builder->create(Array)
#14 C:/Users/PC/Documents/GitHub/Fawaz_ALharbi_test/backend-laravel/vendor/laravel/framework/src/Illuminate/Database/Eloquent/Builder.php(1728): Illuminate/Database/Eloquent/Builder->Illuminate/Database/Eloquent/{closure}()
#15 C:/Users/PC/Documents/GitHub/Fawaz_ALharbi_test/backend-laravel/vendor/laravel/framework/src/Illuminate/Database/Eloquent/Builder.php(585): Illuminate/Database/Eloquent/Builder->withSavepointIfNeeded(Object(Closure))
#16 C:/Users/PC/Documents/GitHub/Fawaz_ALharbi_test/backend-laravel/vendor/laravel/framework/src/Illuminate/Database/Eloquent/Builder.php(572): Illuminate/Database/Eloquent/Builder->createOrFirst(Array, Array)
#17 C:/Users/PC/Documents/GitHub/Fawaz_ALharbi_test/backend-laravel/vendor/laravel/framework/src/Illuminate/Support/Traits/ForwardsCalls.php(23): Illuminate/Database/Eloquent/Builder->firstOrCreate(Array, Array)
#18 C:/Users/PC/Documents/GitHub/Fawaz_ALharbi_test/backend-laravel/vendor/laravel/framework/src/Illuminate/Database/Eloquent/Model.php(2335): Illuminate/Database/Eloquent/Model->forwardCallTo(Object(Illuminate/Database/Eloquent/Builder), 'firstOrCreate', Array)
#19 C:/Users/PC/Documents/GitHub/Fawaz_ALharbi_test/backend-laravel/vendor/laravel/framework/src/Illuminate/Database/Eloquent/Model.php(2347): Illuminate/Database/Eloquent/Model->__call('firstOrCreate', Array)
#20 C:/Users/PC/Documents/GitHub/Fawaz_ALharbi_test/backend-laravel/app/Http/Controllers/Api/AuthController.php(143): Illuminate/Database/Eloquent/Model::__callStatic('firstOrCreate', Array)
#21 C:/Users/PC/Documents/GitHub/Fawaz_ALharbi_test/backend-laravel/vendor/laravel/framework/src/Illuminate/Routing/Controller.php(54): App/Http/Controllers/Api/AuthController->googleLogin(Object(Illuminate/Http/Request))
#22 C:/Users/PC/Documents/GitHub/Fawaz_ALharbi_test/backend-laravel/vendor/laravel/framework/src/Illuminate/Routing/ControllerDispatcher.php(43): Illuminate/Routing/Controller->callAction('googleLogin', Array)
#23 C:/Users/PC/Documents/GitHub/Fawaz_ALharbi_test/backend-laravel/vendor/laravel/framework/src/Illuminate/Routing/Route.php(260): Illuminate/Routing/ControllerDispatcher->dispatch(Object(Illuminate/Routing/Route), Object(App/Http/Controllers/Api/AuthController), 'googleLogin')
#24 C:/Users/PC/Documents/GitHub/Fawaz_ALharbi_test/backend-laravel/vendor/laravel/framework/src/Illuminate/Routing/Route.php(205): Illuminate/Routing/Route->runController()
#25 C:/Users/PC/Documents/GitHub/Fawaz_ALharbi_test/backend-laravel/vendor/laravel/framework/src/Illuminate/Routing/Router.php(806): Illuminate/Routing/Route->run()
#26 C:/Users/PC/Documents/GitHub/Fawaz_ALharbi_test/backend-laravel/vendor/laravel/framework/src/Illuminate/Pipeline/Pipeline.php(144): Illuminate/Routing/Router->Illuminate/Routing/{closure}(Object(Illuminate/Http/Request))
#27 C:/Users/PC/Documents/GitHub/Fawaz_ALharbi_test/backend-laravel/vendor/laravel/framework/src/Illuminate/Routing/Middleware/SubstituteBindings.php(50): Illuminate/Pipeline/Pipeline->Illuminate/Pipeline/{closure}(Object(Illuminate/Http/Request))
#28 C:/Users/PC/Documents/GitHub/Fawaz_ALharbi_test/backend-laravel/vendor/laravel/framework/src/Illuminate/Pipeline/Pipeline.php(183): Illuminate/Routing/Middleware/SubstituteBindings->handle(Object(Illuminate/Http/Request), Object(Closure))
#29 C:/Users/PC/Documents/GitHub/Fawaz_ALharbi_test/backend-laravel/vendor/laravel/framework/src/Illuminate/Routing/Middleware/ThrottleRequests.php(159): Illuminate/Pipeline/Pipeline->Illuminate/Pipeline/{closure}(Object(Illuminate/Http/Request))
#30 C:/Users/PC/Documents/GitHub/Fawaz_ALharbi_test/backend-laravel/vendor/laravel/framework/src/Illuminate/Routing/Middleware/ThrottleRequests.php(135): Illuminate/Routing/Middleware/ThrottleRequests->handleRequest(Object(Illuminate/Http/Request), Object(Closure), Array)
#31 C:/Users/PC/Documents/GitHub/Fawaz_ALharbi_test/backend-laravel/vendor/laravel/framework/src/Illuminate/Routing/Middleware/ThrottleRequests.php(87): Illuminate/Routing/Middleware/ThrottleRequests->handleRequestUsingNamedLimiter(Object(Illuminate/Http/Request), Object(Closure), 'api', Object(Closure))
#32 C:/Users/PC/Documents/GitHub/Fawaz_ALharbi_test/backend-laravel/vendor/laravel/framework/src/Illuminate/Pipeline/Pipeline.php(183): Illuminate/Routing/Middleware/ThrottleRequests->handle(Object(Illuminate/Http/Request), Object(Closure), 'api')
#33 C:/Users/PC/Documents/GitHub/Fawaz_ALharbi_test/backend-laravel/vendor/laravel/framework/src/Illuminate/Pipeline/Pipeline.php(119): Illuminate/Pipeline/Pipeline->Illuminate/Pipeline/{closure}(Object(Illuminate/Http/Request))
#34 C:/Users/PC/Documents/GitHub/Fawaz_ALharbi_test/backend-laravel/vendor/laravel/framework/src/Illuminate/Routing/Router.php(807): Illuminate/Pipeline/Pipeline->then(Object(Closure))
#35 C:/Users/PC/Documents/GitHub/Fawaz_ALharbi_test/backend-laravel/vendor/laravel/framework/src/Illuminate/Routing/Router.php(784): Illuminate/Routing/Router->runRouteWithinStack(Object(Illuminate/Routing/Route), Object(Illuminate/Http/Request))
#36 C:/Users/PC/Documents/GitHub/Fawaz_ALharbi_test/backend-laravel/vendor/laravel/framework/src/Illuminate/Routing/Router.php(748): Illuminate/Routing/Router->runRoute(Object(Illuminate/Http/Request), Object(Illuminate/Routing/Route))
#37 C:/Users/PC/Documents/GitHub/Fawaz_ALharbi_test/backend-laravel/vendor/laravel/framework/src/Illuminate/Routing/Router.php(737): Illuminate/Routing/Router->dispatchToRoute(Object(Illuminate/Http/Request))
#38 C:/Users/PC/Documents/GitHub/Fawaz_ALharbi_test/backend-laravel/vendor/laravel/framework/src/Illuminate/Foundation/Http/Kernel.php(200): Illuminate/Routing/Router->dispatch(Object(Illuminate/Http/Request))
#39 C:/Users/PC/Documents/GitHub/Fawaz_ALharbi_test/backend-laravel/vendor/laravel/framework/src/Illuminate/Pipeline/Pipeline.php(144): Illuminate/Foundation/Http/Kernel->Illuminate/Foundation/Http/{closure}(Object(Illuminate/Http/Request))
#40 C:/Users/PC/Documents/GitHub/Fawaz_ALharbi_test/backend-laravel/vendor/laravel/framework/src/Illuminate/Foundation/Http/Middleware/TransformsRequest.php(21): Illuminate/Pipeline/Pipeline->Illuminate/Pipeline/{closure}(Object(Illuminate/Http/Request))
#41 C:/Users/PC/Documents/GitHub/Fawaz_ALharbi_test/backend-laravel/vendor/laravel/framework/src/Illuminate/Foundation/Http/Middleware/ConvertEmptyStringsToNull.php(31): Illuminate/Foundation/Http/Middleware/TransformsRequest->handle(Object(Illuminate/Http/Request), Object(Closure))
#42 C:/Users/PC/Documents/GitHub/Fawaz_ALharbi_test/backend-laravel/vendor/laravel/framework/src/Illuminate/Pipeline/Pipeline.php(183): Illuminate/Foundation/Http/Middleware/ConvertEmptyStringsToNull->handle(Object(Illuminate/Http/Request), Object(Closure))
#43 C:/Users/PC/Documents/GitHub/Fawaz_ALharbi_test/backend-laravel/vendor/laravel/framework/src/Illuminate/Foundation/Http/Middleware/TransformsRequest.php(21): Illuminate/Pipeline/Pipeline->Illuminate/Pipeline/{closure}(Object(Illuminate/Http/Request))
#44 C:/Users/PC/Documents/GitHub/Fawaz_ALharbi_test/backend-laravel/vendor/laravel/framework/src/Illuminate/Foundation/Http/Middleware/TrimStrings.php(40): Illuminate/Foundation/Http/Middleware/TransformsRequest->handle(Object(Illuminate/Http/Request), Object(Closure))
#45 C:/Users/PC/Documents/GitHub/Fawaz_ALharbi_test/backend-laravel/vendor/laravel/framework/src/Illuminate/Pipeline/Pipeline.php(183): Illuminate/Foundation/Http/Middleware/TrimStrings->handle(Object(Illuminate/Http/Request), Object(Closure))
#46 C:/Users/PC/Documents/GitHub/Fawaz_ALharbi_test/backend-laravel/vendor/laravel/framework/src/Illuminate/Foundation/Http/Middleware/ValidatePostSize.php(27): Illuminate/Pipeline/Pipeline->Illuminate/Pipeline/{closure}(Object(Illuminate/Http/Request))
#47 C:/Users/PC/Documents/GitHub/Fawaz_ALharbi_test/backend-laravel/vendor/laravel/framework/src/Illuminate/Pipeline/Pipeline.php(183): Illuminate/Foundation/Http/Middleware/ValidatePostSize->handle(Object(Illuminate/Http/Request), Object(Closure))
#48 C:/Users/PC/Documents/GitHub/Fawaz_ALharbi_test/backend-laravel/vendor/laravel/framework/src/Illuminate/Foundation/Http/Middleware/PreventRequestsDuringMaintenance.php(99): Illuminate/Pipeline/Pipeline->Illuminate/Pipeline/{closure}(Object(Illuminate/Http/Request))
#49 C:/Users/PC/Documents/GitHub/Fawaz_ALharbi_test/backend-laravel/vendor/laravel/framework/src/Illuminate/Pipeline/Pipeline.php(183): Illuminate/Foundation/Http/Middleware/PreventRequestsDuringMaintenance->handle(Object(Illuminate/Http/Request), Object(Closure))
#50 C:/Users/PC/Documents/GitHub/Fawaz_ALharbi_test/backend-laravel/vendor/laravel/framework/src/Illuminate/Http/Middleware/HandleCors.php(62): Illuminate/Pipeline/Pipeline->Illuminate/Pipeline/{closure}(Object(Illuminate/Http/Request))
#51 C:/Users/PC/Documents/GitHub/Fawaz_ALharbi_test/backend-laravel/vendor/laravel/framework/src/Illuminate/Pipeline/Pipeline.php(183): Illuminate/Http/Middleware/HandleCors->handle(Object(Illuminate/Http/Request), Object(Closure))
#52 C:/Users/PC/Documents/GitHub/Fawaz_ALharbi_test/backend-laravel/vendor/laravel/framework/src/Illuminate/Http/Middleware/TrustProxies.php(39): Illuminate/Pipeline/Pipeline->Illuminate/Pipeline/{closure}(Object(Illuminate/Http/Request))
#53 C:/Users/PC/Documents/GitHub/Fawaz_ALharbi_test/backend-laravel/vendor/laravel/framework/src/Illuminate/Pipeline/Pipeline.php(183): Illuminate/Http/Middleware/TrustProxies->handle(Object(Illuminate/Http/Request), Object(Closure))
#54 C:/Users/PC/Documents/GitHub/Fawaz_ALharbi_test/backend-laravel/vendor/laravel/framework/src/Illuminate/Pipeline/Pipeline.php(119): Illuminate/Pipeline/Pipeline->Illuminate/Pipeline/{closure}(Object(Illuminate/Http/Request))
#55 C:/Users/PC/Documents/GitHub/Fawaz_ALharbi_test/backend-laravel/vendor/laravel/framework/src/Illuminate/Foundation/Http/Kernel.php(175): Illuminate/Pipeline/Pipeline->then(Object(Closure))
#56 C:/Users/PC/Documents/GitHub/Fawaz_ALharbi_test/backend-laravel/vendor/laravel/framework/src/Illuminate/Foundation/Http/Kernel.php(144): Illuminate/Foundation/Http/Kernel->sendRequestThroughRouter(Object(Illuminate/Http/Request))
#57 C:/Users/PC/Documents/GitHub/Fawaz_ALharbi_test/backend-laravel/public/index.php(52): Illuminate/Foundation/Http/Kernel->handle(Object(Illuminate/Http/Request))
#58 C:/Users/PC/Documents/GitHub/Fawaz_ALharbi_test/backend-laravel/vendor/laravel/framework/src/Illuminate/Foundation/resources/server.php(16): require_once('C://Users//PC//Doc...')
#59 {main}
"} 
[2026-08-14 14:35:48] local.ERROR: SQLSTATE[42S02]: Base table or view not found: 1146 Table 'company2_db.roles' doesn't exist (Connection: mysql, SQL: select * from `roles` where (`slug` = super_admin) limit 1) {"exception":"[object] (Illuminate\\Database\\QueryException(code: 42S02): SQLSTATE[42S02]: Base table or view not found: 1146 Table 'company2_db.roles' doesn't exist (Connection: mysql, SQL: select * from `roles` where (`slug` = super_admin) limit 1) at C:/Users/PC/Documents/GitHub/Fawaz_ALharbi_test/backend-laravel/vendor/laravel/framework/src/Illuminate/Database/Connection.php:829)
[stacktrace]
#0 C:/Users/PC/Documents/GitHub/Fawaz_ALharbi_test/backend-laravel/vendor/laravel/framework/src/Illuminate/Database/Connection.php(783): Illuminate/Database/Connection->runQueryCallback('select * from `...', Array, Object(Closure))
#1 C:/Users/PC/Documents/GitHub/Fawaz_ALharbi_test/backend-laravel/vendor/laravel/framework/src/Illuminate/Database/Connection.php(431): Illuminate/Database/Connection->run('select * from `...', Array, Object(Closure))
#2 C:/Users/PC/Documents/GitHub/Fawaz_ALharbi_test/backend-laravel/vendor/laravel/framework/src/Illuminate/Database/Query/Builder.php(2914): Illuminate/Database/Connection->select('select * from `...', Array, true)
#3 C:/Users/PC/Documents/GitHub/Fawaz_ALharbi_test/backend-laravel/vendor/laravel/framework/src/Illuminate/Database/Query/Builder.php(2902): Illuminate/Database/Query/Builder->runSelect()
#4 C:/Users/PC/Documents/GitHub/Fawaz_ALharbi_test/backend-laravel/vendor/laravel/framework/src/Illuminate/Database/Query/Builder.php(3456): Illuminate/Database/Query/Builder->Illuminate/Database/Query/{closure}()
#5 C:/Users/PC/Documents/GitHub/Fawaz_ALharbi_test/backend-laravel/vendor/laravel/framework/src/Illuminate/Database/Query/Builder.php(2903): Illuminate/Database/Query/Builder->onceWithColumns(Array, Object(Closure))
#6 C:/Users/PC/Documents/GitHub/Fawaz_ALharbi_test/backend-laravel/vendor/laravel/framework/src/Illuminate/Database/Eloquent/Builder.php(739): Illuminate/Database/Query/Builder->get(Array)
#7 C:/Users/PC/Documents/GitHub/Fawaz_ALharbi_test/backend-laravel/vendor/laravel/framework/src/Illuminate/Database/Eloquent/Builder.php(723): Illuminate/Database/Eloquent/Builder->getModels(Array)
#8 C:/Users/PC/Documents/GitHub/Fawaz_ALharbi_test/backend-laravel/vendor/laravel/framework/src/Illuminate/Database/Concerns/BuildsQueries.php(333): Illuminate/Database/Eloquent/Builder->get(Array)
#9 C:/Users/PC/Documents/GitHub/Fawaz_ALharbi_test/backend-laravel/vendor/laravel/framework/src/Illuminate/Database/Eloquent/Builder.php(568): Illuminate/Database/Eloquent/Builder->first()
#10 C:/Users/PC/Documents/GitHub/Fawaz_ALharbi_test/backend-laravel/vendor/laravel/framework/src/Illuminate/Support/Traits/ForwardsCalls.php(23): Illuminate/Database/Eloquent/Builder->firstOrCreate(Array, Array)
#11 C:/Users/PC/Documents/GitHub/Fawaz_ALharbi_test/backend-laravel/vendor/laravel/framework/src/Illuminate/Database/Eloquent/Model.php(2335): Illuminate/Database/Eloquent/Model->forwardCallTo(Object(Illuminate/Database/Eloquent/Builder), 'firstOrCreate', Array)
#12 C:/Users/PC/Documents/GitHub/Fawaz_ALharbi_test/backend-laravel/vendor/laravel/framework/src/Illuminate/Database/Eloquent/Model.php(2347): Illuminate/Database/Eloquent/Model->__call('firstOrCreate', Array)
#13 C:/Users/PC/Documents/GitHub/Fawaz_ALharbi_test/backend-laravel/database/seeders/DatabaseSeeder.php(67): Illuminate/Database/Eloquent/Model::__callStatic('firstOrCreate', Array)
#14 C:/Users/PC/Documents/GitHub/Fawaz_ALharbi_test/backend-laravel/vendor/laravel/framework/src/Illuminate/Container/BoundMethod.php(36): Database/Seeders/DatabaseSeeder->run()
#15 C:/Users/PC/Documents/GitHub/Fawaz_ALharbi_test/backend-laravel/vendor/laravel/framework/src/Illuminate/Container/Util.php(41): Illuminate/Container/BoundMethod::Illuminate/Container/{closure}()
#16 C:/Users/PC/Documents/GitHub/Fawaz_ALharbi_test/backend-laravel/vendor/laravel/framework/src/Illuminate/Container/BoundMethod.php(93): Illuminate/Container/Util::unwrapIfClosure(Object(Closure))
#17 C:/Users/PC/Documents/GitHub/Fawaz_ALharbi_test/backend-laravel/vendor/laravel/framework/src/Illuminate/Container/BoundMethod.php(37): Illuminate/Container/BoundMethod::callBoundMethod(Object(Illuminate/Foundation/Application), Array, Object(Closure))
#18 C:/Users/PC/Documents/GitHub/Fawaz_ALharbi_test/backend-laravel/vendor/laravel/framework/src/Illuminate/Container/Container.php(662): Illuminate/Container/BoundMethod::call(Object(Illuminate/Foundation/Application), Array, Array, NULL)
#19 C:/Users/PC/Documents/GitHub/Fawaz_ALharbi_test/backend-laravel/vendor/laravel/framework/src/Illuminate/Database/Seeder.php(184): Illuminate/Container/Container->call(Array, Array)
#20 C:/Users/PC/Documents/GitHub/Fawaz_ALharbi_test/backend-laravel/vendor/laravel/framework/src/Illuminate/Database/Seeder.php(193): Illuminate/Database/Seeder->Illuminate/Database/{closure}()
#21 C:/Users/PC/Documents/GitHub/Fawaz_ALharbi_test/backend-laravel/vendor/laravel/framework/src/Illuminate/Database/Console/Seeds/SeedCommand.php(70): Illuminate/Database/Seeder->__invoke()
#22 C:/Users/PC/Documents/GitHub/Fawaz_ALharbi_test/backend-laravel/vendor/laravel/framework/src/Illuminate/Database/Eloquent/Concerns/GuardsAttributes.php(155): Illuminate/Database/Console/Seeds/SeedCommand->Illuminate/Database/Console/Seeds/{closure}()
#23 C:/Users/PC/Documents/GitHub/Fawaz_ALharbi_test/backend-laravel/vendor/laravel/framework/src/Illuminate/Database/Console/Seeds/SeedCommand.php(71): Illuminate/Database/Eloquent/Model::unguarded(Object(Closure))
#24 C:/Users/PC/Documents/GitHub/Fawaz_ALharbi_test/backend-laravel/vendor/laravel/framework/src/Illuminate/Container/BoundMethod.php(36): Illuminate/Database/Console/Seeds/SeedCommand->handle()
#25 C:/Users/PC/Documents/GitHub/Fawaz_ALharbi_test/backend-laravel/vendor/laravel/framework/src/Illuminate/Container/Util.php(41): Illuminate/Container/BoundMethod::Illuminate/Container/{closure}()
#26 C:/Users/PC/Documents/GitHub/Fawaz_ALharbi_test/backend-laravel/vendor/laravel/framework/src/Illuminate/Container/BoundMethod.php(93): Illuminate/Container/Util::unwrapIfClosure(Object(Closure))
#27 C:/Users/PC/Documents/GitHub/Fawaz_ALharbi_test/backend-laravel/vendor/laravel/framework/src/Illuminate/Container/BoundMethod.php(37): Illuminate/Container/BoundMethod::callBoundMethod(Object(Illuminate/Foundation/Application), Array, Object(Closure))
#28 C:/Users/PC/Documents/GitHub/Fawaz_ALharbi_test/backend-laravel/vendor/laravel/framework/src/Illuminate/Container/Container.php(662): Illuminate/Container/BoundMethod::call(Object(Illuminate/Foundation/Application), Array, Array, NULL)
#29 C:/Users/PC/Documents/GitHub/Fawaz_ALharbi_test/backend-laravel/vendor/laravel/framework/src/Illuminate/Console/Command.php(211): Illuminate/Container/Container->call(Array)
#30 C:/Users/PC/Documents/GitHub/Fawaz_ALharbi_test/backend-laravel/vendor/symfony/console/Command/Command.php(326): Illuminate/Console/Command->execute(Object(Symfony/Component/Console/Input/ArgvInput), Object(Illuminate/Console/OutputStyle))
#31 C:/Users/PC/Documents/GitHub/Fawaz_ALharbi_test/backend-laravel/vendor/laravel/framework/src/Illuminate/Console/Command.php(181): Symfony/Component/Console/Command/Command->run(Object(Symfony/Component/Console/Input/ArgvInput), Object(Illuminate/Console/OutputStyle))
#32 C:/Users/PC/Documents/GitHub/Fawaz_ALharbi_test/backend-laravel/vendor/symfony/console/Application.php(1121): Illuminate/Console/Command->run(Object(Symfony/Component/Console/Input/ArgvInput), Object(Symfony/Component/Console/Output/ConsoleOutput))
#33 C:/Users/PC/Documents/GitHub/Fawaz_ALharbi_test/backend-laravel/vendor/symfony/console/Application.php(324): Symfony/Component/Console/Application->doRunCommand(Object(Illuminate/Database/Console/Seeds/SeedCommand), Object(Symfony/Component/Console/Input/ArgvInput), Object(Symfony/Component/Console/Output/ConsoleOutput))
#34 C:/Users/PC/Documents/GitHub/Fawaz_ALharbi_test/backend-laravel/vendor/symfony/console/Application.php(175): Symfony/Component/Console/Application->doRun(Object(Symfony/Component/Console/Input/ArgvInput), Object(Symfony/Component/Console/Output/ConsoleOutput))
#35 C:/Users/PC/Documents/GitHub/Fawaz_ALharbi_test/backend-laravel/vendor/laravel/framework/src/Illuminate/Foundation/Console/Kernel.php(201): Symfony/Component/Console/Application->run(Object(Symfony/Component/Console/Input/ArgvInput), Object(Symfony/Component/Console/Output/ConsoleOutput))
#36 C:/Users/PC/Documents/GitHub/Fawaz_ALharbi_test/backend-laravel/artisan(37): Illuminate/Foundation/Console/Kernel->handle(Object(Symfony/Component/Console/Input/ArgvInput), Object(Symfony/Component/Console/Output/ConsoleOutput))
#37 {main}

[previous exception] [object] (PDOException(code: 42S02): SQLSTATE[42S02]: Base table or view not found: 1146 Table 'company2_db.roles' doesn't exist at C:/Users/PC/Documents/GitHub/Fawaz_ALharbi_test/backend-laravel/vendor/laravel/framework/src/Illuminate/Database/Connection.php:423)
[stacktrace]
#0 C:/Users/PC/Documents/GitHub/Fawaz_ALharbi_test/backend-laravel/vendor/laravel/framework/src/Illuminate/Database/Connection.php(423): PDO->prepare('select * from `...')
#1 C:/Users/PC/Documents/GitHub/Fawaz_ALharbi_test/backend-laravel/vendor/laravel/framework/src/Illuminate/Database/Connection.php(816): Illuminate/Database/Connection->Illuminate/Database/{closure}('select * from `...', Array)
#2 C:/Users/PC/Documents/GitHub/Fawaz_ALharbi_test/backend-laravel/vendor/laravel/framework/src/Illuminate/Database/Connection.php(783): Illuminate/Database/Connection->runQueryCallback('select * from `...', Array, Object(Closure))
#3 C:/Users/PC/Documents/GitHub/Fawaz_ALharbi_test/backend-laravel/vendor/laravel/framework/src/Illuminate/Database/Connection.php(431): Illuminate/Database/Connection->run('select * from `...', Array, Object(Closure))
#4 C:/Users/PC/Documents/GitHub/Fawaz_ALharbi_test/backend-laravel/vendor/laravel/framework/src/Illuminate/Database/Query/Builder.php(2914): Illuminate/Database/Connection->select('select * from `...', Array, true)
#5 C:/Users/PC/Documents/GitHub/Fawaz_ALharbi_test/backend-laravel/vendor/laravel/framework/src/Illuminate/Database/Query/Builder.php(2902): Illuminate/Database/Query/Builder->runSelect()
#6 C:/Users/PC/Documents/GitHub/Fawaz_ALharbi_test/backend-laravel/vendor/laravel/framework/src/Illuminate/Database/Query/Builder.php(3456): Illuminate/Database/Query/Builder->Illuminate/Database/Query/{closure}()
#7 C:/Users/PC/Documents/GitHub/Fawaz_ALharbi_test/backend-laravel/vendor/laravel/framework/src/Illuminate/Database/Query/Builder.php(2903): Illuminate/Database/Query/Builder->onceWithColumns(Array, Object(Closure))
#8 C:/Users/PC/Documents/GitHub/Fawaz_ALharbi_test/backend-laravel/vendor/laravel/framework/src/Illuminate/Database/Eloquent/Builder.php(739): Illuminate/Database/Query/Builder->get(Array)
#9 C:/Users/PC/Documents/GitHub/Fawaz_ALharbi_test/backend-laravel/vendor/laravel/framework/src/Illuminate/Database/Eloquent/Builder.php(723): Illuminate/Database/Eloquent/Builder->getModels(Array)
#10 C:/Users/PC/Documents/GitHub/Fawaz_ALharbi_test/backend-laravel/vendor/laravel/framework/src/Illuminate/Database/Concerns/BuildsQueries.php(333): Illuminate/Database/Eloquent/Builder->get(Array)
#11 C:/Users/PC/Documents/GitHub/Fawaz_ALharbi_test/backend-laravel/vendor/laravel/framework/src/Illuminate/Database/Eloquent/Builder.php(568): Illuminate/Database/Eloquent/Builder->first()
#12 C:/Users/PC/Documents/GitHub/Fawaz_ALharbi_test/backend-laravel/vendor/laravel/framework/src/Illuminate/Support/Traits/ForwardsCalls.php(23): Illuminate/Database/Eloquent/Builder->firstOrCreate(Array, Array)
#13 C:/Users/PC/Documents/GitHub/Fawaz_ALharbi_test/backend-laravel/vendor/laravel/framework/src/Illuminate/Database/Eloquent/Model.php(2335): Illuminate/Database/Eloquent/Model->forwardCallTo(Object(Illuminate/Database/Eloquent/Builder), 'firstOrCreate', Array)
#14 C:/Users/PC/Documents/GitHub/Fawaz_ALharbi_test/backend-laravel/vendor/laravel/framework/src/Illuminate/Database/Eloquent/Model.php(2347): Illuminate/Database/Eloquent/Model->__call('firstOrCreate', Array)
#15 C:/Users/PC/Documents/GitHub/Fawaz_ALharbi_test/backend-laravel/database/seeders/DatabaseSeeder.php(67): Illuminate/Database/Eloquent/Model::__callStatic('firstOrCreate', Array)
#16 C:/Users/PC/Documents/GitHub/Fawaz_ALharbi_test/backend-laravel/vendor/laravel/framework/src/Illuminate/Container/BoundMethod.php(36): Database/Seeders/DatabaseSeeder->run()
#17 C:/Users/PC/Documents/GitHub/Fawaz_ALharbi_test/backend-laravel/vendor/laravel/framework/src/Illuminate/Container/Util.php(41): Illuminate/Container/BoundMethod::Illuminate/Container/{closure}()
#18 C:/Users/PC/Documents/GitHub/Fawaz_ALharbi_test/backend-laravel/vendor/laravel/framework/src/Illuminate/Container/BoundMethod.php(93): Illuminate/Container/Util::unwrapIfClosure(Object(Closure))
#19 C:/Users/PC/Documents/GitHub/Fawaz_ALharbi_test/backend-laravel/vendor/laravel/framework/src/Illuminate/Container/BoundMethod.php(37): Illuminate/Container/BoundMethod::callBoundMethod(Object(Illuminate/Foundation/Application), Array, Object(Closure))
#20 C:/Users/PC/Documents/GitHub/Fawaz_ALharbi_test/backend-laravel/vendor/laravel/framework/src/Illuminate/Container/Container.php(662): Illuminate/Container/BoundMethod::call(Object(Illuminate/Foundation/Application), Array, Array, NULL)
#21 C:/Users/PC/Documents/GitHub/Fawaz_ALharbi_test/backend-laravel/vendor/laravel/framework/src/Illuminate/Database/Seeder.php(184): Illuminate/Container/Container->call(Array, Array)
#22 C:/Users/PC/Documents/GitHub/Fawaz_ALharbi_test/backend-laravel/vendor/laravel/framework/src/Illuminate/Database/Seeder.php(193): Illuminate/Database/Seeder->Illuminate/Database/{closure}()
#23 C:/Users/PC/Documents/GitHub/Fawaz_ALharbi_test/backend-laravel/vendor/laravel/framework/src/Illuminate/Database/Console/Seeds/SeedCommand.php(70): Illuminate/Database/Seeder->__invoke()
#24 C:/Users/PC/Documents/GitHub/Fawaz_ALharbi_test/backend-laravel/vendor/laravel/framework/src/Illuminate/Database/Eloquent/Concerns/GuardsAttributes.php(155): Illuminate/Database/Console/Seeds/SeedCommand->Illuminate/Database/Console/Seeds/{closure}()
#25 C:/Users/PC/Documents/GitHub/Fawaz_ALharbi_test/backend-laravel/vendor/laravel/framework/src/Illuminate/Database/Console/Seeds/SeedCommand.php(71): Illuminate/Database/Eloquent/Model::unguarded(Object(Closure))
#26 C:/Users/PC/Documents/GitHub/Fawaz_ALharbi_test/backend-laravel/vendor/laravel/framework/src/Illuminate/Container/BoundMethod.php(36): Illuminate/Database/Console/Seeds/SeedCommand->handle()
#27 C:/Users/PC/Documents/GitHub/Fawaz_ALharbi_test/backend-laravel/vendor/laravel/framework/src/Illuminate/Container/Util.php(41): Illuminate/Container/BoundMethod::Illuminate/Container/{closure}()
#28 C:/Users/PC/Documents/GitHub/Fawaz_ALharbi_test/backend-laravel/vendor/laravel/framework/src/Illuminate/Container/BoundMethod.php(93): Illuminate/Container/Util::unwrapIfClosure(Object(Closure))
#29 C:/Users/PC/Documents/GitHub/Fawaz_ALharbi_test/backend-laravel/vendor/laravel/framework/src/Illuminate/Container/BoundMethod.php(37): Illuminate/Container/BoundMethod::callBoundMethod(Object(Illuminate/Foundation/Application), Array, Object(Closure))
#30 C:/Users/PC/Documents/GitHub/Fawaz_ALharbi_test/backend-laravel/vendor/laravel/framework/src/Illuminate/Container/Container.php(662): Illuminate/Container/BoundMethod::call(Object(Illuminate/Foundation/Application), Array, Array, NULL)
#31 C:/Users/PC/Documents/GitHub/Fawaz_ALharbi_test/backend-laravel/vendor/laravel/framework/src/Illuminate/Console/Command.php(211): Illuminate/Container/Container->call(Array)
#32 C:/Users/PC/Documents/GitHub/Fawaz_ALharbi_test/backend-laravel/vendor/symfony/console/Command/Command.php(326): Illuminate/Console/Command->execute(Object(Symfony/Component/Console/Input/ArgvInput), Object(Illuminate/Console/OutputStyle))
#33 C:/Users/PC/Documents/GitHub/Fawaz_ALharbi_test/backend-laravel/vendor/laravel/framework/src/Illuminate/Console/Command.php(181): Symfony/Component/Console/Command/Command->run(Object(Symfony/Component/Console/Input/ArgvInput), Object(Illuminate/Console/OutputStyle))
#34 C:/Users/PC/Documents/GitHub/Fawaz_ALharbi_test/backend-laravel/vendor/symfony/console/Application.php(1121): Illuminate/Console/Command->run(Object(Symfony/Component/Console/Input/ArgvInput), Object(Symfony/Component/Console/Output/ConsoleOutput))
#35 C:/Users/PC/Documents/GitHub/Fawaz_ALharbi_test/backend-laravel/vendor/symfony/console/Application.php(324): Symfony/Component/Console/Application->doRunCommand(Object(Illuminate/Database/Console/Seeds/SeedCommand), Object(Symfony/Component/Console/Input/ArgvInput), Object(Symfony/Component/Console/Output/ConsoleOutput))
#36 C:/Users/PC/Documents/GitHub/Fawaz_ALharbi_test/backend-laravel/vendor/symfony/console/Application.php(175): Symfony/Component/Console/Application->doRun(Object(Symfony/Component/Console/Input/ArgvInput), Object(Symfony/Component/Console/Output/ConsoleOutput))
#37 C:/Users/PC/Documents/GitHub/Fawaz_ALharbi_test/backend-laravel/vendor/laravel/framework/src/Illuminate/Foundation/Console/Kernel.php(201): Symfony/Component/Console/Application->run(Object(Symfony/Component/Console/Input/ArgvInput), Object(Symfony/Component/Console/Output/ConsoleOutput))
#38 C:/Users/PC/Documents/GitHub/Fawaz_ALharbi_test/backend-laravel/artisan(37): Illuminate/Foundation/Console/Kernel->handle(Object(Symfony/Component/Console/Input/ArgvInput), Object(Symfony/Component/Console/Output/ConsoleOutput))
#39 {main}
"} 
